CAD$,,,,,,Revenue,Revenue,Revenue,Revenue,Revenue,Revenue,Revenue,Cost of Goods Sold,Cost of Goods Sold,Cost of Goods Sold,Cost of Goods Sold,Operating Expenses,Operating Expenses,Operating Expenses,Operating Expenses,Operating Expenses,Operating Expenses,Operating Expenses,Operating Expenses,Below The Line,Below The Line,Below The Line,Below The Line,Below The Line,Assets,Assets,Assets,Assets,Assets,Assets,Assets,Assets,Assets,Assets,Assets,Liabilities,Liabilities,Liabilities,Liabilities,Liabilities,Liabilities,Liabilities,Liabilities,Equity,Equity,Equity,,,,,,,,,,,,,,,,,
,,,,,,Product Sales,Product Sales,Product Sales,Service Revenue,Service Revenue,Shipping Rev,Returns/Discount,Materials,Freight In,Direct Labour,Inventory Adjustments,Marketing,Freight Out,Software,Occupancy,Professional Fees,Office/Admin,Other OpEx,Depreciation,Realized FX Gain (Loss),Unrealized FX Gain (Loss),Interest Income,Interest Expense,Income Tax,Cash,Cash,Cash,Accounts Receviable,Accounts Receviable,Accounts Receviable,Inventory,Inventory,Inventory,Prepaids,Property & Equipment,Accounts Payable,Accounts Payable,Accounts Payable,Due to / From Intercompany,Due to / From Intercompany,Unearned Revenue,Taxes Payable,Shareholder Loan,Retained Earnings ,Owner contributions,Owner contributions,,,,,,,,,,,,,,,,,
,,,,,,4000,4000,4000,4100,4100,4200,4300,5000,5100,5200,5300,6000,6100,6200,6300,6400,6500,6600,7000,8000,8100,8200,8300,8400,1000,1000,1000,1100,1100,1100,1200,1200,1200,1300,1400,2000,2000,2000,2100,2100,2200,2300,2400,3000,3100,3100,,,,,,,,,,,,,,,,,
Posted Date,Description,Ref,Amount,Balance,,NOBL,LBNA/XM,Interco,Interco,XM,Shipping Rev,Returns/Discount,Materials,Freight In,Direct Labour,Inventory Adjustments,Marketing,Freight Out,Software,Occupancy,Professional Fees,Office/Admin,Other OpEx,Depreciation,Realized FX Gain (Loss),Unrealized FX Gain (Loss),Interest Income,Interest Expense,Income Tax,Cash Sweep In,Cash Sweep Out,Cash Sweep Visa,Trade,Interco,XM,General,Interco,XM,Prepaids,Property & Equipment,Trade,Interco,XM,Due From,Due To,Unearned Revenue,Taxes Payable,Shareholder Loan,Retained Earnings ,Owner contributions,Owner draws,Total,,Transfer ID,Transfer  To/From ,FX Register,usd$,,,,,,,,,,,TRF Seq
2025-07-31,OPENING BALANCE,,0,58735.77,,,,,,,,,,,,,,,,,,,,,,,,,,,,,,,,,,,,,,,,,,,,,,,,0,,,,,,,,,,,,,,,,
2025-08-01,Monthly fee,,-6,58729.77,,,,,,,,,,,,,,,,,,,6,,,,,,,,,,,,,,,,,,,,,,,,,,,,,0,,,,,,,,,,,,,,,,
2025-08-04,AMX DEP12233920,,52.61,58782.38,,-52.61,,,,,,,,,,,,,,,,,,,,,,,,,,,,,,,,,,,,,,,,,,,,,,0,,,,,,,,,,,,,,,,
2025-08-04,Business PAD KATIE THIESSEN 7736307,,"-1,988.64","56,793.74",,,,,,,,,,,,,,,,,,,"1,988.64",,,,,,,,,,,,,,,,,,,,,,,,,,,,,0.00,,,,,,,,,,,,,,,,
2025-08-04,MC DEP 12233920,,120.49,"56,914.23",,-120.49,,,,,,,,,,,,,,,,,,,,,,,,,,,,,,,,,,,,,,,,,,,,,,0,,,,,,,,,,,,,,,,
2025-08-04,MC DEP 12233920,,232.82,"57,147.05",,-232.82,,,,,,,,,,,,,,,,,,,,,,,,,,,,,,,,,,,,,,,,,,,,,,0,,,,,,,,,,,,,,,,
2025-08-04,MC FEE 12233920,,-0.01,"57,147.04",,,,,,,,,,,,,,,,,,,0.01,,,,,,,,,,,,,,,,,,,,,,,,,,,,,0,,,,,,,,,,,,,,,,
2025-08-04,MC FEE 12233920,,-3.66,"57,143.38",,,,,,,,,,,,,,,,,,,3.66,,,,,,,,,,,,,,,,,,,,,,,,,,,,,0,,,,,,,,,,,,,,,,
2025-08-04,MC FEE 12233920,,-6.43,"57,136.95",,,,,,,,,,,,,,,,,,,6.43,,,,,,,,,,,,,,,,,,,,,,,,,,,,,0,,,,,,,,,,,,,,,,
2025-08-04,Misc Payment PAYPAL,,125.95,"57,262.90",,-125.95,,,,,,,,,,,,,,,,,,,,,,,,,,,,,,,,,,,,,,,,,,,,,,0,,,,,,,,,,,,,,,,
2025-08-04,VSA DEP12233920,,110.11,"57,373.01",,-110.11,,,,,,,,,,,,,,,,,,,,,,,,,,,,,,,,,,,,,,,,,,,,,,0,,,,,,,,,,,,,,,,
2025-08-04,VSA DEP12233920,,161.36,"57,534.37",,-161.36,,,,,,,,,,,,,,,,,,,,,,,,,,,,,,,,,,,,,,,,,,,,,,0,,,,,,,,,,,,,,,,
2025-08-04,VSA DEP12233920,,"1,134.00","58,668.37",,"-1,134.00",,,,,,,,,,,,,,,,,,,,,,,,,,,,,,,,,,,,,,,,,,,,,,0.00,,,,,,,,,,,,,,,,
2025-08-04,VSA FEE12233920,,-1.94,"58,666.43",,,,,,,,,,,,,,,,,,,1.94,,,,,,,,,,,,,,,,,,,,,,,,,,,,,0,,,,,,,,,,,,,,,,
2025-08-04,VSA FEE12233920,,-3.19,"58,663.24",,,,,,,,,,,,,,,,,,,3.19,,,,,,,,,,,,,,,,,,,,,,,,,,,,,0,,,,,,,,,,,,,,,,
2025-08-04,VSA FEE12233920,,-18.89,"58,644.35",,,,,,,,,,,,,,,,,,,18.89,,,,,,,,,,,,,,,,,,,,,,,,,,,,,0,,,,,,,,,,,,,,,,
2025-08-05,Business PAD Clearbridge Bus,,-884.8,"57,759.55",,,,,,,,,,,,,,,,,,,884.8,,,,,,,,,,,,,,,,,,,,,,,,,,,,,0,,,,,,,,,,,,,,,,
2025-08-05,Federal Payment CANADA,,"-1,665.37","56,094.18",,,,,,,,,,,,,,,,,,,"1,665.37",,,,,,,,,,,,,,,,,,,,,,,,,,,,,0.00,,,,,,,,,,,,,,,,
2025-08-05,MC DEP 12233920,,48.75,"56,142.93",,-48.75,,,,,,,,,,,,,,,,,,,,,,,,,,,,,,,,,,,,,,,,,,,,,,0,,,,,,,,,,,,,,,,
2025-08-05,MC DEP 12374336,,67.18,"56,210.11",,-67.18,,,,,,,,,,,,,,,,,,,,,,,,,,,,,,,,,,,,,,,,,,,,,,0,,,,,,,,,,,,,,,,
2025-08-05,MC FEE 12233920,,-1.37,"56,208.74",,,,,,,,,,,,,,,,,,,1.37,,,,,,,,,,,,,,,,,,,,,,,,,,,,,0,,,,,,,,,,,,,,,,
2025-08-05,Prov/Local Gvt Payment PROVINCE OF BC,,"-7,905.60","48,303.14",,,,,,,,,,,,,,,,,,,"7,905.60",,,,,,,,,,,,,,,,,,,,,,,,,,,,,0.00,,,,,,,,,,,,,,,,
2025-08-05,VSA DEP12233920,,80.57,"48,383.71",,-80.57,,,,,,,,,,,,,,,,,,,,,,,,,,,,,,,,,,,,,,,,,,,,,,0,,,,,,,,,,,,,,,,
2025-08-05,VSA DEP12374336,,44.79,"48,428.50",,-44.79,,,,,,,,,,,,,,,,,,,,,,,,,,,,,,,,,,,,,,,,,,,,,,0,,,,,,,,,,,,,,,,
2025-08-05,VSA FEE12233920,,-1.64,"48,426.86",,,,,,,,,,,,,,,,,,,1.64,,,,,,,,,,,,,,,,,,,,,,,,,,,,,0,,,,,,,,,,,,,,,,
2025-08-06,Activity fee,,-465.5,"47,961.36",,,,,,,,,,,,,,,,,,,465.5,,,,,,,,,,,,,,,,,,,,,,,,,,,,,0,,,,,,,,,,,,,,,,
2025-08-06,Business PAD Clearbridge Bus,,-322.88,"47,638.48",,,,,,,,,,,,,,,,,,,322.88,,,,,,,,,,,,,,,,,,,,,,,,,,,,,0,,,,,,,,,,,,,,,,
2025-08-06,MC FEE 12233920,,-0.15,"47,638.33",,,,,,,,,,,,,,,,,,,0.15,,,,,,,,,,,,,,,,,,,,,,,,,,,,,0,,,,,,,,,,,,,,,,
2025-08-06,Payroll Deposit INTUIT 07547378 PAYROLL,,-747.29,"46,891.04",,,,,,,,,,,,,,,,,,,747.29,,,,,,,,,,,,,,,,,,,,,,,,,,,,,0,,,,,,,,,,,,,,,,
2025-08-06,Payroll Deposit INTUIT 07547378 PAYROLL,,-874.03,"46,017.01",,,,,,,,,,,,,,,,,,,874.03,,,,,,,,,,,,,,,,,,,,,,,,,,,,,0,,,,,,,,,,,,,,,,
2025-08-06,Payroll Deposit INTUIT 07547378 PAYROLL,,"-1,231.38","44,785.63",,,,,,,,,,,,,,,,,,,"1,231.38",,,,,,,,,,,,,,,,,,,,,,,,,,,,,0.00,,,,,,,,,,,,,,,,
2025-08-06,Payroll Deposit INTUIT 07547378 PAYROLL,,"-1,383.00","43,402.63",,,,,,,,,,,,,,,,,,,"1,383.00",,,,,,,,,,,,,,,,,,,,,,,,,,,,,0.00,,,,,,,,,,,,,,,,
2025-08-06,Payroll Deposit INTUIT 07547378 PAYROLL,,"-1,442.84","41,959.79",,,,,,,,,,,,,,,,,,,"1,442.84",,,,,,,,,,,,,,,,,,,,,,,,,,,,,0.00,,,,,,,,,,,,,,,,
2025-08-06,Payroll Deposit INTUIT 07547378 PAYROLL,,"-1,482.74","40,477.05",,,,,,,,,,,,,,,,,,,"1,482.74",,,,,,,,,,,,,,,,,,,,,,,,,,,,,0.00,,,,,,,,,,,,,,,,
2025-08-06,Payroll Deposit INTUIT 07547378 PAYROLL,,"-1,677.83","38,799.22",,,,,,,,,,,,,,,,,,,"1,677.83",,,,,,,,,,,,,,,,,,,,,,,,,,,,,0.00,,,,,,,,,,,,,,,,
2025-08-06,Payroll Deposit INTUIT 07547378 PAYROLL,,"-1,703.23","37,095.99",,,,,,,,,,,,,,,,,,,"1,703.23",,,,,,,,,,,,,,,,,,,,,,,,,,,,,0.00,,,,,,,,,,,,,,,,
2025-08-06,Payroll Deposit INTUIT 07547378 PAYROLL,,"-1,792.51","35,303.48",,,,,,,,,,,,,,,,,,,"1,792.51",,,,,,,,,,,,,,,,,,,,,,,,,,,,,0.00,,,,,,,,,,,,,,,,
2025-08-06,Payroll Deposit INTUIT 07547378 PAYROLL,,"-1,792.51","33,510.97",,,,,,,,,,,,,,,,,,,"1,792.51",,,,,,,,,,,,,,,,,,,,,,,,,,,,,0.00,,,,,,,,,,,,,,,,
2025-08-06,Payroll Deposit INTUIT 07547378 PAYROLL,,"-1,963.46","31,547.51",,,,,,,,,,,,,,,,,,,"1,963.46",,,,,,,,,,,,,,,,,,,,,,,,,,,,,0.00,,,,,,,,,,,,,,,,
2025-08-06,Payroll Deposit INTUIT 07547378 PAYROLL,,"-1,977.48","29,570.03",,,,,,,,,,,,,,,,,,,"1,977.48",,,,,,,,,,,,,,,,,,,,,,,,,,,,,0.00,,,,,,,,,,,,,,,,
2025-08-06,Payroll Deposit INTUIT 07547378 PAYROLL,,"-2,089.18","27,480.85",,,,,,,,,,,,,,,,,,,"2,089.18",,,,,,,,,,,,,,,,,,,,,,,,,,,,,0.00,,,,,,,,,,,,,,,,
2025-08-06,Payroll Deposit INTUIT 07547378 PAYROLL,,"-2,089.71","25,391.14",,,,,,,,,,,,,,,,,,,"2,089.71",,,,,,,,,,,,,,,,,,,,,,,,,,,,,0.00,,,,,,,,,,,,,,,,
2025-08-06,Payroll Deposit INTUIT 07547378 PAYROLL,,"-2,089.71","23,301.43",,,,,,,,,,,,,,,,,,,"2,089.71",,,,,,,,,,,,,,,,,,,,,,,,,,,,,0.00,,,,,,,,,,,,,,,,
2025-08-06,Payroll Deposit INTUIT 07547378 PAYROLL,,"-2,194.65","21,106.78",,,,,,,,,,,,,,,,,,,"2,194.65",,,,,,,,,,,,,,,,,,,,,,,,,,,,,0.00,,,,,,,,,,,,,,,,
2025-08-06,Payroll Deposit INTUIT 07547378 PAYROLL,,"-2,605.30","18,501.48",,,,,,,,,,,,,,,,,,,"2,605.30",,,,,,,,,,,,,,,,,,,,,,,,,,,,,0.00,,,,,,,,,,,,,,,,
2025-08-06,Payroll Deposit INTUIT 07547378 PAYROLL,,"-2,677.22","15,824.26",,,,,,,,,,,,,,,,,,,"2,677.22",,,,,,,,,,,,,,,,,,,,,,,,,,,,,0.00,,,,,,,,,,,,,,,,
2025-08-06,VSA DEP12233920,,"3,783.57","19,607.83",,"-3,783.57",,,,,,,,,,,,,,,,,,,,,,,,,,,,,,,,,,,,,,,,,,,,,,0.00,,,,,,,,,,,,,,,,
2025-08-06,VSA DEP12374336,,44.78,"19,652.61",,-44.78,,,,,,,,,,,,,,,,,,,,,,,,,,,,,,,,,,,,,,,,,,,,,,0,,,,,,,,,,,,,,,,
2025-08-06,VSA FEE12233920,,-68.72,"19,583.89",,,,,,,,,,,,,,,,,,,68.72,,,,,,,,,,,,,,,,,,,,,,,,,,,,,0,,,,,,,,,,,,,,,,
2025-08-07,EF0807 12374336,,104.35,"19,688.24",,-104.35,,,,,,,,,,,,,,,,,,,,,,,,,,,,,,,,,,,,,,,,,,,,,,0,,,,,,,,,,,,,,,,
2025-08-07,MC DEP 12233920,,"2,478.70","22,166.94",,"-2,478.70",,,,,,,,,,,,,,,,,,,,,,,,,,,,,,,,,,,,,,,,,,,,,,0.00,,,,,,,,,,,,,,,,
2025-08-07,MC DEP 12374336,,190.5,"22,357.44",,-190.5,,,,,,,,,,,,,,,,,,,,,,,,,,,,,,,,,,,,,,,,,,,,,,0,,,,,,,,,,,,,,,,
2025-08-07,MC FEE 12233920,,-52.26,"22,305.18",,,,,,,,,,,,,,,,,,,52.26,,,,,,,,,,,,,,,,,,,,,,,,,,,,,0,,,,,,,,,,,,,,,,
2025-08-07,VSA DEP12233920,,"5,445.99","27,751.17",,"-5,445.99",,,,,,,,,,,,,,,,,,,,,,,,,,,,,,,,,,,,,,,,,,,,,,0.00,,,,,,,,,,,,,,,,
2025-08-07,VSA FEE12233920,,-154.31,"27,596.86",,,,,,,,,,,,,,,,,,,154.31,,,,,,,,,,,,,,,,,,,,,,,,,,,,,0,,,,,,,,,,,,,,,,
2025-08-08,Bill Payment FortisBC Energy,,-65.54,"27,531.32",,,,,,,,,,,,,,,,,,,65.54,,,,,,,,,,,,,,,,,,,,,,,,,,,,,0,,,,,,,,,,,,,,,,
2025-08-08,MC DEP 12374336,,107.52,"27,638.84",,-107.52,,,,,,,,,,,,,,,,,,,,,,,,,,,,,,,,,,,,,,,,,,,,,,0,,,,,,,,,,,,,,,,
2025-08-08,MC FEE 12233920,,-0.13,"27,638.71",,,,,,,,,,,,,,,,,,,0.13,,,,,,,,,,,,,,,,,,,,,,,,,,,,,0,,,,,,,,,,,,,,,,
2025-08-08,VSA DEP12233920,,348.94,"27,987.65",,-348.94,,,,,,,,,,,,,,,,,,,,,,,,,,,,,,,,,,,,,,,,,,,,,,0,,,,,,,,,,,,,,,,
2025-08-08,VSA FEE12233920,,-6.86,"27,980.79",,,,,,,,,,,,,,,,,,,6.86,,,,,,,,,,,,,,,,,,,,,,,,,,,,,0,,,,,,,,,,,,,,,,
2025-08-11,Online Banking payment - 2337,CYCLES LAMBERT,-589.02,"27,391.77",,,,,,,,,,,,,,,,,,,,,,,,,,,,,,,,,589.02,,,,,,,,,,,,,,,0,,,,,,,,,,,,,,,,
2025-08-11,Credit memo,FT916148563,9626.4,"37,018.17",,,,,,,,,,,,,,,,,,,,,,,,,,-9626.4,,,,,,,,,,,,,,,,,,,,,,0,,TRF-001,CAN 1015 USD$,Y,6998.3928,,,,,,,,,,,1
2025-08-11,Misc Payment,HSA CAD CAN,-18.81,"36,999.36",,,,,,,,,,,,,,,,,,,18.81,,,,,,,,,,,,,,,,,,,,,,,,,,,,,0,,,,,,,,,,,,,,,,
2025-08-11,AMX DEP12233920,,880.66,"37,880.02",,-880.66,,,,,,,,,,,,,,,,,,,,,,,,,,,,,,,,,,,,,,,,,,,,,,0,,,,,,,,,,,,,,,,
2025-08-11,EF0811 12374336,,22.39,"37,902.41",,-22.39,,,,,,,,,,,,,,,,,,,,,,,,,,,,,,,,,,,,,,,,,,,,,,0,,,,,,,,,,,,,,,,
2025-08-11,MC DEP 12233920,,1534.58,"39,436.99",,-1534.58,,,,,,,,,,,,,,,,,,,,,,,,,,,,,,,,,,,,,,,,,,,,,,0,,,,,,,,,,,,,,,,
2025-08-11,MC FEE 12233920,,-28.9,"39,408.09",,,,,,,,,,,,,,,,,,,28.9,,,,,,,,,,,,,,,,,,,,,,,,,,,,,0,,,,,,,,,,,,,,,,
2025-08-11,MC FEE 12233920,,-0.06,"39,408.03",,,,,,,,,,,,,,,,,,,0.06,,,,,,,,,,,,,,,,,,,,,,,,,,,,,0,,,,,,,,,,,,,,,,
2025-08-11,MON FEE12233920,,-52.52,"39,355.51",,,,,,,,,,,,,,,,,,,52.52,,,,,,,,,,,,,,,,,,,,,,,,,,,,,0,,,,,,,,,,,,,,,,
2025-08-11,Online transfer sent - 8645,,-7500,"31,855.51",,,,,,,,,,,,,,,,,,,7500,,,,,,,,,,,,,,,,,,,,,,,,,,,,,0,,,,,,,,,,,,,,,,
2025-08-11,VSA DEP12233920,,2764.31,"34,619.82",,-2764.31,,,,,,,,,,,,,,,,,,,,,,,,,,,,,,,,,,,,,,,,,,,,,,0,,,,,,,,,,,,,,,,
2025-08-11,VSA DEP12233920,,1855.53,"36,475.35",,-1855.53,,,,,,,,,,,,,,,,,,,,,,,,,,,,,,,,,,,,,,,,,,,,,,0,,,,,,,,,,,,,,,,
2025-08-11,VSA DEP12374336,,167.57,"36,642.92",,-167.57,,,,,,,,,,,,,,,,,,,,,,,,,,,,,,,,,,,,,,,,,,,,,,0,,,,,,,,,,,,,,,,
2025-08-11,VSA FEE12233920,,-59.2,"36,583.72",,,,,,,,,,,,,,,,,,,59.2,,,,,,,,,,,,,,,,,,,,,,,,,,,,,0,,,,,,,,,,,,,,,,
2025-08-11,VSA FEE12233920,,-48.5,"36,535.22",,,,,,,,,,,,,,,,,,,48.5,,,,,,,,,,,,,,,,,,,,,,,,,,,,,0,,,,,,,,,,,,,,,,
2025-08-11,VSA FEE12233920,,-0.08,"36,535.14",,,,,,,,,,,,,,,,,,,0.08,,,,,,,,,,,,,,,,,,,,,,,,,,,,,0,,,,,,,,,,,,,,,,
2025-08-12,Direct Deposits (PDS) service total,GRADS8318600000,-983.18,"35,551.96",,,,,,,,,,,,,,,,,,,983.18,,,,,,,,,,,,,,,,,,,,,,,,,,,,,0,,,,,,,,,,,,,,,,
2025-08-12,e-Transfer sent,Hunter Ramey,-416,"35,135.96",,,,,,,,,,,,,,,,,,,416,,,,,,,,,,,,,,,,,,,,,,,,,,,,,0,,,,,,,,,,,,,,,,
2025-08-12,MC DEP 12233920,,188.24,"35,324.20",,-188.24,,,,,,,,,,,,,,,,,,,,,,,,,,,,,,,,,,,,,,,,,,,,,,0,,,,,,,,,,,,,,,,
2025-08-12,MC FEE 12233920,,-3.93,"35,320.27",,,,,,,,,,,,,,,,,,,3.93,,,,,,,,,,,,,,,,,,,,,,,,,,,,,0,,,,,,,,,,,,,,,,
2025-08-12,VSA DEP12233920,,3576.69,"38,896.96",,-3576.69,,,,,,,,,,,,,,,,,,,,,,,,,,,,,,,,,,,,,,,,,,,,,,0,,,,,,,,,,,,,,,,
2025-08-12,VSA FEE12233920,,-65.81,"38,831.15",,,,,,,,,,,,,,,,,,,65.81,,,,,,,,,,,,,,,,,,,,,,,,,,,,,0,,,,,,,,,,,,,,,,
2025-08-13,Misc Payment,HSA CAD CAN,-36.43,"38,794.72",,,,,,,,,,,,,,,,,,,36.43,,,,,,,,,,,,,,,,,,,,,,,,,,,,,0,,,,,,,,,,,,,,,,
2025-08-13,Payroll Deposit,PAYROLL,-21303.4,"17,491.32",,,,,,,,,,,,,,,,,,,21303.4,,,,,,,,,,,,,,,,,,,,,,,,,,,,,0,,,,,,,,,,,,,,,,
2025-08-13,EF0813 12374336,,360.63,"17,851.95",,-360.63,,,,,,,,,,,,,,,,,,,,,,,,,,,,,,,,,,,,,,,,,,,,,,0,,,,,,,,,,,,,,,,
2025-08-13,MC DEP 12233920,,1671.52,"19,523.47",,-1671.52,,,,,,,,,,,,,,,,,,,,,,,,,,,,,,,,,,,,,,,,,,,,,,0,,,,,,,,,,,,,,,,
2025-08-13,MC FEE 12233920,,-30.56,"19,492.91",,,,,,,,,,,,,,,,,,,30.56,,,,,,,,,,,,,,,,,,,,,,,,,,,,,0,,,,,,,,,,,,,,,,
2025-08-13,Online transfer sent - 9563,,-7500,"11,992.91",,,,,,,,,,,,,,,,,,,7500,,,,,,,,,,,,,,,,,,,,,,,,,,,,,0,,,,,,,,,,,,,,,,
2025-08-13,VSA DEP12233920,,1258.68,"13,251.59",,-1258.68,,,,,,,,,,,,,,,,,,,,,,,,,,,,,,,,,,,,,,,,,,,,,,0,,,,,,,,,,,,,,,,
2025-08-13,VSA DEP12374336,,22.39,"13,273.98",,-22.39,,,,,,,,,,,,,,,,,,,,,,,,,,,,,,,,,,,,,,,,,,,,,,0,,,,,,,,,,,,,,,,
2025-08-13,VSA FEE12233920,,-26.07,"13,247.91",,,,,,,,,,,,,,,,,,,26.07,,,,,,,,,,,,,,,,,,,,,,,,,,,,,0,,,,,,,,,,,,,,,,
2025-08-14,Online Banking payment - 4181,CUMBERLAND-UTIL,-360.89,"12,887.02",,,,,,,,,,,,,,,,,,,,,,,,,,,,,,,,,360.89,,,,,,,,,,,,,,,0,,,,,,,,,,,,,,,,
2025-08-14,Direct Deposits (PDS) service total,GRADS8318600000,-525,"12,362.02",,,,,,,,,,,,,,,,,,,525,,,,,,,,,,,,,,,,,,,,,,,,,,,,,0,,,,,,,,,,,,,,,,
2025-08-14,ATM deposit - BD656384,,22,"12,384.02",,,,,,,,,,,,,,,,,,,-22,,,,,,,,,,,,,,,,,,,,,,,,,,,,,0,,,,,,,,,,,,,,,,
2025-08-14,ATM deposit - BD656385,,139.53,"12,523.55",,,,,,,,,,,,,,,,,,,-139.53,,,,,,,,,,,,,,,,,,,,,,,,,,,,,0,,,,,,,,,,,,,,,,
2025-08-14,MC DEP 12233920,,1757.64,"14,281.19",,-1757.64,,,,,,,,,,,,,,,,,,,,,,,,,,,,,,,,,,,,,,,,,,,,,,0,,,,,,,,,,,,,,,,
2025-08-14,MC DEP 12374336,,26.87,"14,308.06",,-26.87,,,,,,,,,,,,,,,,,,,,,,,,,,,,,,,,,,,,,,,,,,,,,,0,,,,,,,,,,,,,,,,
2025-08-14,MC FEE 12233920,,-39.12,"14,268.94",,,,,,,,,,,,,,,,,,,39.12,,,,,,,,,,,,,,,,,,,,,,,,,,,,,0,,,,,,,,,,,,,,,,
2025-08-14,VSA DEP12233920,,6913.09,"21,182.03",,-6913.09,,,,,,,,,,,,,,,,,,,,,,,,,,,,,,,,,,,,,,,,,,,,,,0,,,,,,,,,,,,,,,,
2025-08-14,VSA DEP12374336,,51.23,"21,233.26",,-51.23,,,,,,,,,,,,,,,,,,,,,,,,,,,,,,,,,,,,,,,,,,,,,,0,,,,,,,,,,,,,,,,
2025-08-14,VSA FEE12233920,,-135.96,"21,097.30",,,,,,,,,,,,,,,,,,,135.96,,,,,,,,,,,,,,,,,,,,,,,,,,,,,0,,,,,,,,,,,,,,,,
2025-08-15,Misc Payment,RBC CREDIT CARD,-658,"20,439.30",,,,,,,,,,,,,,,,,,,,,,,,,,,,658,,,,,,,,,,,,,,,,,,,,0,,TRF-V5-001,CAN 2130 CAD,,,,,,,,,,,,,2
2025-08-15,Misc Payment,RBC CREDIT CARD,-19404.79,"1,034.51",,,,,,,,,,,,,,,,,,,,,,,,,,,,19404.79,,,,,,,,,,,,,,,,,,,,0,,TRF-V4-001,CAN 2110 CAD,N,,,,,,,,,,,,3
2025-08-15,VSA DEP12233920,,4976.96,"6,011.47",,-4976.96,,,,,,,,,,,,,,,,,,,,,,,,,,,,,,,,,,,,,,,,,,,,,,0,,,,,,,,,,,,,,,,
2025-08-15,VSA FEE12233920,,-95.54,"5,915.93",,,,,,,,,,,,,,,,,,,95.54,,,,,,,,,,,,,,,,,,,,,,,,,,,,,0,,,,,,,,,,,,,,,,
2025-08-18,Credit memo,FT916169966,6202.8,"12,118.73",,,,,,,,,,,,,,,,,,,,,,,,,,-6202.8,,,,,,,,,,,,,,,,,,,,,,0,,TRF-006,CAN 1015 USD$,Y,4509.4356,,,,,,,,,,,4
2025-08-18,Misc Payment,HSA CAD CAN,-303.73,"11,815.00",,,,,,,,,,,,,,,,,,,303.73,,,,,,,,,,,,,,,,,,,,,,,,,,,,,0,,,,,,,,,,,,,,,,
2025-08-18,Business PAD,KATIE THIESSEN,-1988.64,"9,826.36",,,,,,,,,,,,,,,,,,,1988.64,,,,,,,,,,,,,,,,,,,,,,,,,,,,,0,,,,,,,,,,,,,,,,
2025-08-18,Misc Payment,PAYPAL,101.9,"9,928.26",,-101.9,,,,,,,,,,,,,,,,,,,,,,,,,,,,,,,,,,,,,,,,,,,,,,0,,,,,,,,,,,,,,,,
2025-08-18,AMX DEP12233920,,99.03,"10,027.29",,-99.03,,,,,,,,,,,,,,,,,,,,,,,,,,,,,,,,,,,,,,,,,,,,,,0,,,,,,,,,,,,,,,,
2025-08-18,MC DEP 12233920,,257.26,"10,284.55",,-257.26,,,,,,,,,,,,,,,,,,,,,,,,,,,,,,,,,,,,,,,,,,,,,,0,,,,,,,,,,,,,,,,
2025-08-18,MC DEP 12374336,,1.68,"10,286.23",,-1.68,,,,,,,,,,,,,,,,,,,,,,,,,,,,,,,,,,,,,,,,,,,,,,0,,,,,,,,,,,,,,,,
2025-08-18,MC FEE 12233920,,-5.8,"10,280.43",,,,,,,,,,,,,,,,,,,5.8,,,,,,,,,,,,,,,,,,,,,,,,,,,,,0,,,,,,,,,,,,,,,,
2025-08-18,MC FEE 12233920,,-0.06,"10,280.37",,,,,,,,,,,,,,,,,,,0.06,,,,,,,,,,,,,,,,,,,,,,,,,,,,,0,,,,,,,,,,,,,,,,
2025-08-18,VSA DEP12233920,,183.42,"10,463.79",,-183.42,,,,,,,,,,,,,,,,,,,,,,,,,,,,,,,,,,,,,,,,,,,,,,0,,,,,,,,,,,,,,,,
2025-08-18,VSA DEP12374336,,14.55,"10,478.34",,-14.55,,,,,,,,,,,,,,,,,,,,,,,,,,,,,,,,,,,,,,,,,,,,,,0,,,,,,,,,,,,,,,,
2025-08-18,VSA FEE12233920,,-3.57,"10,474.77",,,,,,,,,,,,,,,,,,,3.57,,,,,,,,,,,,,,,,,,,,,,,,,,,,,0,,,,,,,,,,,,,,,,
2025-08-18,VSA FEE12233920,,-0.13,"10,474.64",,,,,,,,,,,,,,,,,,,0.13,,,,,,,,,,,,,,,,,,,,,,,,,,,,,0,,,,,,,,,,,,,,,,
2025-08-19,Overdraft interest,@ RBP+05.00%P.A,-0.9,"10,473.74",,,,,,,,,,,,,,,,,,,0.9,,,,,,,,,,,,,,,,,,,,,,,,,,,,,0,,,,,,,,,,,,,,,,
2025-08-19,GST,CANADA,6304.57,"16,778.31",,,,,,,,,,,,,,,,,,,-6304.57,,,,,,,,,,,,,,,,,,,,,,,,,,,,,0,,,,,,,,,,,,,,,,
2025-08-19,Payroll Deposit,INTUIT 07704456,-3403.77,"13,374.54",,,,,,,,,,,,,,,,,,,3403.77,,,,,,,,,,,,,,,,,,,,,,,,,,,,,0,,,,,,,,,,,,,,,,
2025-08-19,Payroll Deposit,INTUIT 07704456,-2838.45,"10,536.09",,,,,,,,,,,,,,,,,,,2838.45,,,,,,,,,,,,,,,,,,,,,,,,,,,,,0,,,,,,,,,,,,,,,,
2025-08-19,Payroll Deposit,INTUIT 07704456,-2089.71,"8,446.38",,,,,,,,,,,,,,,,,,,2089.71,,,,,,,,,,,,,,,,,,,,,,,,,,,,,0,,,,,,,,,,,,,,,,
2025-08-19,Payroll Deposit,INTUIT 07704456,-2089.18,"6,357.20",,,,,,,,,,,,,,,,,,,2089.18,,,,,,,,,,,,,,,,,,,,,,,,,,,,,0,,,,,,,,,,,,,,,,
2025-08-19,Payroll Deposit,INTUIT 07704456,-1963.46,"4,393.74",,,,,,,,,,,,,,,,,,,1963.46,,,,,,,,,,,,,,,,,,,,,,,,,,,,,0,,,,,,,,,,,,,,,,
2025-08-19,Payroll Deposit,INTUIT 07704456,-1963.46,"2,430.28",,,,,,,,,,,,,,,,,,,1963.46,,,,,,,,,,,,,,,,,,,,,,,,,,,,,0,,,,,,,,,,,,,,,,
2025-08-19,Payroll Deposit,INTUIT 07704456,-1895.8,534.48,,,,,,,,,,,,,,,,,,,1895.8,,,,,,,,,,,,,,,,,,,,,,,,,,,,,0,,,,,,,,,,,,,,,,
2025-08-19,Payroll Deposit,INTUIT 07704456,-1837.22,"-1,302.74",,,,,,,,,,,,,,,,,,,1837.22,,,,,,,,,,,,,,,,,,,,,,,,,,,,,0,,,,,,,,,,,,,,,,
2025-08-19,Payroll Deposit,INTUIT 07704456,-1792.51,"-3,095.25",,,,,,,,,,,,,,,,,,,1792.51,,,,,,,,,,,,,,,,,,,,,,,,,,,,,0,,,,,,,,,,,,,,,,
2025-08-19,Payroll Deposit,INTUIT 07704456,-1792.51,"-4,887.76",,,,,,,,,,,,,,,,,,,1792.51,,,,,,,,,,,,,,,,,,,,,,,,,,,,,0,,,,,,,,,,,,,,,,
2025-08-19,Payroll Deposit,INTUIT 07704456,-1703.23,"-6,590.99",,,,,,,,,,,,,,,,,,,1703.23,,,,,,,,,,,,,,,,,,,,,,,,,,,,,0,,,,,,,,,,,,,,,,
2025-08-19,Payroll Deposit,INTUIT 07704456,-1677.83,"-8,268.82",,,,,,,,,,,,,,,,,,,1677.83,,,,,,,,,,,,,,,,,,,,,,,,,,,,,0,,,,,,,,,,,,,,,,
2025-08-19,Payroll Deposit,INTUIT 07704456,-1498.3,"-9,767.12",,,,,,,,,,,,,,,,,,,1498.3,,,,,,,,,,,,,,,,,,,,,,,,,,,,,0,,,,,,,,,,,,,,,,
2025-08-19,Payroll Deposit,INTUIT 07704456,-1468.28,"-11,235.40",,,,,,,,,,,,,,,,,,,1468.28,,,,,,,,,,,,,,,,,,,,,,,,,,,,,0,,,,,,,,,,,,,,,,
2025-08-19,Payroll Deposit,INTUIT 07704456,-1442.84,"-12,678.24",,,,,,,,,,,,,,,,,,,1442.84,,,,,,,,,,,,,,,,,,,,,,,,,,,,,0,,,,,,,,,,,,,,,,
2025-08-19,Payroll Deposit,INTUIT 07704456,-1282.03,"-13,960.27",,,,,,,,,,,,,,,,,,,1282.03,,,,,,,,,,,,,,,,,,,,,,,,,,,,,0,,,,,,,,,,,,,,,,
2025-08-19,Payroll Deposit,INTUIT 07704456,-1259.88,"-15,220.15",,,,,,,,,,,,,,,,,,,1259.88,,,,,,,,,,,,,,,,,,,,,,,,,,,,,0,,,,,,,,,,,,,,,,
2025-08-19,Payroll Deposit,INTUIT 07704456,-977.66,"-16,197.81",,,,,,,,,,,,,,,,,,,977.66,,,,,,,,,,,,,,,,,,,,,,,,,,,,,0,,,,,,,,,,,,,,,,
2025-08-19,Payroll Deposit,INTUIT 07704456,-292.63,"-16,490.44",,,,,,,,,,,,,,,,,,,292.63,,,,,,,,,,,,,,,,,,,,,,,,,,,,,0,,,,,,,,,,,,,,,,
2025-08-19,Misc Payment,SPLITIT,-9.08,"-16,499.52",,,,,,,,,,,,,,,,,,,9.08,,,,,,,,,,,,,,,,,,,,,,,,,,,,,0,,,,,,,,,,,,,,,,
2025-08-19,MC DEP 12233920,,2338.09,"-14,161.43",,-2338.09,,,,,,,,,,,,,,,,,,,,,,,,,,,,,,,,,,,,,,,,,,,,,,0,,,,,,,,,,,,,,,,
2025-08-19,MC FEE 12233920,,-47.38,"-14,208.81",,,,,,,,,,,,,,,,,,,47.38,,,,,,,,,,,,,,,,,,,,,,,,,,,,,0,,,,,,,,,,,,,,,,
2025-08-19,VSA DEP12233920,,1532.67,"-12,676.14",,-1532.67,,,,,,,,,,,,,,,,,,,,,,,,,,,,,,,,,,,,,,,,,,,,,,0,,,,,,,,,,,,,,,,
2025-08-19,VSA DEP12374336,,255.08,"-12,421.06",,-255.08,,,,,,,,,,,,,,,,,,,,,,,,,,,,,,,,,,,,,,,,,,,,,,0,,,,,,,,,,,,,,,,
2025-08-19,VSA FEE12233920,,-29.46,"-12,450.52",,,,,,,,,,,,,,,,,,,29.46,,,,,,,,,,,,,,,,,,,,,,,,,,,,,0,,,,,,,,,,,,,,,,
2025-08-20,Credit memo,FT916178487,13844,"1,393.48",,,,,,,,,,,,,,,,,,,,,,,,,,-13844,,,,,,,,,,,,,,,,,,,,,,0,,TRF-007,CAN 1015 USD$,Y,10064.588,,,,,,,,,,,5
2025-08-20,Direct Deposits (PDS) service total,GRADS8318600000,-525,868.48,,,,,,,,,,,,,,,,,,,525,,,,,,,,,,,,,,,,,,,,,,,,,,,,,0,,,,,,,,,,,,,,,,
2025-08-20,Misc Payment,HSA CAD CAN,-110.63,757.85,,,,,,,,,,,,,,,,,,,110.63,,,,,,,,,,,,,,,,,,,,,,,,,,,,,0,,,,,,,,,,,,,,,,
2025-08-20,LOAN CREDIT,,15000,"15,757.85",,,,,,,,,,,,,,,,,,,,,,,,,,-15000,,,,,,,,,,,,,,,,,,,,,,0,,TRF-008,CAN 1050 CAD$,N,,,,,,,,,,,,6
2025-08-20,MC DEP 12233920,,2070.96,"17,828.81",,-2070.96,,,,,,,,,,,,,,,,,,,,,,,,,,,,,,,,,,,,,,,,,,,,,,0,,,,,,,,,,,,,,,,
2025-08-20,MC FEE 12233920,,-42.02,"17,786.79",,,,,,,,,,,,,,,,,,,42.02,,,,,,,,,,,,,,,,,,,,,,,,,,,,,0,,,,,,,,,,,,,,,,
2025-08-20,VSA DEP12233920,,75.45,"17,862.24",,-75.45,,,,,,,,,,,,,,,,,,,,,,,,,,,,,,,,,,,,,,,,,,,,,,0,,,,,,,,,,,,,,,,
2025-08-20,VSA FEE12233920,,-1.51,"17,860.73",,,,,,,,,,,,,,,,,,,1.51,,,,,,,,,,,,,,,,,,,,,,,,,,,,,0,,,,,,,,,,,,,,,,
2025-08-21,Other loan,Loan interest,-6.79,"17,853.94",,,,,,,,,,,,,,,,,,,6.79,,,,,,,,,,,,,,,,,,,,,,,,,,,,,0,,,,,,,,,,,,,,,,
2025-08-21,LOAN PAYMENT,,-15000,"2,853.94",,,,,,,,,,,,,,,,,,,,,,,,,,,15000,,,,,,,,,,,,,,,,,,,,,0,,TRF-009,CAN 1050 CAD$,N,,,,,,,,,,,,7
2025-08-21,MC DEP 12233920,,145.43,"2,999.37",,-145.43,,,,,,,,,,,,,,,,,,,,,,,,,,,,,,,,,,,,,,,,,,,,,,0,,,,,,,,,,,,,,,,
2025-08-21,MC DEP 12374336,,85.68,"3,085.05",,-85.68,,,,,,,,,,,,,,,,,,,,,,,,,,,,,,,,,,,,,,,,,,,,,,0,,,,,,,,,,,,,,,,
2025-08-21,MC FEE 12233920,,-3.14,"3,081.91",,,,,,,,,,,,,,,,,,,3.14,,,,,,,,,,,,,,,,,,,,,,,,,,,,,0,,,,,,,,,,,,,,,,
2025-08-21,VSA DEP12233920,,2536.56,"5,618.47",,-2536.56,,,,,,,,,,,,,,,,,,,,,,,,,,,,,,,,,,,,,,,,,,,,,,0,,,,,,,,,,,,,,,,
2025-08-21,VSA DEP12374336,,35.28,"5,653.75",,-35.28,,,,,,,,,,,,,,,,,,,,,,,,,,,,,,,,,,,,,,,,,,,,,,0,,,,,,,,,,,,,,,,
2025-08-21,VSA FEE12233920,,-54.38,"5,599.37",,,,,,,,,,,,,,,,,,,54.38,,,,,,,,,,,,,,,,,,,,,,,,,,,,,0,,,,,,,,,,,,,,,,
2025-08-22,EF0822 12374336,,130.99,"5,730.36",,-130.99,,,,,,,,,,,,,,,,,,,,,,,,,,,,,,,,,,,,,,,,,,,,,,0,,,,,,,,,,,,,,,,
2025-08-22,MC DEP 12233920,,2627.43,"8,357.79",,-2627.43,,,,,,,,,,,,,,,,,,,,,,,,,,,,,,,,,,,,,,,,,,,,,,0,,,,,,,,,,,,,,,,
2025-08-22,MC DEP 12374336,,2995.98,"11,353.77",,-2995.98,,,,,,,,,,,,,,,,,,,,,,,,,,,,,,,,,,,,,,,,,,,,,,0,,,,,,,,,,,,,,,,
2025-08-22,MC FEE 12233920,,-60.71,"11,293.06",,,,,,,,,,,,,,,,,,,60.71,,,,,,,,,,,,,,,,,,,,,,,,,,,,,0,,,,,,,,,,,,,,,,
2025-08-22,VSA DEP12233920,,2637.41,"13,930.47",,-2637.41,,,,,,,,,,,,,,,,,,,,,,,,,,,,,,,,,,,,,,,,,,,,,,0,,,,,,,,,,,,,,,,
2025-08-22,VSA FEE12233920,,-50.45,"13,880.02",,,,,,,,,,,,,,,,,,,50.45,,,,,,,,,,,,,,,,,,,,,,,,,,,,,0,,,,,,,,,,,,,,,,
2025-08-25,Misc Payment,PAYPAL,1219.41,"15,099.43",,-1219.41,,,,,,,,,,,,,,,,,,,,,,,,,,,,,,,,,,,,,,,,,,,,,,0,,,,,,,,,,,,,,,,
2025-08-25,Business PAD,SPECIALIZED,-3628.8,"11,470.63",,,,,,,,,,,,,,,,,,,,,,,,,,,,,,,,,3628.8,,,,,,,,,,,,,,,0,,,,,,,,,,,,,,,,
2025-08-25,EF0825 12374336,,39.18,"11,509.81",,-39.18,,,,,,,,,,,,,,,,,,,,,,,,,,,,,,,,,,,,,,,,,,,,,,0,,,,,,,,,,,,,,,,
2025-08-25,MC DEP 12233920,,-65.9,"11,443.91",,65.9,,,,,,,,,,,,,,,,,,,,,,,,,,,,,,,,,,,,,,,,,,,,,,0,,,,,,,,,,,,,,,,
2025-08-25,MC DEP 12374336,,61.58,"11,505.49",,-61.58,,,,,,,,,,,,,,,,,,,,,,,,,,,,,,,,,,,,,,,,,,,,,,0,,,,,,,,,,,,,,,,
2025-08-25,MC FEE 12233920,,-0.05,"11,505.44",,,,,,,,,,,,,,,,,,,0.05,,,,,,,,,,,,,,,,,,,,,,,,,,,,,0,,,,,,,,,,,,,,,,
2025-08-25,MC FEE 12233920,,0.45,"11,505.89",,,,,,,,,,,,,,,,,,,-0.45,,,,,,,,,,,,,,,,,,,,,,,,,,,,,0,,,,,,,,,,,,,,,,
2025-08-25,VSA DEP12233920,,2487.8,"13,993.69",,-2487.8,,,,,,,,,,,,,,,,,,,,,,,,,,,,,,,,,,,,,,,,,,,,,,0,,,,,,,,,,,,,,,,
2025-08-25,VSA DEP12233920,,188.26,"14,181.95",,-188.26,,,,,,,,,,,,,,,,,,,,,,,,,,,,,,,,,,,,,,,,,,,,,,0,,,,,,,,,,,,,,,,
2025-08-25,VSA DEP12233920,,77.5,"14,259.45",,-77.5,,,,,,,,,,,,,,,,,,,,,,,,,,,,,,,,,,,,,,,,,,,,,,0,,,,,,,,,,,,,,,,
2025-08-25,VSA FEE12233920,,-53.94,"14,205.51",,,,,,,,,,,,,,,,,,,53.94,,,,,,,,,,,,,,,,,,,,,,,,,,,,,0,,,,,,,,,,,,,,,,
2025-08-25,VSA FEE12233920,,-2.88,"14,202.63",,,,,,,,,,,,,,,,,,,2.88,,,,,,,,,,,,,,,,,,,,,,,,,,,,,0,,,,,,,,,,,,,,,,
2025-08-25,VSA FEE12233920,,-2.11,"14,200.52",,,,,,,,,,,,,,,,,,,2.11,,,,,,,,,,,,,,,,,,,,,,,,,,,,,0,,,,,,,,,,,,,,,,
2025-08-26,EF0826 12374336,,33.59,"14,234.11",,-33.59,,,,,,,,,,,,,,,,,,,,,,,,,,,,,,,,,,,,,,,,,,,,,,0,,,,,,,,,,,,,,,,
2025-08-26,MON FEE12233920,,-58.31,"14,175.80",,,,,,,,,,,,,,,,,,,58.31,,,,,,,,,,,,,,,,,,,,,,,,,,,,,0,,,,,,,,,,,,,,,,
2025-08-26,VSA DEP12233920,,6024.85,"20,200.65",,-6024.85,,,,,,,,,,,,,,,,,,,,,,,,,,,,,,,,,,,,,,,,,,,,,,0,,,,,,,,,,,,,,,,
2025-08-26,VSA DEP12374336,,62.83,"20,263.48",,-62.83,,,,,,,,,,,,,,,,,,,,,,,,,,,,,,,,,,,,,,,,,,,,,,0,,,,,,,,,,,,,,,,
2025-08-26,VSA FEE12233920,,-141.24,"20,122.24",,,,,,,,,,,,,,,,,,,141.24,,,,,,,,,,,,,,,,,,,,,,,,,,,,,0,,,,,,,,,,,,,,,,
2025-08-27,VSA DEP12233920,,209.31,"20,331.55",,-209.31,,,,,,,,,,,,,,,,,,,,,,,,,,,,,,,,,,,,,,,,,,,,,,0,,,,,,,,,,,,,,,,
2025-08-27,VSA FEE12233920,,-4.08,"20,327.47",,,,,,,,,,,,,,,,,,,4.08,,,,,,,,,,,,,,,,,,,,,,,,,,,,,0,,,,,,,,,,,,,,,,
2025-08-28,Business PAD,Clearbridge Bus,-3641.67,"16,685.80",,,,,,,,,,,,,,,,,,,3641.67,,,,,,,,,,,,,,,,,,,,,,,,,,,,,0,,,,,,,,,,,,,,,,
2025-08-28,AMX DEP12233920,,14.33,"16,700.13",,-14.33,,,,,,,,,,,,,,,,,,,,,,,,,,,,,,,,,,,,,,,,,,,,,,0,,,,,,,,,,,,,,,,
2025-08-28,MC DEP 12374336,,316.04,"17,016.17",,-316.04,,,,,,,,,,,,,,,,,,,,,,,,,,,,,,,,,,,,,,,,,,,,,,0,,,,,,,,,,,,,,,,
2025-08-28,VSA DEP12233920,,53.76,"17,069.93",,-53.76,,,,,,,,,,,,,,,,,,,,,,,,,,,,,,,,,,,,,,,,,,,,,,0,,,,,,,,,,,,,,,,
2025-08-28,VSA DEP12374336,,175.79,"17,245.72",,-175.79,,,,,,,,,,,,,,,,,,,,,,,,,,,,,,,,,,,,,,,,,,,,,,0,,,,,,,,,,,,,,,,
2025-08-28,VSA FEE12233920,,-0.93,"17,244.79",,,,,,,,,,,,,,,,,,,0.93,,,,,,,,,,,,,,,,,,,,,,,,,,,,,0,,,,,,,,,,,,,,,,
2025-08-29,Business PAD,Clearbridge Bus,-3641.67,"13,603.12",,,,,,,,,,,,,,,,,,,3641.67,,,,,,,,,,,,,,,,,,,,,,,,,,,,,0,,,,,,,,,,,,,,,,
2025-08-29,AMX DEP12233920,,18.95,"13,622.07",,-18.95,,,,,,,,,,,,,,,,,,,,,,,,,,,,,,,,,,,,,,,,,,,,,,0,,,,,,,,,,,,,,,,
2025-08-29,EF0829 12374336,,114.14,"13,736.21",,-114.14,,,,,,,,,,,,,,,,,,,,,,,,,,,,,,,,,,,,,,,,,,,,,,0,,,,,,,,,,,,,,,,
2025-08-29,MC DEP 12374336,,478.96,"14,215.17",,-478.96,,,,,,,,,,,,,,,,,,,,,,,,,,,,,,,,,,,,,,,,,,,,,,0,,,,,,,,,,,,,,,,
2025-08-29,MC FEE 12233920,,-0.06,"14,215.11",,,,,,,,,,,,,,,,,,,0.06,,,,,,,,,,,,,,,,,,,,,,,,,,,,,0,,,,,,,,,,,,,,,,
2025-08-29,VSA DEP12233920,,1951,"16,166.11",,-1951,,,,,,,,,,,,,,,,,,,,,,,,,,,,,,,,,,,,,,,,,,,,,,0,,,,,,,,,,,,,,,,
2025-08-29,VSA DEP12374336,,1974.75,"18,140.86",,-1974.75,,,,,,,,,,,,,,,,,,,,,,,,,,,,,,,,,,,,,,,,,,,,,,0,,,,,,,,,,,,,,,,
2025-08-29,VSA FEE12233920,,-38,"18,102.86",,,,,,,,,,,,,,,,,,,38,,,,,,,,,,,,,,,,,,,,,,,,,,,,,0,,,,,,,,,,,,,,,,
2025-09-02,Insurance Loan,FIRST INSURANCE,-4401.12,"13,701.74",,,,,,,,,,,,,,,,,,,4401.12,,,,,,,,,,,,,,,,,,,,,,,,,,,,,0,,,,,,,,,,,,,,,,
2025-09-02,Misc Payment,HSA CAD CAN,-275.7,"13,426.04",,,,,,,,,,,,,,,,,,,275.7,,,,,,,,,,,,,,,,,,,,,,,,,,,,,0,,,,,,,,,,,,,,,,
2025-09-02,Business PAD,KATIE THIESSEN,-1988.64,"11,437.40",,,,,,,,,,,,,,,,,,,1988.64,,,,,,,,,,,,,,,,,,,,,,,,,,,,,0,,,,,,,,,,,,,,,,
2025-09-02,Misc Payment,PAYPAL,145.9,"11,583.30",,-145.9,,,,,,,,,,,,,,,,,,,,,,,,,,,,,,,,,,,,,,,,,,,,,,0,,,,,,,,,,,,,,,,
2025-09-02,AMX DEP12233920,,1490.61,"13,073.91",,-1490.61,,,,,,,,,,,,,,,,,,,,,,,,,,,,,,,,,,,,,,,,,,,,,,0,,,,,,,,,,,,,,,,
2025-09-02,AMX FEE12233920,,-30.96,"13,042.95",,,,,,,,,,,,,,,,,,,30.96,,,,,,,,,,,,,,,,,,,,,,,,,,,,,0,,,,,,,,,,,,,,,,
2025-09-02,EF0902 12374336,,56.11,"13,099.06",,-56.11,,,,,,,,,,,,,,,,,,,,,,,,,,,,,,,,,,,,,,,,,,,,,,0,,,,,,,,,,,,,,,,
2025-09-02,INT FEE12374336,,-1.4,"13,097.66",,,,,,,,,,,,,,,,,,,1.4,,,,,,,,,,,,,,,,,,,,,,,,,,,,,0,,,,,,,,,,,,,,,,
2025-09-02,MC DEP 12233920,,98.5,"13,196.16",,-98.5,,,,,,,,,,,,,,,,,,,,,,,,,,,,,,,,,,,,,,,,,,,,,,0,,,,,,,,,,,,,,,,
2025-09-02,MC FEE 12233920,,-14.02,"13,182.14",,,,,,,,,,,,,,,,,,,14.02,,,,,,,,,,,,,,,,,,,,,,,,,,,,,0,,,,,,,,,,,,,,,,
2025-09-02,MC FEE 12233920,,-2.26,"13,179.88",,,,,,,,,,,,,,,,,,,2.26,,,,,,,,,,,,,,,,,,,,,,,,,,,,,0,,,,,,,,,,,,,,,,
2025-09-02,MC FEE 12233920,,-0.06,"13,179.82",,,,,,,,,,,,,,,,,,,0.06,,,,,,,,,,,,,,,,,,,,,,,,,,,,,0,,,,,,,,,,,,,,,,
2025-09-02,MC FEE 12374336,,-62.51,"13,117.31",,,,,,,,,,,,,,,,,,,62.51,,,,,,,,,,,,,,,,,,,,,,,,,,,,,0,,,,,,,,,,,,,,,,
2025-09-02,MON FEE12233920,,-27.3,"13,090.01",,,,,,,,,,,,,,,,,,,27.3,,,,,,,,,,,,,,,,,,,,,,,,,,,,,0,,,,,,,,,,,,,,,,
2025-09-02,MON FEE12344503,,-27.3,"13,062.71",,,,,,,,,,,,,,,,,,,27.3,,,,,,,,,,,,,,,,,,,,,,,,,,,,,0,,,,,,,,,,,,,,,,
2025-09-02,MON FEE12374336,,-45.5,"13,017.21",,,,,,,,,,,,,,,,,,,45.5,,,,,,,,,,,,,,,,,,,,,,,,,,,,,0,,,,,,,,,,,,,,,,
2025-09-02,VSA DEP12233920,,5045.22,"18,062.43",,-5045.22,,,,,,,,,,,,,,,,,,,,,,,,,,,,,,,,,,,,,,,,,,,,,,0,,,,,,,,,,,,,,,,
2025-09-02,VSA DEP12233920,,631.18,"18,693.61",,-631.18,,,,,,,,,,,,,,,,,,,,,,,,,,,,,,,,,,,,,,,,,,,,,,0,,,,,,,,,,,,,,,,
2025-09-02,VSA FEE12233920,,-94.53,"18,599.08",,,,,,,,,,,,,,,,,,,94.53,,,,,,,,,,,,,,,,,,,,,,,,,,,,,0,,,,,,,,,,,,,,,,
2025-09-02,VSA FEE12233920,,-12.37,"18,586.71",,,,,,,,,,,,,,,,,,,12.37,,,,,,,,,,,,,,,,,,,,,,,,,,,,,0,,,,,,,,,,,,,,,,
2025-09-02,VSA FEE12233920,,-0.24,"18,586.47",,,,,,,,,,,,,,,,,,,0.24,,,,,,,,,,,,,,,,,,,,,,,,,,,,,0,,,,,,,,,,,,,,,,
2025-09-02,VSA FEE12233920,,-0.24,"18,586.23",,,,,,,,,,,,,,,,,,,0.24,,,,,,,,,,,,,,,,,,,,,,,,,,,,,0,,,,,,,,,,,,,,,,
2025-09-02,VSA FEE12374336,,-59.65,"18,526.58",,,,,,,,,,,,,,,,,,,59.65,,,,,,,,,,,,,,,,,,,,,,,,,,,,,0,,,,,,,,,,,,,,,,
2025-09-03,Federal Payment,CANADA,-6136.49,"12,390.09",,,,,,,,,,,,,,,,,,,6136.49,,,,,,,,,,,,,,,,,,,,,,,,,,,,,0,,,,,,,,,,,,,,,,
2025-09-03,Business PAD,Clearbridge Bus,-884.8,"11,505.29",,,,,,,,,,,,,,,,,,,884.8,,,,,,,,,,,,,,,,,,,,,,,,,,,,,0,,,,,,,,,,,,,,,,
2025-09-03,Payroll Deposit,INTUIT 07878397,-3382.83,"8,122.46",,,,,,,,,,,,,,,,,,,3382.83,,,,,,,,,,,,,,,,,,,,,,,,,,,,,0,,,,,,,,,,,,,,,,
2025-09-03,Payroll Deposit,INTUIT 07878397,-2721.63,"5,400.83",,,,,,,,,,,,,,,,,,,2721.63,,,,,,,,,,,,,,,,,,,,,,,,,,,,,0,,,,,,,,,,,,,,,,
2025-09-03,Payroll Deposit,INTUIT 07878397,-2675.77,"2,725.06",,,,,,,,,,,,,,,,,,,2675.77,,,,,,,,,,,,,,,,,,,,,,,,,,,,,0,,,,,,,,,,,,,,,,
2025-09-03,Payroll Deposit,INTUIT 07878397,-2089.71,635.35,,,,,,,,,,,,,,,,,,,2089.71,,,,,,,,,,,,,,,,,,,,,,,,,,,,,0,,,,,,,,,,,,,,,,
2025-09-03,Payroll Deposit,INTUIT 07878397,-2089.18,"-1,453.83",,,,,,,,,,,,,,,,,,,2089.18,,,,,,,,,,,,,,,,,,,,,,,,,,,,,0,,,,,,,,,,,,,,,,
2025-09-03,Payroll Deposit,INTUIT 07878397,-1963.46,"-3,417.29",,,,,,,,,,,,,,,,,,,1963.46,,,,,,,,,,,,,,,,,,,,,,,,,,,,,0,,,,,,,,,,,,,,,,
2025-09-03,Payroll Deposit,INTUIT 07878397,-1963.46,"-5,380.75",,,,,,,,,,,,,,,,,,,1963.46,,,,,,,,,,,,,,,,,,,,,,,,,,,,,0,,,,,,,,,,,,,,,,
2025-09-03,Payroll Deposit,INTUIT 07878397,-1867.86,"-7,248.61",,,,,,,,,,,,,,,,,,,1867.86,,,,,,,,,,,,,,,,,,,,,,,,,,,,,0,,,,,,,,,,,,,,,,
2025-09-03,Payroll Deposit,INTUIT 07878397,-1792.51,"-9,041.12",,,,,,,,,,,,,,,,,,,1792.51,,,,,,,,,,,,,,,,,,,,,,,,,,,,,0,,,,,,,,,,,,,,,,
2025-09-03,Payroll Deposit,INTUIT 07878397,-1792.51,"-10,833.63",,,,,,,,,,,,,,,,,,,1792.51,,,,,,,,,,,,,,,,,,,,,,,,,,,,,0,,,,,,,,,,,,,,,,
2025-09-03,Payroll Deposit,INTUIT 07878397,-1703.23,"-12,536.86",,,,,,,,,,,,,,,,,,,1703.23,,,,,,,,,,,,,,,,,,,,,,,,,,,,,0,,,,,,,,,,,,,,,,
2025-09-03,Payroll Deposit,INTUIT 07878397,-1677.83,"-14,214.69",,,,,,,,,,,,,,,,,,,1677.83,,,,,,,,,,,,,,,,,,,,,,,,,,,,,0,,,,,,,,,,,,,,,,
2025-09-03,Payroll Deposit,INTUIT 07878397,-1502.67,"-15,717.36",,,,,,,,,,,,,,,,,,,1502.67,,,,,,,,,,,,,,,,,,,,,,,,,,,,,0,,,,,,,,,,,,,,,,
2025-09-03,Payroll Deposit,INTUIT 07878397,-1442.84,"-17,160.20",,,,,,,,,,,,,,,,,,,1442.84,,,,,,,,,,,,,,,,,,,,,,,,,,,,,0,,,,,,,,,,,,,,,,
2025-09-03,Payroll Deposit,INTUIT 07878397,-1396.63,"-18,556.83",,,,,,,,,,,,,,,,,,,1396.63,,,,,,,,,,,,,,,,,,,,,,,,,,,,,0,,,,,,,,,,,,,,,,
2025-09-03,Payroll Deposit,INTUIT 07878397,-1370.44,"-19,927.27",,,,,,,,,,,,,,,,,,,1370.44,,,,,,,,,,,,,,,,,,,,,,,,,,,,,0,,,,,,,,,,,,,,,,
2025-09-03,Payroll Deposit,INTUIT 07878397,-1343.73,"-21,271.00",,,,,,,,,,,,,,,,,,,1343.73,,,,,,,,,,,,,,,,,,,,,,,,,,,,,0,,,,,,,,,,,,,,,,
2025-09-03,Payroll Deposit,INTUIT 07878397,-1113.63,"-22,384.63",,,,,,,,,,,,,,,,,,,1113.63,,,,,,,,,,,,,,,,,,,,,,,,,,,,,0,,,,,,,,,,,,,,,,
2025-09-03,Payroll Deposit,INTUIT 07878397,-830.65,"-23,215.28",,,,,,,,,,,,,,,,,,,830.65,,,,,,,,,,,,,,,,,,,,,,,,,,,,,0,,,,,,,,,,,,,,,,
2025-09-03,e-Transfer sent,Remy's e-transfer,-9121.88,"-32,337.16",,,,,,,,,,,,,,,,,,,9121.88,,,,,,,,,,,,,,,,,,,,,,,,,,,,,0,,,,,,,,,,,,,,,,
2025-09-03,EF0903 12374336,,53.76,"-32,283.40",,-53.76,,,,,,,,,,,,,,,,,,,,,,,,,,,,,,,,,,,,,,,,,,,,,,0,,,,,,,,,,,,,,,,
2025-09-03,MC DEP 12233920,,400.01,"-31,883.39",,-400.01,,,,,,,,,,,,,,,,,,,,,,,,,,,,,,,,,,,,,,,,,,,,,,0,,,,,,,,,,,,,,,,
2025-09-03,MC FEE 12233920,,-7.42,"-31,890.81",,,,,,,,,,,,,,,,,,,7.42,,,,,,,,,,,,,,,,,,,,,,,,,,,,,0,,,,,,,,,,,,,,,,
2025-09-03,Monthly fee,,-6,"-31,896.81",,,,,,,,,,,,,,,,,,,6,,,,,,,,,,,,,,,,,,,,,,,,,,,,,0,,,,,,,,,,,,,,,,
2025-09-03,VSA DEP12233920,,3941.51,"-27,955.30",,-3941.51,,,,,,,,,,,,,,,,,,,,,,,,,,,,,,,,,,,,,,,,,,,,,,0,,,,,,,,,,,,,,,,
2025-09-03,VSA DEP12374336,,30.44,"-27,924.86",,-30.44,,,,,,,,,,,,,,,,,,,,,,,,,,,,,,,,,,,,,,,,,,,,,,0,,,,,,,,,,,,,,,,
2025-09-03,VSA FEE12233920,,-85.08,"-28,009.94",,,,,,,,,,,,,,,,,,,85.08,,,,,,,,,,,,,,,,,,,,,,,,,,,,,0,,,,,,,,,,,,,,,,
2025-09-04,Credit memo,FT916229604,41418,"13,408.06",,,,,,,,,,,,,,,,,,,,,,,,,,-41418,,,,,,,,,,,,,,,,,,,,,,0,,TRF-074,CAN 1015 USD,Y,30110.886,,,,,,,,,,,8
2025-09-04,e-Transfer sent,Nolan Weiss,-972.83,"12,435.23",,,,,,,,,,,,,,,,,,,972.83,,,,,,,,,,,,,,,,,,,,,,,,,,,,,0,,,,,,,,,,,,,,,,
2025-09-04,AMX DEP12233920,,79.66,"12,514.89",,-79.66,,,,,,,,,,,,,,,,,,,,,,,,,,,,,,,,,,,,,,,,,,,,,,0,,,,,,,,,,,,,,,,
2025-09-04,LOAN CREDIT,,25000,"37,514.89",,,,,,,,,,,,,,,,,,,,,,,,,,-25000,,,,,,,,,,,,,,,,,,,,,,0,,TRF-010,CAN 1050 CAD$,N,18175,,,,,,,,,,,9
2025-09-04,MC DEP 12233920,,571.96,"38,086.85",,-571.96,,,,,,,,,,,,,,,,,,,,,,,,,,,,,,,,,,,,,,,,,,,,,,0,,,,,,,,,,,,,,,,
2025-09-04,MC DEP 12374336,,98.65,"38,185.50",,-98.65,,,,,,,,,,,,,,,,,,,,,,,,,,,,,,,,,,,,,,,,,,,,,,0,,,,,,,,,,,,,,,,
2025-09-04,MC FEE 12233920,,-11.62,"38,173.88",,,,,,,,,,,,,,,,,,,11.62,,,,,,,,,,,,,,,,,,,,,,,,,,,,,0,,,,,,,,,,,,,,,,
2025-09-04,VSA DEP12233920,,64.01,"38,237.89",,-64.01,,,,,,,,,,,,,,,,,,,,,,,,,,,,,,,,,,,,,,,,,,,,,,0,,,,,,,,,,,,,,,,
2025-09-04,VSA FEE12233920,,-1.42,"38,236.47",,,,,,,,,,,,,,,,,,,1.42,,,,,,,,,,,,,,,,,,,,,,,,,,,,,0,,,,,,,,,,,,,,,,
2025-09-05,Online Banking payment - 3374,CYCLES LAMBERT,-545.57,"37,690.90",,,,,,,,,,,,,,,,,,,,,,,,,,,,,,,,,545.57,,,,,,,,,,,,,,,0,,,,,,,,,,,,,,,,
2025-09-05,Misc Payment,HSA CAD CAN,-20.25,"37,670.65",,,,,,,,,,,,,,,,,,,20.25,,,,,,,,,,,,,,,,,,,,,,,,,,,,,0,,,,,,,,,,,,,,,,
2025-09-05,Payroll Deposit,INTUIT 07924781,-536.46,"37,134.19",,,,,,,,,,,,,,,,,,,536.46,,,,,,,,,,,,,,,,,,,,,,,,,,,,,0,,,,,,,,,,,,,,,,
2025-09-05,Payroll Deposit,INTUIT 07924781,-438.38,"36,695.81",,,,,,,,,,,,,,,,,,,438.38,,,,,,,,,,,,,,,,,,,,,,,,,,,,,0,,,,,,,,,,,,,,,,
2025-09-05,Activity fee,,-303,"36,392.81",,,,,,,,,,,,,,,,,,,303,,,,,,,,,,,,,,,,,,,,,,,,,,,,,0,,,,,,,,,,,,,,,,
2025-09-05,Cheque over limit fees,,-5,"36,387.81",,,,,,,,,,,,,,,,,,,5,,,,,,,,,,,,,,,,,,,,,,,,,,,,,0,,,,,,,,,,,,,,,,
2025-09-05,EF0905 12374336,,40.98,"36,428.79",,-40.98,,,,,,,,,,,,,,,,,,,,,,,,,,,,,,,,,,,,,,,,,,,,,,0,,,,,,,,,,,,,,,,
2025-09-05,LOAN PAYMENT,,-25000,"11,428.79",,,,,,,,,,,,,,,,,,,,,,,,,,,25000,,,,,,,,,,,,,,,,,,,,,0,,TRF-011,CAN 1050 CAD$,N,-18175,,,,,,,,,,,10
2025-09-05,MC DEP 12374336,,33.59,"11,462.38",,-33.59,,,,,,,,,,,,,,,,,,,,,,,,,,,,,,,,,,,,,,,,,,,,,,0,,,,,,,,,,,,,,,,
2025-09-05,MC FEE 12233920,,-0.13,"11,462.25",,,,,,,,,,,,,,,,,,,0.13,,,,,,,,,,,,,,,,,,,,,,,,,,,,,0,,,,,,,,,,,,,,,,
2025-09-05,VSA DEP12233920,,340.5,"11,802.75",,-340.5,,,,,,,,,,,,,,,,,,,,,,,,,,,,,,,,,,,,,,,,,,,,,,0,,,,,,,,,,,,,,,,
2025-09-05,VSA FEE12233920,,-5.43,"11,797.32",,,,,,,,,,,,,,,,,,,5.43,,,,,,,,,,,,,,,,,,,,,,,,,,,,,0,,,,,,,,,,,,,,,,
2025-09-08,Online Banking payment - 5868,CYCLES LAMBERT,-197.38,"11,599.94",,,,,,,,,,,,,,,,,,,,,,,,,,,,,,,,,197.38,,,,,,,,,,,,,,,0,,,,,,,,,,,,,,,,
2025-09-08,EF0906 12374336,,422.23,"12,022.17",,-422.23,,,,,,,,,,,,,,,,,,,,,,,,,,,,,,,,,,,,,,,,,,,,,,0,,,,,,,,,,,,,,,,
2025-09-08,EF0908 12374336,,88.95,"12,111.12",,-88.95,,,,,,,,,,,,,,,,,,,,,,,,,,,,,,,,,,,,,,,,,,,,,,0,,,,,,,,,,,,,,,,
2025-09-08,MC DEP 12233920,,362.58,"12,473.70",,-362.58,,,,,,,,,,,,,,,,,,,,,,,,,,,,,,,,,,,,,,,,,,,,,,0,,,,,,,,,,,,,,,,
2025-09-08,MC DEP 12374336,,919.03,"13,392.73",,-919.03,,,,,,,,,,,,,,,,,,,,,,,,,,,,,,,,,,,,,,,,,,,,,,0,,,,,,,,,,,,,,,,
2025-09-08,MC DEP 12374336,,618.7,"14,011.43",,-618.7,,,,,,,,,,,,,,,,,,,,,,,,,,,,,,,,,,,,,,,,,,,,,,0,,,,,,,,,,,,,,,,
2025-09-08,MC FEE 12233920,,-10.83,"14,000.60",,,,,,,,,,,,,,,,,,,10.83,,,,,,,,,,,,,,,,,,,,,,,,,,,,,0,,,,,,,,,,,,,,,,
2025-09-08,MC FEE 12233920,,-0.06,"14,000.54",,,,,,,,,,,,,,,,,,,0.06,,,,,,,,,,,,,,,,,,,,,,,,,,,,,0,,,,,,,,,,,,,,,,
2025-09-08,VSA DEP12233920,,520.3,"14,520.84",,-520.3,,,,,,,,,,,,,,,,,,,,,,,,,,,,,,,,,,,,,,,,,,,,,,0,,,,,,,,,,,,,,,,
2025-09-08,VSA DEP12233920,,490.56,"15,011.40",,-490.56,,,,,,,,,,,,,,,,,,,,,,,,,,,,,,,,,,,,,,,,,,,,,,0,,,,,,,,,,,,,,,,
2025-09-08,VSA DEP12374336,,523.34,"15,534.74",,-523.34,,,,,,,,,,,,,,,,,,,,,,,,,,,,,,,,,,,,,,,,,,,,,,0,,,,,,,,,,,,,,,,
2025-09-08,VSA DEP12374336,,244.37,"15,779.11",,-244.37,,,,,,,,,,,,,,,,,,,,,,,,,,,,,,,,,,,,,,,,,,,,,,0,,,,,,,,,,,,,,,,
2025-09-08,VSA FEE12233920,,-10.43,"15,768.68",,,,,,,,,,,,,,,,,,,10.43,,,,,,,,,,,,,,,,,,,,,,,,,,,,,0,,,,,,,,,,,,,,,,
2025-09-08,VSA FEE12233920,,-8.74,"15,759.94",,,,,,,,,,,,,,,,,,,8.74,,,,,,,,,,,,,,,,,,,,,,,,,,,,,0,,,,,,,,,,,,,,,,
2025-09-08,VSA FEE12233920,,-0.13,"15,759.81",,,,,,,,,,,,,,,,,,,0.13,,,,,,,,,,,,,,,,,,,,,,,,,,,,,0,,,,,,,,,,,,,,,,
2025-09-09,Bill Payment,FortisBC Energy,-56.24,"15,703.57",,,,,,,,,,,,,,,,,,,56.24,,,,,,,,,,,,,,,,,,,,,,,,,,,,,0,,,,,,,,,,,,,,,,
2025-09-09,AMX DEP12374336,,216.38,"15,919.95",,-216.38,,,,,,,,,,,,,,,,,,,,,,,,,,,,,,,,,,,,,,,,,,,,,,0,,,,,,,,,,,,,,,,
2025-09-09,EF0909 12374336,,239.93,"16,159.88",,-239.93,,,,,,,,,,,,,,,,,,,,,,,,,,,,,,,,,,,,,,,,,,,,,,0,,,,,,,,,,,,,,,,
2025-09-09,MC DEP 12233920,,1933.19,"18,093.07",,-1933.19,,,,,,,,,,,,,,,,,,,,,,,,,,,,,,,,,,,,,,,,,,,,,,0,,,,,,,,,,,,,,,,
2025-09-09,MC FEE 12233920,,-35.33,"18,057.74",,,,,,,,,,,,,,,,,,,35.33,,,,,,,,,,,,,,,,,,,,,,,,,,,,,0,,,,,,,,,,,,,,,,
2025-09-09,VSA DEP12233920,,1897.68,"19,955.42",,-1897.68,,,,,,,,,,,,,,,,,,,,,,,,,,,,,,,,,,,,,,,,,,,,,,0,,,,,,,,,,,,,,,,
2025-09-09,VSA DEP12374336,,284.76,"20,240.18",,-284.76,,,,,,,,,,,,,,,,,,,,,,,,,,,,,,,,,,,,,,,,,,,,,,0,,,,,,,,,,,,,,,,
2025-09-09,VSA FEE12233920,,-31.42,"20,208.76",,,,,,,,,,,,,,,,,,,31.42,,,,,,,,,,,,,,,,,,,,,,,,,,,,,0,,,,,,,,,,,,,,,,
2025-09-10,e-Transfer sent,Dan Locks,-100,"20,108.76",,,,,,,,,,,,,,,,,,,100,,,,,,,,,,,,,,,,,,,,,,,,,,,,,0,,,,,,,,,,,,,,,,
2025-09-10,Misc Payment,HSA CAD CAN,-95.22,"20,013.54",,,,,,,,,,,,,,,,,,,95.22,,,,,,,,,,,,,,,,,,,,,,,,,,,,,0,,,,,,,,,,,,,,,,
2025-09-10,e-Transfer sent,Max McCulloch,-3150,"16,863.54",,,,,,,,,,,,,,,,,,,3150,,,,,,,,,,,,,,,,,,,,,,,,,,,,,0,,,,,,,,,,,,,,,,
2025-09-10,MC DEP 12233920,,45.41,"16,908.95",,-45.41,,,,,,,,,,,,,,,,,,,,,,,,,,,,,,,,,,,,,,,,,,,,,,0,,,,,,,,,,,,,,,,
2025-09-10,MC DEP 12374336,,171.5,"17,080.45",,-171.5,,,,,,,,,,,,,,,,,,,,,,,,,,,,,,,,,,,,,,,,,,,,,,0,,,,,,,,,,,,,,,,
2025-09-10,MC FEE 12233920,,-1.08,"17,079.37",,,,,,,,,,,,,,,,,,,1.08,,,,,,,,,,,,,,,,,,,,,,,,,,,,,0,,,,,,,,,,,,,,,,
2025-09-10,VSA DEP12233920,,2458.98,"19,538.35",,-2458.98,,,,,,,,,,,,,,,,,,,,,,,,,,,,,,,,,,,,,,,,,,,,,,0,,,,,,,,,,,,,,,,
2025-09-10,VSA DEP12374336,,81.81,"19,620.16",,-81.81,,,,,,,,,,,,,,,,,,,,,,,,,,,,,,,,,,,,,,,,,,,,,,0,,,,,,,,,,,,,,,,
2025-09-10,VSA FEE12233920,,-46.98,"19,573.18",,,,,,,,,,,,,,,,,,,46.98,,,,,,,,,,,,,,,,,,,,,,,,,,,,,0,,,,,,,,,,,,,,,,
2025-09-11,Online Banking payment - 3809,CYCLES LAMBERT,-716.01,"18,857.17",,,,,,,,,,,,,,,,,,,,,,,,,,,,,,,,,716.01,,,,,,,,,,,,,,,0,,,,,,,,,,,,,,,,
2025-09-11,Insurance Loan,FIRST INSURANCE,5293.31,"24,150.48",,,,,,,,,,,,,,,,,,,-5293.31,,,,,,,,,,,,,,,,,,,,,,,,,,,,,0,,,,,,,,,,,,,,,,
2025-09-11,EF0911 12374336,,365.82,"24,516.30",,-365.82,,,,,,,,,,,,,,,,,,,,,,,,,,,,,,,,,,,,,,,,,,,,,,0,,,,,,,,,,,,,,,,
2025-09-11,MC DEP 12374336,,325.49,"24,841.79",,-325.49,,,,,,,,,,,,,,,,,,,,,,,,,,,,,,,,,,,,,,,,,,,,,,0,,,,,,,,,,,,,,,,
2025-09-11,Online transfer sent - 3808,,-7500,"17,341.79",,,,,,,,,,,,,,,,,,,7500,,,,,,,,,,,,,,,,,,,,,,,,,,,,,0,,,,,,,,,,,,,,,,
2025-09-11,VSA DEP12233920,,29.04,"17,370.83",,-29.04,,,,,,,,,,,,,,,,,,,,,,,,,,,,,,,,,,,,,,,,,,,,,,0,,,,,,,,,,,,,,,,
2025-09-11,VSA DEP12374336,,276.14,"17,646.97",,-276.14,,,,,,,,,,,,,,,,,,,,,,,,,,,,,,,,,,,,,,,,,,,,,,0,,,,,,,,,,,,,,,,
2025-09-11,VSA FEE12233920,,-0.96,"17,646.01",,,,,,,,,,,,,,,,,,,0.96,,,,,,,,,,,,,,,,,,,,,,,,,,,,,0,,,,,,,,,,,,,,,,
2025-09-12,Misc Payment,HSA CAD CAN,-29.26,"17,616.75",,,,,,,,,,,,,,,,,,,29.26,,,,,,,,,,,,,,,,,,,,,,,,,,,,,0,,,,,,,,,,,,,,,,
2025-09-12,Payroll Deposit,PAYROLL,-21688.18,"-4,071.43",,,,,,,,,,,,,,,,,,,21688.18,,,,,,,,,,,,,,,,,,,,,,,,,,,,,0,,,,,,,,,,,,,,,,
2025-09-12,EF0912 12374336,,124.09,"-3,947.34",,-124.09,,,,,,,,,,,,,,,,,,,,,,,,,,,,,,,,,,,,,,,,,,,,,,0,,,,,,,,,,,,,,,,
2025-09-12,MC DEP 12374336,,90.51,"-3,856.83",,-90.51,,,,,,,,,,,,,,,,,,,,,,,,,,,,,,,,,,,,,,,,,,,,,,0,,,,,,,,,,,,,,,,
2025-09-12,MC FEE 12233920,,-0.31,"-3,857.14",,,,,,,,,,,,,,,,,,,0.31,,,,,,,,,,,,,,,,,,,,,,,,,,,,,0,,,,,,,,,,,,,,,,
2025-09-12,VSA DEP12233920,,1086.25,"-2,770.89",,-1086.25,,,,,,,,,,,,,,,,,,,,,,,,,,,,,,,,,,,,,,,,,,,,,,0,,,,,,,,,,,,,,,,
2025-09-12,VSA DEP12374336,,312.78,"-2,458.11",,-312.78,,,,,,,,,,,,,,,,,,,,,,,,,,,,,,,,,,,,,,,,,,,,,,0,,,,,,,,,,,,,,,,
2025-09-12,VSA FEE12233920,,-21.08,"-2,479.19",,,,,,,,,,,,,,,,,,,21.08,,,,,,,,,,,,,,,,,,,,,,,,,,,,,0,,,,,,,,,,,,,,,,
2025-09-15,Online Banking payment - 7986,CYCLES LAMBERT,-469.81,"-2,949.00",,,,,,,,,,,,,,,,,,,,,,,,,,,,,,,,,469.81,,,,,,,,,,,,,,,0,,,,,,,,,,,,,,,,
2025-09-15,Credit memo,FT916264833,13745,"10,796.00",,,,,,,,,,,,,,,,,,,,,,,,,,-13745,,,,,,,,,,,,,,,,,,,,,,0,,TRF-075,CAN 1015 USD,Y,9992.615,,,,,,,,,,,11
2025-09-15,Business PAD,KATIE THIESSEN,-1988.64,"8,807.36",,,,,,,,,,,,,,,,,,,1988.64,,,,,,,,,,,,,,,,,,,,,,,,,,,,,0,,,,,,,,,,,,,,,,
2025-09-15,AMX DEP12374336,,50.39,"8,857.75",,-50.39,,,,,,,,,,,,,,,,,,,,,,,,,,,,,,,,,,,,,,,,,,,,,,0,,,,,,,,,,,,,,,,
2025-09-15,AMX DEP12374336,,47.03,"8,904.78",,-47.03,,,,,,,,,,,,,,,,,,,,,,,,,,,,,,,,,,,,,,,,,,,,,,0,,,,,,,,,,,,,,,,
2025-09-15,EF0913 12374336,,135.02,"9,039.80",,-135.02,,,,,,,,,,,,,,,,,,,,,,,,,,,,,,,,,,,,,,,,,,,,,,0,,,,,,,,,,,,,,,,
2025-09-15,EF0915 12374336,,56.54,"9,096.34",,-56.54,,,,,,,,,,,,,,,,,,,,,,,,,,,,,,,,,,,,,,,,,,,,,,0,,,,,,,,,,,,,,,,
2025-09-15,LOAN CREDIT,,5000,"14,096.34",,,,,,,,,,,,,,,,,,,,,,,,,,-5000,,,,,,,,,,,,,,,,,,,,,,0,,TRF-012,CAN 1050 CAD$,N,3635,,,,,,,,,,,12
2025-09-15,MC DEP 12233920,,2030.26,"16,126.60",,-2030.26,,,,,,,,,,,,,,,,,,,,,,,,,,,,,,,,,,,,,,,,,,,,,,0,,,,,,,,,,,,,,,,
2025-09-15,MC DEP 12374336,,248.69,"16,375.29",,-248.69,,,,,,,,,,,,,,,,,,,,,,,,,,,,,,,,,,,,,,,,,,,,,,0,,,,,,,,,,,,,,,,
2025-09-15,MC DEP 12374336,,75.61,"16,450.90",,-75.61,,,,,,,,,,,,,,,,,,,,,,,,,,,,,,,,,,,,,,,,,,,,,,0,,,,,,,,,,,,,,,,
2025-09-15,MC FEE 12233920,,-42.15,"16,408.75",,,,,,,,,,,,,,,,,,,42.15,,,,,,,,,,,,,,,,,,,,,,,,,,,,,0,,,,,,,,,,,,,,,,
2025-09-15,MC FEE 12233920,,-0.21,"16,408.54",,,,,,,,,,,,,,,,,,,0.21,,,,,,,,,,,,,,,,,,,,,,,,,,,,,0,,,,,,,,,,,,,,,,
2025-09-15,Online transfer sent - 9540,,-7500,"8,908.54",,,,,,,,,,,,,,,,,,,7500,,,,,,,,,,,,,,,,,,,,,,,,,,,,,0,,,,,,,,,,,,,,,,
2025-09-15,VSA DEP12233920,,4962.78,"13,871.32",,-4962.78,,,,,,,,,,,,,,,,,,,,,,,,,,,,,,,,,,,,,,,,,,,,,,0,,,,,,,,,,,,,,,,
2025-09-15,VSA DEP12233920,,2291.61,"16,162.93",,-2291.61,,,,,,,,,,,,,,,,,,,,,,,,,,,,,,,,,,,,,,,,,,,,,,0,,,,,,,,,,,,,,,,
2025-09-15,VSA DEP12233920,,1586.91,"17,749.84",,-1586.91,,,,,,,,,,,,,,,,,,,,,,,,,,,,,,,,,,,,,,,,,,,,,,0,,,,,,,,,,,,,,,,
2025-09-15,VSA DEP12374336,,149.72,"17,899.56",,-149.72,,,,,,,,,,,,,,,,,,,,,,,,,,,,,,,,,,,,,,,,,,,,,,0,,,,,,,,,,,,,,,,
2025-09-15,VSA DEP12374336,,35.28,"17,934.84",,-35.28,,,,,,,,,,,,,,,,,,,,,,,,,,,,,,,,,,,,,,,,,,,,,,0,,,,,,,,,,,,,,,,
2025-09-15,VSA FEE12233920,,-70.34,"17,864.50",,,,,,,,,,,,,,,,,,,70.34,,,,,,,,,,,,,,,,,,,,,,,,,,,,,0,,,,,,,,,,,,,,,,
2025-09-15,VSA FEE12233920,,-41.51,"17,822.99",,,,,,,,,,,,,,,,,,,41.51,,,,,,,,,,,,,,,,,,,,,,,,,,,,,0,,,,,,,,,,,,,,,,
2025-09-15,VSA FEE12233920,,-38.19,"17,784.80",,,,,,,,,,,,,,,,,,,38.19,,,,,,,,,,,,,,,,,,,,,,,,,,,,,0,,,,,,,,,,,,,,,,
2025-09-16,Business PAD,Clearbridge Bus,-313.95,"17,470.85",,,,,,,,,,,,,,,,,,,313.95,,,,,,,,,,,,,,,,,,,,,,,,,,,,,0,,,,,,,,,,,,,,,,
2025-09-16,Online Banking payment - 3905,CYCLES LAMBERT,-549.36,"16,921.49",,,,,,,,,,,,,,,,,,,,,,,,,,,,,,,,,549.36,,,,,,,,,,,,,,,0,,,,,,,,,,,,,,,,
2025-09-16,Payroll Deposit,INTUIT 08034995,-2879.87,"14,041.62",,,,,,,,,,,,,,,,,,,2879.87,,,,,,,,,,,,,,,,,,,,,,,,,,,,,0,,,,,,,,,,,,,,,,
2025-09-16,Payroll Deposit,INTUIT 08034995,-2719.85,"11,321.77",,,,,,,,,,,,,,,,,,,2719.85,,,,,,,,,,,,,,,,,,,,,,,,,,,,,0,,,,,,,,,,,,,,,,
2025-09-16,Payroll Deposit,INTUIT 08034995,-2203.59,"9,118.18",,,,,,,,,,,,,,,,,,,2203.59,,,,,,,,,,,,,,,,,,,,,,,,,,,,,0,,,,,,,,,,,,,,,,
2025-09-16,Payroll Deposit,INTUIT 08034995,-2089.71,"7,028.47",,,,,,,,,,,,,,,,,,,2089.71,,,,,,,,,,,,,,,,,,,,,,,,,,,,,0,,,,,,,,,,,,,,,,
2025-09-16,Payroll Deposit,INTUIT 08034995,-1963.46,"5,065.01",,,,,,,,,,,,,,,,,,,1963.46,,,,,,,,,,,,,,,,,,,,,,,,,,,,,0,,,,,,,,,,,,,,,,
2025-09-16,Payroll Deposit,INTUIT 08034995,-1963.46,"3,101.55",,,,,,,,,,,,,,,,,,,1963.46,,,,,,,,,,,,,,,,,,,,,,,,,,,,,0,,,,,,,,,,,,,,,,
2025-09-16,Payroll Deposit,INTUIT 08034995,-1867.86,"1,233.69",,,,,,,,,,,,,,,,,,,1867.86,,,,,,,,,,,,,,,,,,,,,,,,,,,,,0,,,,,,,,,,,,,,,,
2025-09-16,Payroll Deposit,INTUIT 08034995,-1837.22,-603.53,,,,,,,,,,,,,,,,,,,1837.22,,,,,,,,,,,,,,,,,,,,,,,,,,,,,0,,,,,,,,,,,,,,,,
2025-09-16,Payroll Deposit,INTUIT 08034995,-1837.22,"-2,440.75",,,,,,,,,,,,,,,,,,,1837.22,,,,,,,,,,,,,,,,,,,,,,,,,,,,,0,,,,,,,,,,,,,,,,
2025-09-16,Payroll Deposit,INTUIT 08034995,-1792.51,"-4,233.26",,,,,,,,,,,,,,,,,,,1792.51,,,,,,,,,,,,,,,,,,,,,,,,,,,,,0,,,,,,,,,,,,,,,,
2025-09-16,Payroll Deposit,INTUIT 08034995,-1703.23,"-5,936.49",,,,,,,,,,,,,,,,,,,1703.23,,,,,,,,,,,,,,,,,,,,,,,,,,,,,0,,,,,,,,,,,,,,,,
2025-09-16,Payroll Deposit,INTUIT 08034995,-1677.83,"-7,614.32",,,,,,,,,,,,,,,,,,,1677.83,,,,,,,,,,,,,,,,,,,,,,,,,,,,,0,,,,,,,,,,,,,,,,
2025-09-16,Payroll Deposit,INTUIT 08034995,-1500.96,"-9,115.28",,,,,,,,,,,,,,,,,,,1500.96,,,,,,,,,,,,,,,,,,,,,,,,,,,,,0,,,,,,,,,,,,,,,,
2025-09-16,Payroll Deposit,INTUIT 08034995,-1488.28,"-10,603.56",,,,,,,,,,,,,,,,,,,1488.28,,,,,,,,,,,,,,,,,,,,,,,,,,,,,0,,,,,,,,,,,,,,,,
2025-09-16,Payroll Deposit,INTUIT 08034995,-1442.84,"-12,046.40",,,,,,,,,,,,,,,,,,,1442.84,,,,,,,,,,,,,,,,,,,,,,,,,,,,,0,,,,,,,,,,,,,,,,
2025-09-16,Payroll Deposit,INTUIT 08034995,-1390.65,"-13,437.05",,,,,,,,,,,,,,,,,,,1390.65,,,,,,,,,,,,,,,,,,,,,,,,,,,,,0,,,,,,,,,,,,,,,,
2025-09-16,Payroll Deposit,INTUIT 08034995,-1311.19,"-14,748.24",,,,,,,,,,,,,,,,,,,1311.19,,,,,,,,,,,,,,,,,,,,,,,,,,,,,0,,,,,,,,,,,,,,,,
2025-09-16,Payroll Deposit,INTUIT 08034995,-908.4,"-15,656.64",,,,,,,,,,,,,,,,,,,908.4,,,,,,,,,,,,,,,,,,,,,,,,,,,,,0,,,,,,,,,,,,,,,,
2025-09-16,Misc Payment,RBC CREDIT CARD,-23965.65,"-39,622.29",,,,,,,,,,,,,,,,,,,,,,,,,,,,23965.65,,,,,,,,,,,,,,,,,,,,0,,TRF-V4-002,CAN 2110 CAD,N,,,,,,,,,,,,13
2025-09-16,Misc Payment,RBC CREDIT CARD,-1539.08,"-41,161.37",,,,,,,,,,,,,,,,,,,,,,,,,,,,1539.08,,,,,,,,,,,,,,,,,,,,0,,TRF-V5-002,CAN 2130 CAD,N,,,,,,,,,,,,14
2025-09-16,Misc Payment,SPLITIT,-9.08,"-41,170.45",,,,,,,,,,,,,,,,,,,9.08,,,,,,,,,,,,,,,,,,,,,,,,,,,,,0,,,,,,,,,,,,,,,,
2025-09-16,AMX DEP12233920,,13.85,"-41,156.60",,-13.85,,,,,,,,,,,,,,,,,,,,,,,,,,,,,,,,,,,,,,,,,,,,,,0,,,,,,,,,,,,,,,,
2025-09-16,AMX DEP12374336,,59.33,"-41,097.27",,-59.33,,,,,,,,,,,,,,,,,,,,,,,,,,,,,,,,,,,,,,,,,,,,,,0,,,,,,,,,,,,,,,,
2025-09-16,EF0916 12374336,,36.41,"-41,060.86",,-36.41,,,,,,,,,,,,,,,,,,,,,,,,,,,,,,,,,,,,,,,,,,,,,,0,,,,,,,,,,,,,,,,
2025-09-16,LOAN PAYMENT,,-5000,"-46,060.86",,,,,,,,,,,,,,,,,,,,,,,,,,,5000,,,,,,,,,,,,,,,,,,,,,0,,TRF-013,CAN 1050 CAD$,N,-3635,,,,,,,,,,,15
2025-09-16,MC DEP 12233920,,3810.27,"-42,250.59",,-3810.27,,,,,,,,,,,,,,,,,,,,,,,,,,,,,,,,,,,,,,,,,,,,,,0,,,,,,,,,,,,,,,,
2025-09-16,MC DEP 12374336,,94.81,"-42,155.78",,-94.81,,,,,,,,,,,,,,,,,,,,,,,,,,,,,,,,,,,,,,,,,,,,,,0,,,,,,,,,,,,,,,,
2025-09-16,MC FEE 12233920,,-77.17,"-42,232.95",,,,,,,,,,,,,,,,,,,77.17,,,,,,,,,,,,,,,,,,,,,,,,,,,,,0,,,,,,,,,,,,,,,,
2025-09-16,VSA DEP12233920,,3349.79,"-38,883.16",,-3349.79,,,,,,,,,,,,,,,,,,,,,,,,,,,,,,,,,,,,,,,,,,,,,,0,,,,,,,,,,,,,,,,
2025-09-16,VSA DEP12374336,,292.26,"-38,590.90",,-292.26,,,,,,,,,,,,,,,,,,,,,,,,,,,,,,,,,,,,,,,,,,,,,,0,,,,,,,,,,,,,,,,
2025-09-16,VSA FEE12233920,,-66.6,"-38,657.50",,,,,,,,,,,,,,,,,,,66.6,,,,,,,,,,,,,,,,,,,,,,,,,,,,,0,,,,,,,,,,,,,,,,
2025-09-17,Overdraft interest,@ RBP+05.00%P.A,-0.82,"-38,658.32",,,,,,,,,,,,,,,,,,,0.82,,,,,,,,,,,,,,,,,,,,,,,,,,,,,0,,,,,,,,,,,,,,,,
2025-09-17,COMM HYDRO BILL PMT,B.C. HYDRO-PAP,-450.74,"-39,109.06",,,,,,,,,,,,,,,,,,,450.74,,,,,,,,,,,,,,,,,,,,,,,,,,,,,0,,,,,,,,,,,,,,,,
2025-09-17,Credit memo,FT916272603,34307.5,"-4,801.56",,,,,,,,,,,,,,,,,,,,,,,,,,-34307.5,,,,,,,,,,,,,,,,,,,,,,0,,TRF-076,CAN 1015 USD,Y,24941.5525,,,,,,,,,,,16
2025-09-17,LOAN CREDIT,,25000,"20,198.44",,,,,,,,,,,,,,,,,,,,,,,,,,-25000,,,,,,,,,,,,,,,,,,,,,,0,,TRF-014,CAN 1050 CAD$,N,18175,,,,,,,,,,,17
2025-09-17,MC DEP 12233920,,-1754.64,"18,443.80",,1754.64,,,,,,,,,,,,,,,,,,,,,,,,,,,,,,,,,,,,,,,,,,,,,,0,,,,,,,,,,,,,,,,
2025-09-17,MC DEP 12374336,,40.98,"18,484.78",,-40.98,,,,,,,,,,,,,,,,,,,,,,,,,,,,,,,,,,,,,,,,,,,,,,0,,,,,,,,,,,,,,,,
2025-09-17,MC FEE 12233920,,18.71,"18,503.49",,,,,,,,,,,,,,,,,,,-18.71,,,,,,,,,,,,,,,,,,,,,,,,,,,,,0,,,,,,,,,,,,,,,,
2025-09-17,VSA DEP12233920,,176.89,"18,680.38",,-176.89,,,,,,,,,,,,,,,,,,,,,,,,,,,,,,,,,,,,,,,,,,,,,,0,,,,,,,,,,,,,,,,
2025-09-17,VSA FEE12233920,,-4.42,"18,675.96",,,,,,,,,,,,,,,,,,,4.42,,,,,,,,,,,,,,,,,,,,,,,,,,,,,0,,,,,,,,,,,,,,,,
2025-09-18,Credit memo,FT916276857,34395,"53,070.96",,,,,,,,,,,,,,,,,,,,,,,,,,-34395,,,,,,,,,,,,,,,,,,,,,,0,,TRF-077,CAN 1015 USD,Y,25005.165,,,,,,,,,,,18
2025-09-18,Misc Payment,PAYPAL,322.71,"53,393.67",,-322.71,,,,,,,,,,,,,,,,,,,,,,,,,,,,,,,,,,,,,,,,,,,,,,0,,,,,,,,,,,,,,,,
2025-09-18,Cheque over limit fees,,-30,"53,363.67",,,,,,,,,,,,,,,,,,,30,,,,,,,,,,,,,,,,,,,,,,,,,,,,,0,,,,,,,,,,,,,,,,
2025-09-18,EF0918 12374336,,16.8,"53,380.47",,-16.8,,,,,,,,,,,,,,,,,,,,,,,,,,,,,,,,,,,,,,,,,,,,,,0,,,,,,,,,,,,,,,,
2025-09-18,LOAN PAYMENT,,-15000,"38,380.47",,,,,,,,,,,,,,,,,,,,,,,,,,,15000,,,,,,,,,,,,,,,,,,,,,0,,TRF-015,CAN 1050 CAD$,N,-10905,,,,,,,,,,,19
2025-09-18,MC DEP 12233920,,1753.49,"40,133.96",,-1753.49,,,,,,,,,,,,,,,,,,,,,,,,,,,,,,,,,,,,,,,,,,,,,,0,,,,,,,,,,,,,,,,
2025-09-18,MC DEP 12374336,,173.1,"40,307.06",,-173.1,,,,,,,,,,,,,,,,,,,,,,,,,,,,,,,,,,,,,,,,,,,,,,0,,,,,,,,,,,,,,,,
2025-09-18,MC FEE 12233920,,-35.79,"40,271.27",,,,,,,,,,,,,,,,,,,35.79,,,,,,,,,,,,,,,,,,,,,,,,,,,,,0,,,,,,,,,,,,,,,,
2025-09-18,VSA DEP12233920,,641.75,"40,913.02",,-641.75,,,,,,,,,,,,,,,,,,,,,,,,,,,,,,,,,,,,,,,,,,,,,,0,,,,,,,,,,,,,,,,
2025-09-18,VSA DEP12374336,,464.36,"41,377.38",,-464.36,,,,,,,,,,,,,,,,,,,,,,,,,,,,,,,,,,,,,,,,,,,,,,0,,,,,,,,,,,,,,,,
2025-09-18,VSA FEE12233920,,-12.37,"41,365.01",,,,,,,,,,,,,,,,,,,12.37,,,,,,,,,,,,,,,,,,,,,,,,,,,,,0,,,,,,,,,,,,,,,,
2025-09-19,Misc Payment,HSA CAD CAN,-226.57,"41,138.44",,,,,,,,,,,,,,,,,,,226.57,,,,,,,,,,,,,,,,,,,,,,,,,,,,,0,,,,,,,,,,,,,,,,
2025-09-19,Web payment,WIRE7526201230,-29937.6,"11,200.84",,,,,,,,,,,,,,,,,,,,,,,,,,,,,,,,,29937.6,,,,,,,,,,,,,,,0,,,,,,,,,,,,,,,,
2025-09-19,LOAN PAYMENT,,-10000,"1,200.84",,,,,,,,,,,,,,,,,,,,,,,,,,,10000,,,,,,,,,,,,,,,,,,,,,0,,TRF-016,CAN 1050 CAD$,N,-7270,,,,,,,,,,,20
2025-09-19,MC DEP 12233920,,1942.89,"3,143.73",,-1942.89,,,,,,,,,,,,,,,,,,,,,,,,,,,,,,,,,,,,,,,,,,,,,,0,,,,,,,,,,,,,,,,
2025-09-19,MC DEP 12374336,,214.18,"3,357.91",,-214.18,,,,,,,,,,,,,,,,,,,,,,,,,,,,,,,,,,,,,,,,,,,,,,0,,,,,,,,,,,,,,,,
2025-09-19,MC FEE 12233920,,-45.47,"3,312.44",,,,,,,,,,,,,,,,,,,45.47,,,,,,,,,,,,,,,,,,,,,,,,,,,,,0,,,,,,,,,,,,,,,,
2025-09-19,VSA DEP12233920,,61.19,"3,373.63",,-61.19,,,,,,,,,,,,,,,,,,,,,,,,,,,,,,,,,,,,,,,,,,,,,,0,,,,,,,,,,,,,,,,
2025-09-19,VSA FEE12233920,,-1.29,"3,372.34",,,,,,,,,,,,,,,,,,,1.29,,,,,,,,,,,,,,,,,,,,,,,,,,,,,0,,,,,,,,,,,,,,,,
2025-09-22,Other loan,Loan interest,-12.74,"3,359.60",,,,,,,,,,,,,,,,,,,12.74,,,,,,,,,,,,,,,,,,,,,,,,,,,,,0,,,,,,,,,,,,,,,,
2025-09-22,Misc Payment,PAYPAL,484.13,"3,843.73",,-484.13,,,,,,,,,,,,,,,,,,,,,,,,,,,,,,,,,,,,,,,,,,,,,,0,,,,,,,,,,,,,,,,
2025-09-22,EF0922 12374336,,10.5,"3,854.23",,-10.5,,,,,,,,,,,,,,,,,,,,,,,,,,,,,,,,,,,,,,,,,,,,,,0,,,,,,,,,,,,,,,,
2025-09-22,MC DEP 12233920,,2376.7,"6,230.93",,-2376.7,,,,,,,,,,,,,,,,,,,,,,,,,,,,,,,,,,,,,,,,,,,,,,0,,,,,,,,,,,,,,,,
2025-09-22,MC DEP 12233920,,2345.79,"8,576.72",,-2345.79,,,,,,,,,,,,,,,,,,,,,,,,,,,,,,,,,,,,,,,,,,,,,,0,,,,,,,,,,,,,,,,
2025-09-22,MC FEE 12233920,,-49.58,"8,527.14",,,,,,,,,,,,,,,,,,,49.58,,,,,,,,,,,,,,,,,,,,,,,,,,,,,0,,,,,,,,,,,,,,,,
2025-09-22,MC FEE 12233920,,-48.19,"8,478.95",,,,,,,,,,,,,,,,,,,48.19,,,,,,,,,,,,,,,,,,,,,,,,,,,,,0,,,,,,,,,,,,,,,,
2025-09-22,VSA DEP12233920,,3502.62,"11,981.57",,-3502.62,,,,,,,,,,,,,,,,,,,,,,,,,,,,,,,,,,,,,,,,,,,,,,0,,,,,,,,,,,,,,,,
2025-09-22,VSA DEP12233920,,2480.16,"14,461.73",,-2480.16,,,,,,,,,,,,,,,,,,,,,,,,,,,,,,,,,,,,,,,,,,,,,,0,,,,,,,,,,,,,,,,
2025-09-22,VSA DEP12374336,,914.3,"15,376.03",,-914.3,,,,,,,,,,,,,,,,,,,,,,,,,,,,,,,,,,,,,,,,,,,,,,0,,,,,,,,,,,,,,,,
2025-09-22,VSA FEE12233920,,-67.05,"15,308.98",,,,,,,,,,,,,,,,,,,67.05,,,,,,,,,,,,,,,,,,,,,,,,,,,,,0,,,,,,,,,,,,,,,,
2025-09-22,VSA FEE12233920,,-41.51,"15,267.47",,,,,,,,,,,,,,,,,,,41.51,,,,,,,,,,,,,,,,,,,,,,,,,,,,,0,,,,,,,,,,,,,,,,
2025-09-22,VSA FEE12233920,,-0.13,"15,267.34",,,,,,,,,,,,,,,,,,,0.13,,,,,,,,,,,,,,,,,,,,,,,,,,,,,0,,,,,,,,,,,,,,,,
2025-09-23,MC FEE 12233920,,-0.13,"15,267.21",,,,,,,,,,,,,,,,,,,0.13,,,,,,,,,,,,,,,,,,,,,,,,,,,,,0,,,,,,,,,,,,,,,,
2025-09-23,VSA DEP12374336,,128.79,"15,396.00",,-128.79,,,,,,,,,,,,,,,,,,,,,,,,,,,,,,,,,,,,,,,,,,,,,,0,,,,,,,,,,,,,,,,
2025-09-23,VSA FEE12233920,,-0.31,"15,395.69",,,,,,,,,,,,,,,,,,,0.31,,,,,,,,,,,,,,,,,,,,,,,,,,,,,0,,,,,,,,,,,,,,,,
2025-09-24,MC DEP 12233920,,4002.69,"19,398.38",,-4002.69,,,,,,,,,,,,,,,,,,,,,,,,,,,,,,,,,,,,,,,,,,,,,,0,,,,,,,,,,,,,,,,
2025-09-24,MC FEE 12233920,,-89.14,"19,309.24",,,,,,,,,,,,,,,,,,,89.14,,,,,,,,,,,,,,,,,,,,,,,,,,,,,0,,,,,,,,,,,,,,,,
2025-09-24,VSA DEP12233920,,418.81,"19,728.05",,-418.81,,,,,,,,,,,,,,,,,,,,,,,,,,,,,,,,,,,,,,,,,,,,,,0,,,,,,,,,,,,,,,,
2025-09-24,VSA FEE12233920,,-9.48,"19,718.57",,,,,,,,,,,,,,,,,,,9.48,,,,,,,,,,,,,,,,,,,,,,,,,,,,,0,,,,,,,,,,,,,,,,
2025-09-25,Misc Payment,PAYPAL,65.85,"19,784.42",,-65.85,,,,,,,,,,,,,,,,,,,,,,,,,,,,,,,,,,,,,,,,,,,,,,0,,,,,,,,,,,,,,,,
2025-09-25,AMX DEP12374336,,229.6,"20,014.02",,-229.6,,,,,,,,,,,,,,,,,,,,,,,,,,,,,,,,,,,,,,,,,,,,,,0,,,,,,,,,,,,,,,,
2025-09-25,EF0925 12374336,,22.39,"20,036.41",,-22.39,,,,,,,,,,,,,,,,,,,,,,,,,,,,,,,,,,,,,,,,,,,,,,0,,,,,,,,,,,,,,,,
2025-09-25,MC DEP 12233920,,1874.37,"21,910.78",,-1874.37,,,,,,,,,,,,,,,,,,,,,,,,,,,,,,,,,,,,,,,,,,,,,,0,,,,,,,,,,,,,,,,
2025-09-25,MC FEE 12233920,,-42.51,"21,868.27",,,,,,,,,,,,,,,,,,,42.51,,,,,,,,,,,,,,,,,,,,,,,,,,,,,0,,,,,,,,,,,,,,,,
2025-09-25,VSA DEP12233920,,-501.94,"21,366.33",,501.94,,,,,,,,,,,,,,,,,,,,,,,,,,,,,,,,,,,,,,,,,,,,,,0,,,,,,,,,,,,,,,,
2025-09-25,VSA FEE12233920,,6.93,"21,373.26",,,,,,,,,,,,,,,,,,,-6.93,,,,,,,,,,,,,,,,,,,,,,,,,,,,,0,,,,,,,,,,,,,,,,
2025-09-26,VSA DEP12233920,,133.16,"21,506.42",,-133.16,,,,,,,,,,,,,,,,,,,,,,,,,,,,,,,,,,,,,,,,,,,,,,0,,,,,,,,,,,,,,,,
2025-09-26,VSA FEE12233920,,-2.66,"21,503.76",,,,,,,,,,,,,,,,,,,2.66,,,,,,,,,,,,,,,,,,,,,,,,,,,,,0,,,,,,,,,,,,,,,,
2025-09-29,Direct Deposits (PDS) service total,GRADS8318600000,-375.38,"21,128.38",,,,,,,,,,,,,,,,,,,375.38,,,,,,,,,,,,,,,,,,,,,,,,,,,,,0,,,,,,,,,,,,,,,,
2025-09-29,Business PAD,KATIE THIESSEN,-1988.64,"19,139.74",,,,,,,,,,,,,,,,,,,1988.64,,,,,,,,,,,,,,,,,,,,,,,,,,,,,0,,,,,,,,,,,,,,,,
2025-09-29,VSA DEP12233920,,1888.3,"21,028.04",,-1888.3,,,,,,,,,,,,,,,,,,,,,,,,,,,,,,,,,,,,,,,,,,,,,,0,,,,,,,,,,,,,,,,
2025-09-29,VSA DEP12233920,,83.18,"21,111.22",,-83.18,,,,,,,,,,,,,,,,,,,,,,,,,,,,,,,,,,,,,,,,,,,,,,0,,,,,,,,,,,,,,,,
2025-09-29,VSA FEE12233920,,-36.21,"21,075.01",,,,,,,,,,,,,,,,,,,36.21,,,,,,,,,,,,,,,,,,,,,,,,,,,,,0,,,,,,,,,,,,,,,,
2025-09-29,VSA FEE12233920,,-1.42,"21,073.59",,,,,,,,,,,,,,,,,,,1.42,,,,,,,,,,,,,,,,,,,,,,,,,,,,,0,,,,,,,,,,,,,,,,
2025-09-29,VSA FEE12233920,,-0.13,"21,073.46",,,,,,,,,,,,,,,,,,,0.13,,,,,,,,,,,,,,,,,,,,,,,,,,,,,0,,,,,,,,,,,,,,,,
2025-10-01,e-Transfer sent,Alexandre Chapellier,-2100,"18,973.46",,,,,,,,,,,,,,,,,,,2100,,,,,,,,,,,,,,,,,,,,,,,,,,,,,0,,,,,,,,,,,,,,,,
2025-10-01,Credit memo,FT916321718,6948,"25,921.46",,,,,,,,,,,,,,,,,,,,,,,,,,-6948,,,,,,,,,,,,,,,,,,,,,,0,,TRF-078,CAN 1015 USD,Y,5051.196,,,,,,,,,,,21
2025-10-01,Payroll Deposit,INTUIT 08094690,-3523.84,"22,397.62",,,,,,,,,,,,,,,,,,,3523.84,,,,,,,,,,,,,,,,,,,,,,,,,,,,,0,,,,,,,,,,,,,,,,
2025-10-01,Payroll Deposit,INTUIT 08094690,-2570.43,"19,827.19",,,,,,,,,,,,,,,,,,,2570.43,,,,,,,,,,,,,,,,,,,,,,,,,,,,,0,,,,,,,,,,,,,,,,
2025-10-01,Payroll Deposit,INTUIT 08094690,-2254.78,"17,572.41",,,,,,,,,,,,,,,,,,,2254.78,,,,,,,,,,,,,,,,,,,,,,,,,,,,,0,,,,,,,,,,,,,,,,
2025-10-01,Payroll Deposit,INTUIT 08094690,-2089.71,"15,482.70",,,,,,,,,,,,,,,,,,,2089.71,,,,,,,,,,,,,,,,,,,,,,,,,,,,,0,,,,,,,,,,,,,,,,
2025-10-01,Payroll Deposit,INTUIT 08094690,-2089.18,"13,393.52",,,,,,,,,,,,,,,,,,,2089.18,,,,,,,,,,,,,,,,,,,,,,,,,,,,,0,,,,,,,,,,,,,,,,
2025-10-01,Payroll Deposit,INTUIT 08094690,-1963.46,"11,430.06",,,,,,,,,,,,,,,,,,,1963.46,,,,,,,,,,,,,,,,,,,,,,,,,,,,,0,,,,,,,,,,,,,,,,
2025-10-01,Payroll Deposit,INTUIT 08094690,-1867.86,"9,562.20",,,,,,,,,,,,,,,,,,,1867.86,,,,,,,,,,,,,,,,,,,,,,,,,,,,,0,,,,,,,,,,,,,,,,
2025-10-01,Payroll Deposit,INTUIT 08094690,-1837.22,"7,724.98",,,,,,,,,,,,,,,,,,,1837.22,,,,,,,,,,,,,,,,,,,,,,,,,,,,,0,,,,,,,,,,,,,,,,
2025-10-01,Payroll Deposit,INTUIT 08094690,-1837.22,"5,887.76",,,,,,,,,,,,,,,,,,,1837.22,,,,,,,,,,,,,,,,,,,,,,,,,,,,,0,,,,,,,,,,,,,,,,
2025-10-01,Payroll Deposit,INTUIT 08094690,-1792.51,"4,095.25",,,,,,,,,,,,,,,,,,,1792.51,,,,,,,,,,,,,,,,,,,,,,,,,,,,,0,,,,,,,,,,,,,,,,
2025-10-01,Payroll Deposit,INTUIT 08094690,-1703.23,"2,392.02",,,,,,,,,,,,,,,,,,,1703.23,,,,,,,,,,,,,,,,,,,,,,,,,,,,,0,,,,,,,,,,,,,,,,
2025-10-01,Payroll Deposit,INTUIT 08094690,-1677.83,714.19,,,,,,,,,,,,,,,,,,,1677.83,,,,,,,,,,,,,,,,,,,,,,,,,,,,,0,,,,,,,,,,,,,,,,
2025-10-01,Payroll Deposit,INTUIT 08094690,-1613.22,-899.03,,,,,,,,,,,,,,,,,,,1613.22,,,,,,,,,,,,,,,,,,,,,,,,,,,,,0,,,,,,,,,,,,,,,,
2025-10-01,Payroll Deposit,INTUIT 08094690,-1502.67,"-2,401.70",,,,,,,,,,,,,,,,,,,1502.67,,,,,,,,,,,,,,,,,,,,,,,,,,,,,0,,,,,,,,,,,,,,,,
2025-10-01,Payroll Deposit,INTUIT 08094690,-1442.84,"-3,844.54",,,,,,,,,,,,,,,,,,,1442.84,,,,,,,,,,,,,,,,,,,,,,,,,,,,,0,,,,,,,,,,,,,,,,
2025-10-01,Payroll Deposit,INTUIT 08094690,-1396.63,"-5,241.17",,,,,,,,,,,,,,,,,,,1396.63,,,,,,,,,,,,,,,,,,,,,,,,,,,,,0,,,,,,,,,,,,,,,,
2025-10-01,Payroll Deposit,INTUIT 08094690,-1314.29,"-6,555.46",,,,,,,,,,,,,,,,,,,1314.29,,,,,,,,,,,,,,,,,,,,,,,,,,,,,0,,,,,,,,,,,,,,,,
2025-10-01,Payroll Deposit,INTUIT 08094690,-839.32,"-7,394.78",,,,,,,,,,,,,,,,,,,839.32,,,,,,,,,,,,,,,,,,,,,,,,,,,,,0,,,,,,,,,,,,,,,,
2025-10-01,AMX DEP12233920,,93.68,"-7,301.10",,-93.68,,,,,,,,,,,,,,,,,,,,,,,,,,,,,,,,,,,,,,,,,,,,,,0,,,,,,,,,,,,,,,,
2025-10-01,AMX FEE12233920,,-49.54,"-7,350.64",,,,,,,,,,,,,,,,,,,49.54,,,,,,,,,,,,,,,,,,,,,,,,,,,,,0,,,,,,,,,,,,,,,,
2025-10-01,AMX FEE12374336,,-15.04,"-7,365.68",,,,,,,,,,,,,,,,,,,15.04,,,,,,,,,,,,,,,,,,,,,,,,,,,,,0,,,,,,,,,,,,,,,,
2025-10-01,INT FEE12374336,,-2.83,"-7,368.51",,,,,,,,,,,,,,,,,,,2.83,,,,,,,,,,,,,,,,,,,,,,,,,,,,,0,,,,,,,,,,,,,,,,
2025-10-01,MC DEP 12374336,,33.59,"-7,334.92",,-33.59,,,,,,,,,,,,,,,,,,,,,,,,,,,,,,,,,,,,,,,,,,,,,,0,,,,,,,,,,,,,,,,
2025-10-01,MC FEE 12233920,,-4.79,"-7,339.71",,,,,,,,,,,,,,,,,,,4.79,,,,,,,,,,,,,,,,,,,,,,,,,,,,,0,,,,,,,,,,,,,,,,
2025-10-01,MC FEE 12233920,,-0.19,"-7,339.90",,,,,,,,,,,,,,,,,,,0.19,,,,,,,,,,,,,,,,,,,,,,,,,,,,,0,,,,,,,,,,,,,,,,
2025-10-01,MC FEE 12374336,,-42.74,"-7,382.64",,,,,,,,,,,,,,,,,,,42.74,,,,,,,,,,,,,,,,,,,,,,,,,,,,,0,,,,,,,,,,,,,,,,
2025-10-01,MON FEE12233920,,-27.3,"-7,409.94",,,,,,,,,,,,,,,,,,,27.3,,,,,,,,,,,,,,,,,,,,,,,,,,,,,0,,,,,,,,,,,,,,,,
2025-10-01,MON FEE12344503,,-27.3,"-7,437.24",,,,,,,,,,,,,,,,,,,27.3,,,,,,,,,,,,,,,,,,,,,,,,,,,,,0,,,,,,,,,,,,,,,,
2025-10-01,MON FEE12374336,,-45.5,"-7,482.74",,,,,,,,,,,,,,,,,,,45.5,,,,,,,,,,,,,,,,,,,,,,,,,,,,,0,,,,,,,,,,,,,,,,
2025-10-01,VSA DEP12233920,,3383.79,"-4,098.95",,-3383.79,,,,,,,,,,,,,,,,,,,,,,,,,,,,,,,,,,,,,,,,,,,,,,0,,,,,,,,,,,,,,,,
2025-10-01,VSA FEE12233920,,-72.76,"-4,171.71",,,,,,,,,,,,,,,,,,,72.76,,,,,,,,,,,,,,,,,,,,,,,,,,,,,0,,,,,,,,,,,,,,,,
2025-10-01,VSA FEE12233920,,-0.06,"-4,171.77",,,,,,,,,,,,,,,,,,,0.06,,,,,,,,,,,,,,,,,,,,,,,,,,,,,0,,,,,,,,,,,,,,,,
2025-10-01,VSA FEE12374336,,-48.6,"-4,220.37",,,,,,,,,,,,,,,,,,,48.6,,,,,,,,,,,,,,,,,,,,,,,,,,,,,0,,,,,,,,,,,,,,,,
2025-10-02,Business PAD,Clearbridge Bus,-884.8,"-5,105.17",,,,,,,,,,,,,,,,,,,884.8,,,,,,,,,,,,,,,,,,,,,,,,,,,,,0,,,,,,,,,,,,,,,,
2025-10-02,LOAN CREDIT,,5000,-105.17,,,,,,,,,,,,,,,,,,,,,,,,,,-5000,,,,,,,,,,,,,,,,,,,,,,0,,TRF-017,CAN 1050 CAD$,N,3635,,,,,,,,,,,22
2025-10-02,MC DEP 12233920,,83.83,-21.34,,-83.83,,,,,,,,,,,,,,,,,,,,,,,,,,,,,,,,,,,,,,,,,,,,,,0,,,,,,,,,,,,,,,,
2025-10-02,MC FEE 12233920,,-4.15,-25.49,,,,,,,,,,,,,,,,,,,4.15,,,,,,,,,,,,,,,,,,,,,,,,,,,,,0,,,,,,,,,,,,,,,,
2025-10-02,Monthly fee,,-6,-31.49,,,,,,,,,,,,,,,,,,,6,,,,,,,,,,,,,,,,,,,,,,,,,,,,,0,,,,,,,,,,,,,,,,
2025-10-02,VSA DEP12233920,,1876.45,"1,844.96",,-1876.45,,,,,,,,,,,,,,,,,,,,,,,,,,,,,,,,,,,,,,,,,,,,,,0,,,,,,,,,,,,,,,,
2025-10-02,VSA FEE12233920,,-42.7,"1,802.26",,,,,,,,,,,,,,,,,,,42.7,,,,,,,,,,,,,,,,,,,,,,,,,,,,,0,,,,,,,,,,,,,,,,
2025-10-03,EF1003 12374336,,534.05,"2,336.31",,-534.05,,,,,,,,,,,,,,,,,,,,,,,,,,,,,,,,,,,,,,,,,,,,,,0,,,,,,,,,,,,,,,,
2025-10-03,MC DEP 12233920,,3551.43,"5,887.74",,-3551.43,,,,,,,,,,,,,,,,,,,,,,,,,,,,,,,,,,,,,,,,,,,,,,0,,,,,,,,,,,,,,,,
2025-10-03,MC FEE 12233920,,-79.81,"5,807.93",,,,,,,,,,,,,,,,,,,79.81,,,,,,,,,,,,,,,,,,,,,,,,,,,,,0,,,,,,,,,,,,,,,,
2025-10-03,VSA DEP12374336,,250.91,"6,058.84",,-250.91,,,,,,,,,,,,,,,,,,,,,,,,,,,,,,,,,,,,,,,,,,,,,,0,,,,,,,,,,,,,,,,
2025-10-03,VSA FEE12233920,,-0.06,"6,058.78",,,,,,,,,,,,,,,,,,,0.06,,,,,,,,,,,,,,,,,,,,,,,,,,,,,0,,,,,,,,,,,,,,,,
2025-10-06,Misc Payment,HSA CAD CAN,-290.7,"5,768.08",,,,,,,,,,,,,,,,,,,290.7,,,,,,,,,,,,,,,,,,,,,,,,,,,,,0,,,,,,,,,,,,,,,,
2025-10-06,Misc Payment,PAYPAL,2120.45,"7,888.53",,-2120.45,,,,,,,,,,,,,,,,,,,,,,,,,,,,,,,,,,,,,,,,,,,,,,0,,,,,,,,,,,,,,,,
2025-10-06,LOAN PAYMENT,,-5000,"2,888.53",,,,,,,,,,,,,,,,,,,,,,,,,,,5000,,,,,,,,,,,,,,,,,,,,,0,,TRF-018,CAN 1050 CAD$,N,-3635,,,,,,,,,,,23
2025-10-06,MC DEP 12233920,,49.2,"2,937.73",,-49.2,,,,,,,,,,,,,,,,,,,,,,,,,,,,,,,,,,,,,,,,,,,,,,0,,,,,,,,,,,,,,,,
2025-10-06,MC FEE 12233920,,-1.1,"2,936.63",,,,,,,,,,,,,,,,,,,1.1,,,,,,,,,,,,,,,,,,,,,,,,,,,,,0,,,,,,,,,,,,,,,,
2025-10-06,MC FEE 12233920,,-0.08,"2,936.55",,,,,,,,,,,,,,,,,,,0.08,,,,,,,,,,,,,,,,,,,,,,,,,,,,,0,,,,,,,,,,,,,,,,
2025-10-06,VSA DEP12233920,,475.24,"3,411.79",,-475.24,,,,,,,,,,,,,,,,,,,,,,,,,,,,,,,,,,,,,,,,,,,,,,0,,,,,,,,,,,,,,,,
2025-10-06,VSA DEP12233920,,412.65,"3,824.44",,-412.65,,,,,,,,,,,,,,,,,,,,,,,,,,,,,,,,,,,,,,,,,,,,,,0,,,,,,,,,,,,,,,,
2025-10-06,VSA FEE12233920,,-9.19,"3,815.25",,,,,,,,,,,,,,,,,,,9.19,,,,,,,,,,,,,,,,,,,,,,,,,,,,,0,,,,,,,,,,,,,,,,
2025-10-06,VSA FEE12233920,,-6.91,"3,808.34",,,,,,,,,,,,,,,,,,,6.91,,,,,,,,,,,,,,,,,,,,,,,,,,,,,0,,,,,,,,,,,,,,,,
2025-10-06,VSA FEE12233920,,-0.07,"3,808.27",,,,,,,,,,,,,,,,,,,0.07,,,,,,,,,,,,,,,,,,,,,,,,,,,,,0,,,,,,,,,,,,,,,,
2025-10-07,Federal Payment,CANADA,-2185.85,"1,622.42",,,,,,,,,,,,,,,,,,,2185.85,,,,,,,,,,,,,,,,,,,,,,,,,,,,,0,,,,,,,,,,,,,,,,
2025-10-07,Credit memo,FT916346028,27844,"29,466.42",,,,,,,,,,,,,,,,,,,,,,,,,,-27844,,,,,,,,,,,,,,,,,,,,,,0,,TRF-079,CAN 1015 USD,Y,20242.588,,,,,,,,,,,24
2025-10-07,e-Transfer sent,Oliver Lowthorpe,-1500,"27,966.42",,,,,,,,,,,,,,,,,,,1500,,,,,,,,,,,,,,,,,,,,,,,,,,,,,0,,,,,,,,,,,,,,,,
2025-10-07,Activity fee,,-280,"27,686.42",,,,,,,,,,,,,,,,,,,280,,,,,,,,,,,,,,,,,,,,,,,,,,,,,0,,,,,,,,,,,,,,,,
2025-10-07,EF1007 12374336,,100.55,"27,786.97",,-100.55,,,,,,,,,,,,,,,,,,,,,,,,,,,,,,,,,,,,,,,,,,,,,,0,,,,,,,,,,,,,,,,
2025-10-07,MC DEP 12233920,,1949.13,"29,736.10",,-1949.13,,,,,,,,,,,,,,,,,,,,,,,,,,,,,,,,,,,,,,,,,,,,,,0,,,,,,,,,,,,,,,,
2025-10-07,MC DEP 12374336,,68.31,"29,804.41",,-68.31,,,,,,,,,,,,,,,,,,,,,,,,,,,,,,,,,,,,,,,,,,,,,,0,,,,,,,,,,,,,,,,
2025-10-07,MC FEE 12233920,,-46.42,"29,757.99",,,,,,,,,,,,,,,,,,,46.42,,,,,,,,,,,,,,,,,,,,,,,,,,,,,0,,,,,,,,,,,,,,,,
2025-10-07,VSA DEP12233920,,2290.8,"32,048.79",,-2290.8,,,,,,,,,,,,,,,,,,,,,,,,,,,,,,,,,,,,,,,,,,,,,,0,,,,,,,,,,,,,,,,
2025-10-07,VSA DEP12374336,,23.35,"32,072.14",,-23.35,,,,,,,,,,,,,,,,,,,,,,,,,,,,,,,,,,,,,,,,,,,,,,0,,,,,,,,,,,,,,,,
2025-10-07,VSA FEE12233920,,-43.09,"32,029.05",,,,,,,,,,,,,,,,,,,43.09,,,,,,,,,,,,,,,,,,,,,,,,,,,,,0,,,,,,,,,,,,,,,,
2025-10-08,Misc Payment,HSA CAD CAN,-20.25,"32,008.80",,,,,,,,,,,,,,,,,,,20.25,,,,,,,,,,,,,,,,,,,,,,,,,,,,,0,,,,,,,,,,,,,,,,
2025-10-08,e-Transfer sent,Moon's Records Inc.,-850,"31,158.80",,,,,,,,,,,,,,,,,,,850,,,,,,,,,,,,,,,,,,,,,,,,,,,,,0,,,,,,,,,,,,,,,,
2025-10-08,MC FEE 12233920,,-0.06,"31,158.74",,,,,,,,,,,,,,,,,,,0.06,,,,,,,,,,,,,,,,,,,,,,,,,,,,,0,,,,,,,,,,,,,,,,
2025-10-08,VSA DEP12233920,,5367.44,"36,526.18",,-5367.44,,,,,,,,,,,,,,,,,,,,,,,,,,,,,,,,,,,,,,,,,,,,,,0,,,,,,,,,,,,,,,,
2025-10-08,VSA FEE12233920,,-106.75,"36,419.43",,,,,,,,,,,,,,,,,,,106.75,,,,,,,,,,,,,,,,,,,,,,,,,,,,,0,,,,,,,,,,,,,,,,
2025-10-09,MC DEP 12233920,,94.19,"36,513.62",,-94.19,,,,,,,,,,,,,,,,,,,,,,,,,,,,,,,,,,,,,,,,,,,,,,0,,,,,,,,,,,,,,,,
2025-10-09,MC DEP 12374336,,327.04,"36,840.66",,-327.04,,,,,,,,,,,,,,,,,,,,,,,,,,,,,,,,,,,,,,,,,,,,,,0,,,,,,,,,,,,,,,,
2025-10-09,MC FEE 12233920,,-2,"36,838.66",,,,,,,,,,,,,,,,,,,2,,,,,,,,,,,,,,,,,,,,,,,,,,,,,0,,,,,,,,,,,,,,,,
2025-10-09,VSA DEP12374336,,210.03,"37,048.69",,-210.03,,,,,,,,,,,,,,,,,,,,,,,,,,,,,,,,,,,,,,,,,,,,,,0,,,,,,,,,,,,,,,,
2025-10-09,VSA FEE12233920,,-0.13,"37,048.56",,,,,,,,,,,,,,,,,,,0.13,,,,,,,,,,,,,,,,,,,,,,,,,,,,,0,,,,,,,,,,,,,,,,
2025-10-10,Bill Payment,FortisBC Energy,-54.59,"36,993.97",,,,,,,,,,,,,,,,,,,54.59,,,,,,,,,,,,,,,,,,,,,,,,,,,,,0,,,,,,,,,,,,,,,,
2025-10-10,Misc Payment,HSA CAD CAN,-118.21,"36,875.76",,,,,,,,,,,,,,,,,,,118.21,,,,,,,,,,,,,,,,,,,,,,,,,,,,,0,,,,,,,,,,,,,,,,
2025-10-10,ATM deposit - BD580495,,140.54,"37,016.30",,,,,,,,,,,,,,,,,,,-140.54,,,,,,,,,,,,,,,,,,,,,,,,,,,,,0,,,,,,,,,,,,,,,,
2025-10-10,MC FEE 12233920,,-0.19,"37,016.11",,,,,,,,,,,,,,,,,,,0.19,,,,,,,,,,,,,,,,,,,,,,,,,,,,,0,,,,,,,,,,,,,,,,
2025-10-10,VSA DEP12233920,,4641.03,"41,657.14",,-4641.03,,,,,,,,,,,,,,,,,,,,,,,,,,,,,,,,,,,,,,,,,,,,,,0,,,,,,,,,,,,,,,,
2025-10-10,VSA DEP12374336,,59.27,"41,716.41",,-59.27,,,,,,,,,,,,,,,,,,,,,,,,,,,,,,,,,,,,,,,,,,,,,,0,,,,,,,,,,,,,,,,
2025-10-10,VSA FEE12233920,,-122.83,"41,593.58",,,,,,,,,,,,,,,,,,,122.83,,,,,,,,,,,,,,,,,,,,,,,,,,,,,0,,,,,,,,,,,,,,,,
2025-10-14,Misc Payment,HSA CAD CAN,-218.9,"41,374.68",,,,,,,,,,,,,,,,,,,218.9,,,,,,,,,,,,,,,,,,,,,,,,,,,,,0,,,,,,,,,,,,,,,,
2025-10-14,Business PAD,KATIE THIESSEN,-1988.64,"39,386.04",,,,,,,,,,,,,,,,,,,1988.64,,,,,,,,,,,,,,,,,,,,,,,,,,,,,0,,,,,,,,,,,,,,,,
2025-10-14,Payroll Deposit,PAYROLL,-23067.38,"16,318.66",,,,,,,,,,,,,,,,,,,23067.38,,,,,,,,,,,,,,,,,,,,,,,,,,,,,0,,,,,,,,,,,,,,,,
2025-10-14,AMX DEP12233920,,1156,"17,474.66",,-1156,,,,,,,,,,,,,,,,,,,,,,,,,,,,,,,,,,,,,,,,,,,,,,0,,,,,,,,,,,,,,,,
2025-10-14,MC DEP 12233920,,2848.22,"20,322.88",,-2848.22,,,,,,,,,,,,,,,,,,,,,,,,,,,,,,,,,,,,,,,,,,,,,,0,,,,,,,,,,,,,,,,
2025-10-14,MC FEE 12233920,,-53.09,"20,269.79",,,,,,,,,,,,,,,,,,,53.09,,,,,,,,,,,,,,,,,,,,,,,,,,,,,0,,,,,,,,,,,,,,,,
2025-10-14,MC FEE 12233920,,-0.06,"20,269.73",,,,,,,,,,,,,,,,,,,0.06,,,,,,,,,,,,,,,,,,,,,,,,,,,,,0,,,,,,,,,,,,,,,,
2025-10-14,Online transfer sent - 0571,,-7500,"12,769.73",,,,,,,,,,,,,,,,,,,7500,,,,,,,,,,,,,,,,,,,,,,,,,,,,,0,,,,,,,,,,,,,,,,
2025-10-14,Online transfer sent - 9296,,-7500,"5,269.73",,,,,,,,,,,,,,,,,,,7500,,,,,,,,,,,,,,,,,,,,,,,,,,,,,0,,,,,,,,,,,,,,,,
2025-10-14,VSA DEP12233920,,1352.84,"6,622.57",,-1352.84,,,,,,,,,,,,,,,,,,,,,,,,,,,,,,,,,,,,,,,,,,,,,,0,,,,,,,,,,,,,,,,
2025-10-14,VSA FEE12233920,,-31.63,"6,590.94",,,,,,,,,,,,,,,,,,,31.63,,,,,,,,,,,,,,,,,,,,,,,,,,,,,0,,,,,,,,,,,,,,,,
2025-10-14,VSA FEE12233920,,-0.13,"6,590.81",,,,,,,,,,,,,,,,,,,0.13,,,,,,,,,,,,,,,,,,,,,,,,,,,,,0,,,,,,,,,,,,,,,,
2025-10-15,Credit memo,FT916375356,42084,"48,674.81",,,,,,,,,,,,,,,,,,,,,,,,,,-42084,,,,,,,,,,,,,,,,,,,,,,0,,TRF-080,CAN 1015 USD,Y,30595.068,,,,,,,,,,,25
2025-10-15,Payroll Deposit,INTUIT 08372642,-6852.97,"41,821.84",,,,,,,,,,,,,,,,,,,6852.97,,,,,,,,,,,,,,,,,,,,,,,,,,,,,0,,,,,,,,,,,,,,,,
2025-10-15,Payroll Deposit,INTUIT 08372642,-2721.63,"39,100.21",,,,,,,,,,,,,,,,,,,2721.63,,,,,,,,,,,,,,,,,,,,,,,,,,,,,0,,,,,,,,,,,,,,,,
2025-10-15,Payroll Deposit,INTUIT 08372642,-2507.19,"36,593.02",,,,,,,,,,,,,,,,,,,2507.19,,,,,,,,,,,,,,,,,,,,,,,,,,,,,0,,,,,,,,,,,,,,,,
2025-10-15,Payroll Deposit,INTUIT 08372642,-2089.71,"34,503.31",,,,,,,,,,,,,,,,,,,2089.71,,,,,,,,,,,,,,,,,,,,,,,,,,,,,0,,,,,,,,,,,,,,,,
2025-10-15,Payroll Deposit,INTUIT 08372642,-2089.18,"32,414.13",,,,,,,,,,,,,,,,,,,2089.18,,,,,,,,,,,,,,,,,,,,,,,,,,,,,0,,,,,,,,,,,,,,,,
2025-10-15,Payroll Deposit,INTUIT 08372642,-1963.46,"30,450.67",,,,,,,,,,,,,,,,,,,1963.46,,,,,,,,,,,,,,,,,,,,,,,,,,,,,0,,,,,,,,,,,,,,,,
2025-10-15,Payroll Deposit,INTUIT 08372642,-1963.46,"28,487.21",,,,,,,,,,,,,,,,,,,1963.46,,,,,,,,,,,,,,,,,,,,,,,,,,,,,0,,,,,,,,,,,,,,,,
2025-10-15,Payroll Deposit,INTUIT 08372642,-1837.22,"26,649.99",,,,,,,,,,,,,,,,,,,1837.22,,,,,,,,,,,,,,,,,,,,,,,,,,,,,0,,,,,,,,,,,,,,,,
2025-10-15,Payroll Deposit,INTUIT 08372642,-1837.22,"24,812.77",,,,,,,,,,,,,,,,,,,1837.22,,,,,,,,,,,,,,,,,,,,,,,,,,,,,0,,,,,,,,,,,,,,,,
2025-10-15,Payroll Deposit,INTUIT 08372642,-1792.51,"23,020.26",,,,,,,,,,,,,,,,,,,1792.51,,,,,,,,,,,,,,,,,,,,,,,,,,,,,0,,,,,,,,,,,,,,,,
2025-10-15,Payroll Deposit,INTUIT 08372642,-1792.51,"21,227.75",,,,,,,,,,,,,,,,,,,1792.51,,,,,,,,,,,,,,,,,,,,,,,,,,,,,0,,,,,,,,,,,,,,,,
2025-10-15,Payroll Deposit,INTUIT 08372642,-1677.83,"19,549.92",,,,,,,,,,,,,,,,,,,1677.83,,,,,,,,,,,,,,,,,,,,,,,,,,,,,0,,,,,,,,,,,,,,,,
2025-10-15,Payroll Deposit,INTUIT 08372642,-1502.67,"18,047.25",,,,,,,,,,,,,,,,,,,1502.67,,,,,,,,,,,,,,,,,,,,,,,,,,,,,0,,,,,,,,,,,,,,,,
2025-10-15,Payroll Deposit,INTUIT 08372642,-1442.84,"16,604.41",,,,,,,,,,,,,,,,,,,1442.84,,,,,,,,,,,,,,,,,,,,,,,,,,,,,0,,,,,,,,,,,,,,,,
2025-10-15,Payroll Deposit,INTUIT 08372642,-1401.7,"15,202.71",,,,,,,,,,,,,,,,,,,1401.7,,,,,,,,,,,,,,,,,,,,,,,,,,,,,0,,,,,,,,,,,,,,,,
2025-10-15,Payroll Deposit,INTUIT 08372642,-1396.63,"13,806.08",,,,,,,,,,,,,,,,,,,1396.63,,,,,,,,,,,,,,,,,,,,,,,,,,,,,0,,,,,,,,,,,,,,,,
2025-10-15,Payroll Deposit,INTUIT 08372642,-1221.94,"12,584.14",,,,,,,,,,,,,,,,,,,1221.94,,,,,,,,,,,,,,,,,,,,,,,,,,,,,0,,,,,,,,,,,,,,,,
2025-10-15,Payroll Deposit,INTUIT 08372642,-889.87,"11,694.27",,,,,,,,,,,,,,,,,,,889.87,,,,,,,,,,,,,,,,,,,,,,,,,,,,,0,,,,,,,,,,,,,,,,
2025-10-15,MC DEP 12233920,,105.83,"11,800.10",,-105.83,,,,,,,,,,,,,,,,,,,,,,,,,,,,,,,,,,,,,,,,,,,,,,0,,,,,,,,,,,,,,,,
2025-10-15,MC FEE 12233920,,-2.49,"11,797.61",,,,,,,,,,,,,,,,,,,2.49,,,,,,,,,,,,,,,,,,,,,,,,,,,,,0,,,,,,,,,,,,,,,,
2025-10-15,VSA DEP12233920,,1330.99,"13,128.60",,-1330.99,,,,,,,,,,,,,,,,,,,,,,,,,,,,,,,,,,,,,,,,,,,,,,0,,,,,,,,,,,,,,,,
2025-10-15,VSA FEE12233920,,-25.31,"13,103.29",,,,,,,,,,,,,,,,,,,25.31,,,,,,,,,,,,,,,,,,,,,,,,,,,,,0,,,,,,,,,,,,,,,,
2025-10-16,AMX DEP12233920,,-57.6,"13,045.69",,57.6,,,,,,,,,,,,,,,,,,,,,,,,,,,,,,,,,,,,,,,,,,,,,,0,,,,,,,,,,,,,,,,
2025-10-16,MC DEP 12233920,,2474,"15,519.69",,-2474,,,,,,,,,,,,,,,,,,,,,,,,,,,,,,,,,,,,,,,,,,,,,,0,,,,,,,,,,,,,,,,
2025-10-16,MC FEE 12233920,,-46.63,"15,473.06",,,,,,,,,,,,,,,,,,,46.63,,,,,,,,,,,,,,,,,,,,,,,,,,,,,0,,,,,,,,,,,,,,,,
2025-10-16,VSA DEP12233920,,538.8,"16,011.86",,-538.8,,,,,,,,,,,,,,,,,,,,,,,,,,,,,,,,,,,,,,,,,,,,,,0,,,,,,,,,,,,,,,,
2025-10-16,VSA FEE12233920,,-10.48,"16,001.38",,,,,,,,,,,,,,,,,,,10.48,,,,,,,,,,,,,,,,,,,,,,,,,,,,,0,,,,,,,,,,,,,,,,
2025-10-17,Overdraft interest,@ RBP+05.00%P.A,-3.72,"15,997.66",,,,,,,,,,,,,,,,,,,3.72,,,,,,,,,,,,,,,,,,,,,,,,,,,,,0,,,,,,,,,,,,,,,,
2025-10-17,Online Banking payment - 1801,CUMBERLAND-UTIL,-357.11,"15,640.55",,,,,,,,,,,,,,,,,,,,,,,,,,,,,,,,,357.11,,,,,,,,,,,,,,,0,,,,,,,,,,,,,,,,
2025-10-17,e-Transfer sent,Max McCulloch,-1575,"14,065.55",,,,,,,,,,,,,,,,,,,1575,,,,,,,,,,,,,,,,,,,,,,,,,,,,,0,,,,,,,,,,,,,,,,
2025-10-17,e-Transfer sent,Moon's Records Inc.,-751.25,"13,314.30",,,,,,,,,,,,,,,,,,,751.25,,,,,,,,,,,,,,,,,,,,,,,,,,,,,0,,,,,,,,,,,,,,,,
2025-10-17,Misc Payment,RBC CREDIT CARD,-22058.21,"-8,743.91",,,,,,,,,,,,,,,,,,,,,,,,,,,,22058.21,,,,,,,,,,,,,,,,,,,,0,,TRF-V4-003,CAN 2110 CAD,,,,,,,,,,,,,26
2025-10-17,Misc Payment,RBC CREDIT CARD,-582.45,"-9,326.36",,,,,,,,,,,,,,,,,,,,,,,,,,,,582.45,,,,,,,,,,,,,,,,,,,,0,,TRF-V5-003,CAN 2130 CAD,,,,,,,,,,,,,27
2025-10-17,EF1017 12374336,,21,"-9,305.36",,-21,,,,,,,,,,,,,,,,,,,,,,,,,,,,,,,,,,,,,,,,,,,,,,0,,,,,,,,,,,,,,,,
2025-10-17,MC DEP 12233920,,-275.4,"-9,580.76",,275.4,,,,,,,,,,,,,,,,,,,,,,,,,,,,,,,,,,,,,,,,,,,,,,0,,,,,,,,,,,,,,,,
2025-10-17,MC DEP 12374336,,512.84,"-9,067.92",,-512.84,,,,,,,,,,,,,,,,,,,,,,,,,,,,,,,,,,,,,,,,,,,,,,0,,,,,,,,,,,,,,,,
2025-10-17,MC FEE 12233920,,2.03,"-9,065.89",,,,,,,,,,,,,,,,,,,-2.03,,,,,,,,,,,,,,,,,,,,,,,,,,,,,0,,,,,,,,,,,,,,,,
2025-10-17,VSA DEP12233920,,1484.22,"-7,581.67",,-1484.22,,,,,,,,,,,,,,,,,,,,,,,,,,,,,,,,,,,,,,,,,,,,,,0,,,,,,,,,,,,,,,,
2025-10-17,VSA DEP12374336,,119.35,"-7,462.32",,-119.35,,,,,,,,,,,,,,,,,,,,,,,,,,,,,,,,,,,,,,,,,,,,,,0,,,,,,,,,,,,,,,,
2025-10-17,VSA FEE12233920,,-37.31,"-7,499.63",,,,,,,,,,,,,,,,,,,37.31,,,,,,,,,,,,,,,,,,,,,,,,,,,,,0,,,,,,,,,,,,,,,,
2025-10-20,Misc Payment,PAYPAL,5086.27,"-2,413.36",,-5086.27,,,,,,,,,,,,,,,,,,,,,,,,,,,,,,,,,,,,,,,,,,,,,,0,,,,,,,,,,,,,,,,
2025-10-20,Misc Payment,SPLITIT,-9.08,"-2,422.44",,,,,,,,,,,,,,,,,,,9.08,,,,,,,,,,,,,,,,,,,,,,,,,,,,,0,,,,,,,,,,,,,,,,
2025-10-20,AMX DEP12233920,,1259.99,"-1,162.45",,-1259.99,,,,,,,,,,,,,,,,,,,,,,,,,,,,,,,,,,,,,,,,,,,,,,0,,,,,,,,,,,,,,,,
2025-10-20,EF1020 12374336,,22.83,"-1,139.62",,-22.83,,,,,,,,,,,,,,,,,,,,,,,,,,,,,,,,,,,,,,,,,,,,,,0,,,,,,,,,,,,,,,,
2025-10-20,LOAN CREDIT,,10000,"8,860.38",,,,,,,,,,,,,,,,,,,,,,,,,,-10000,,,,,,,,,,,,,,,,,,,,,,0,,TRF-019,CAN 1050 CAD$,N,7270,,,,,,,,,,,28
2025-10-20,MC DEP 12233920,,1799.32,"10,659.70",,-1799.32,,,,,,,,,,,,,,,,,,,,,,,,,,,,,,,,,,,,,,,,,,,,,,0,,,,,,,,,,,,,,,,
2025-10-20,MC DEP 12233920,,18.38,"10,678.08",,-18.38,,,,,,,,,,,,,,,,,,,,,,,,,,,,,,,,,,,,,,,,,,,,,,0,,,,,,,,,,,,,,,,
2025-10-20,MC DEP 12374336,,282.2,"10,960.28",,-282.2,,,,,,,,,,,,,,,,,,,,,,,,,,,,,,,,,,,,,,,,,,,,,,0,,,,,,,,,,,,,,,,
2025-10-20,MC FEE 12233920,,-40.07,"10,920.21",,,,,,,,,,,,,,,,,,,40.07,,,,,,,,,,,,,,,,,,,,,,,,,,,,,0,,,,,,,,,,,,,,,,
2025-10-20,MC FEE 12233920,,-0.44,"10,919.77",,,,,,,,,,,,,,,,,,,0.44,,,,,,,,,,,,,,,,,,,,,,,,,,,,,0,,,,,,,,,,,,,,,,
2025-10-20,MC FEE 12233920,,-0.13,"10,919.64",,,,,,,,,,,,,,,,,,,0.13,,,,,,,,,,,,,,,,,,,,,,,,,,,,,0,,,,,,,,,,,,,,,,
2025-10-20,VSA DEP12374336,,23.51,"10,943.15",,-23.51,,,,,,,,,,,,,,,,,,,,,,,,,,,,,,,,,,,,,,,,,,,,,,0,,,,,,,,,,,,,,,,
2025-10-20,VSA FEE12233920,,-0.14,"10,943.01",,,,,,,,,,,,,,,,,,,0.14,,,,,,,,,,,,,,,,,,,,,,,,,,,,,0,,,,,,,,,,,,,,,,
2025-10-21,Other loan,Loan interest,-6.52,"10,936.49",,,,,,,,,,,,,,,,,,,6.52,,,,,,,,,,,,,,,,,,,,,,,,,,,,,0,,,,,,,,,,,,,,,,
2025-10-21,EF1021 12374336,,110.26,"11,046.75",,-110.26,,,,,,,,,,,,,,,,,,,,,,,,,,,,,,,,,,,,,,,,,,,,,,0,,,,,,,,,,,,,,,,
2025-10-21,LOAN PAYMENT,,-10000,"1,046.75",,,,,,,,,,,,,,,,,,,,,,,,,,,10000,,,,,,,,,,,,,,,,,,,,,0,,TRF-020,CAN 1050 CAD$,N,-7270,,,,,,,,,,,29
2025-10-21,MC DEP 12374336,,100.78,"1,147.53",,-100.78,,,,,,,,,,,,,,,,,,,,,,,,,,,,,,,,,,,,,,,,,,,,,,0,,,,,,,,,,,,,,,,
2025-10-21,MC FEE 12233920,,-0.14,"1,147.39",,,,,,,,,,,,,,,,,,,0.14,,,,,,,,,,,,,,,,,,,,,,,,,,,,,0,,,,,,,,,,,,,,,,
2025-10-21,VSA DEP12233920,,2259.98,"3,407.37",,-2259.98,,,,,,,,,,,,,,,,,,,,,,,,,,,,,,,,,,,,,,,,,,,,,,0,,,,,,,,,,,,,,,,
2025-10-21,VSA DEP12374336,,96.95,"3,504.32",,-96.95,,,,,,,,,,,,,,,,,,,,,,,,,,,,,,,,,,,,,,,,,,,,,,0,,,,,,,,,,,,,,,,
2025-10-21,VSA FEE12233920,,-49.02,"3,455.30",,,,,,,,,,,,,,,,,,,49.02,,,,,,,,,,,,,,,,,,,,,,,,,,,,,0,,,,,,,,,,,,,,,,
2025-10-22,Credit memo,FT916399752,13957,"17,412.30",,,,,,,,,,,,,,,,,,,,,,,,,,-13957,,,,,,,,,,,,,,,,,,,,,,0,,TRF-081,CAN 1015 USD,Y,10146.739,,,,,,,,,,,30
2025-10-22,Misc Payment,HSA CAD CAN,-20.16,"17,392.14",,,,,,,,,,,,,,,,,,,20.16,,,,,,,,,,,,,,,,,,,,,,,,,,,,,0,,,,,,,,,,,,,,,,
2025-10-22,Funds transfer credit,TT 1/SHIPCO TRA,105,"17,497.14",,,,,,,,,,,,,,,,,,,-105,,,,,,,,,,,,,,,,,,,,,,,,,,,,,0,,,,,,,,,,,,,,,,
2025-10-22,Funds transfer fee,TT 1/SHIPCO TRA,-17,"17,480.14",,,,,,,,,,,,,,,,,,,17,,,,,,,,,,,,,,,,,,,,,,,,,,,,,0,,,,,,,,,,,,,,,,
2025-10-22,MC DEP 12233920,,-57.46,"17,422.68",,57.46,,,,,,,,,,,,,,,,,,,,,,,,,,,,,,,,,,,,,,,,,,,,,,0,,,,,,,,,,,,,,,,
2025-10-22,MC FEE 12233920,,-2.29,"17,420.39",,,,,,,,,,,,,,,,,,,2.29,,,,,,,,,,,,,,,,,,,,,,,,,,,,,0,,,,,,,,,,,,,,,,
2025-10-22,VSA DEP12233920,,182.03,"17,602.42",,-182.03,,,,,,,,,,,,,,,,,,,,,,,,,,,,,,,,,,,,,,,,,,,,,,0,,,,,,,,,,,,,,,,
2025-10-22,VSA DEP12374336,,140,"17,742.42",,-140,,,,,,,,,,,,,,,,,,,,,,,,,,,,,,,,,,,,,,,,,,,,,,0,,,,,,,,,,,,,,,,
2025-10-22,VSA FEE12233920,,-3.37,"17,739.05",,,,,,,,,,,,,,,,,,,3.37,,,,,,,,,,,,,,,,,,,,,,,,,,,,,0,,,,,,,,,,,,,,,,
2025-10-23,Misc Payment,PAYPAL,1393.39,"19,132.44",,-1393.39,,,,,,,,,,,,,,,,,,,,,,,,,,,,,,,,,,,,,,,,,,,,,,0,,,,,,,,,,,,,,,,
2025-10-23,MC DEP 12233920,,2408.75,"21,541.19",,-2408.75,,,,,,,,,,,,,,,,,,,,,,,,,,,,,,,,,,,,,,,,,,,,,,0,,,,,,,,,,,,,,,,
2025-10-23,MC FEE 12233920,,-52.23,"21,488.96",,,,,,,,,,,,,,,,,,,52.23,,,,,,,,,,,,,,,,,,,,,,,,,,,,,0,,,,,,,,,,,,,,,,
2025-10-23,VSA DEP12233920,,71.31,"21,560.27",,-71.31,,,,,,,,,,,,,,,,,,,,,,,,,,,,,,,,,,,,,,,,,,,,,,0,,,,,,,,,,,,,,,,
2025-10-23,VSA FEE12233920,,-1.57,"21,558.70",,,,,,,,,,,,,,,,,,,1.57,,,,,,,,,,,,,,,,,,,,,,,,,,,,,0,,,,,,,,,,,,,,,,
2025-10-24,Misc Payment,HSA CAD CAN,-20.25,"21,538.45",,,,,,,,,,,,,,,,,,,20.25,,,,,,,,,,,,,,,,,,,,,,,,,,,,,0,,,,,,,,,,,,,,,,
2025-10-24,Online Banking transfer - 6557,,1522.5,"23,060.95",,,,,,,,,,,,,,,,,,,,,,,,,,-1522.5,,,,,,,,,,,,,,,,,,,,,,0,,TRF-107,CAN 1030 CAD,N,1106.8575,,,,,,,,,,,31
2025-10-24,VSA DEP12233920,,732.09,"23,793.04",,-732.09,,,,,,,,,,,,,,,,,,,,,,,,,,,,,,,,,,,,,,,,,,,,,,0,,,,,,,,,,,,,,,,
2025-10-24,VSA DEP12374336,,1105.98,"24,899.02",,-1105.98,,,,,,,,,,,,,,,,,,,,,,,,,,,,,,,,,,,,,,,,,,,,,,0,,,,,,,,,,,,,,,,
2025-10-24,VSA FEE12233920,,-18.7,"24,880.32",,,,,,,,,,,,,,,,,,,18.7,,,,,,,,,,,,,,,,,,,,,,,,,,,,,0,,,,,,,,,,,,,,,,
2025-10-27,e-Transfer sent,ar@oerp.ca,-2100,"22,780.32",,,,,,,,,,,,,,,,,,,2100,,,,,,,,,,,,,,,,,,,,,,,,,,,,,0,,,,,,,,,,,,,,,,
2025-10-27,Credit memo,FT916415329,8382.6,"31,162.92",,,,,,,,,,,,,,,,,,,,,,,,,,-8382.6,,,,,,,,,,,,,,,,,,,,,,0,,TRF-082,CAN 1015 USD,Y,6094.1502,,,,,,,,,,,32
2025-10-27,Business PAD,KATIE THIESSEN,-1988.64,"29,174.28",,,,,,,,,,,,,,,,,,,1988.64,,,,,,,,,,,,,,,,,,,,,,,,,,,,,0,,,,,,,,,,,,,,,,
2025-10-27,Misc Payment,PAYPAL,2277.66,"31,451.94",,-2277.66,,,,,,,,,,,,,,,,,,,,,,,,,,,,,,,,,,,,,,,,,,,,,,0,,,,,,,,,,,,,,,,
2025-10-27,MC DEP 12233920,,-213.57,"31,238.37",,213.57,,,,,,,,,,,,,,,,,,,,,,,,,,,,,,,,,,,,,,,,,,,,,,0,,,,,,,,,,,,,,,,
2025-10-27,MC DEP 12233920,,339,"31,577.37",,-339,,,,,,,,,,,,,,,,,,,,,,,,,,,,,,,,,,,,,,,,,,,,,,0,,,,,,,,,,,,,,,,
2025-10-27,MC FEE 12233920,,-7.62,"31,569.75",,,,,,,,,,,,,,,,,,,7.62,,,,,,,,,,,,,,,,,,,,,,,,,,,,,0,,,,,,,,,,,,,,,,
2025-10-27,MC FEE 12233920,,-0.06,"31,569.69",,,,,,,,,,,,,,,,,,,0.06,,,,,,,,,,,,,,,,,,,,,,,,,,,,,0,,,,,,,,,,,,,,,,
2025-10-27,MC FEE 12233920,,3.54,"31,573.23",,,,,,,,,,,,,,,,,,,-3.54,,,,,,,,,,,,,,,,,,,,,,,,,,,,,0,,,,,,,,,,,,,,,,
2025-10-27,VSA DEP12233920,,60.51,"31,633.74",,-60.51,,,,,,,,,,,,,,,,,,,,,,,,,,,,,,,,,,,,,,,,,,,,,,0,,,,,,,,,,,,,,,,
2025-10-27,VSA FEE12233920,,-1.56,"31,632.18",,,,,,,,,,,,,,,,,,,1.56,,,,,,,,,,,,,,,,,,,,,,,,,,,,,0,,,,,,,,,,,,,,,,
2025-10-27,VSA FEE12233920,,-0.06,"31,632.12",,,,,,,,,,,,,,,,,,,0.06,,,,,,,,,,,,,,,,,,,,,,,,,,,,,0,,,,,,,,,,,,,,,,
2025-10-28,Payroll Deposit,INTUIT 08543003,-3514.33,"28,117.79",,,,,,,,,,,,,,,,,,,3514.33,,,,,,,,,,,,,,,,,,,,,,,,,,,,,0,,,,,,,,,,,,,,,,
2025-10-28,Payroll Deposit,INTUIT 08543003,-3079.33,"25,038.46",,,,,,,,,,,,,,,,,,,3079.33,,,,,,,,,,,,,,,,,,,,,,,,,,,,,0,,,,,,,,,,,,,,,,
2025-10-28,Payroll Deposit,INTUIT 08543003,-2089.71,"22,948.75",,,,,,,,,,,,,,,,,,,2089.71,,,,,,,,,,,,,,,,,,,,,,,,,,,,,0,,,,,,,,,,,,,,,,
2025-10-28,Payroll Deposit,INTUIT 08543003,-2089.18,"20,859.57",,,,,,,,,,,,,,,,,,,2089.18,,,,,,,,,,,,,,,,,,,,,,,,,,,,,0,,,,,,,,,,,,,,,,
2025-10-28,Payroll Deposit,INTUIT 08543003,-1963.46,"18,896.11",,,,,,,,,,,,,,,,,,,1963.46,,,,,,,,,,,,,,,,,,,,,,,,,,,,,0,,,,,,,,,,,,,,,,
2025-10-28,Payroll Deposit,INTUIT 08543003,-1889.66,"17,006.45",,,,,,,,,,,,,,,,,,,1889.66,,,,,,,,,,,,,,,,,,,,,,,,,,,,,0,,,,,,,,,,,,,,,,
2025-10-28,Payroll Deposit,INTUIT 08543003,-1837.22,"15,169.23",,,,,,,,,,,,,,,,,,,1837.22,,,,,,,,,,,,,,,,,,,,,,,,,,,,,0,,,,,,,,,,,,,,,,
2025-10-28,Payroll Deposit,INTUIT 08543003,-1837.22,"13,332.01",,,,,,,,,,,,,,,,,,,1837.22,,,,,,,,,,,,,,,,,,,,,,,,,,,,,0,,,,,,,,,,,,,,,,
2025-10-28,Payroll Deposit,INTUIT 08543003,-1792.51,"11,539.50",,,,,,,,,,,,,,,,,,,1792.51,,,,,,,,,,,,,,,,,,,,,,,,,,,,,0,,,,,,,,,,,,,,,,
2025-10-28,Payroll Deposit,INTUIT 08543003,-1792.51,"9,746.99",,,,,,,,,,,,,,,,,,,1792.51,,,,,,,,,,,,,,,,,,,,,,,,,,,,,0,,,,,,,,,,,,,,,,
2025-10-28,Payroll Deposit,INTUIT 08543003,-1677.83,"8,069.16",,,,,,,,,,,,,,,,,,,1677.83,,,,,,,,,,,,,,,,,,,,,,,,,,,,,0,,,,,,,,,,,,,,,,
2025-10-28,Payroll Deposit,INTUIT 08543003,-1620.08,"6,449.08",,,,,,,,,,,,,,,,,,,1620.08,,,,,,,,,,,,,,,,,,,,,,,,,,,,,0,,,,,,,,,,,,,,,,
2025-10-28,Payroll Deposit,INTUIT 08543003,-1502.67,"4,946.41",,,,,,,,,,,,,,,,,,,1502.67,,,,,,,,,,,,,,,,,,,,,,,,,,,,,0,,,,,,,,,,,,,,,,
2025-10-28,Payroll Deposit,INTUIT 08543003,-1442.84,"3,503.57",,,,,,,,,,,,,,,,,,,1442.84,,,,,,,,,,,,,,,,,,,,,,,,,,,,,0,,,,,,,,,,,,,,,,
2025-10-28,Payroll Deposit,INTUIT 08543003,-1396.63,"2,106.94",,,,,,,,,,,,,,,,,,,1396.63,,,,,,,,,,,,,,,,,,,,,,,,,,,,,0,,,,,,,,,,,,,,,,
2025-10-28,Payroll Deposit,INTUIT 08543003,-935.63,"1,171.31",,,,,,,,,,,,,,,,,,,935.63,,,,,,,,,,,,,,,,,,,,,,,,,,,,,0,,,,,,,,,,,,,,,,
2025-10-28,Payroll Deposit,INTUIT 08543003,-699.95,471.36,,,,,,,,,,,,,,,,,,,699.95,,,,,,,,,,,,,,,,,,,,,,,,,,,,,0,,,,,,,,,,,,,,,,
2025-10-28,MC DEP 12233920,,548.83,"1,020.19",,-548.83,,,,,,,,,,,,,,,,,,,,,,,,,,,,,,,,,,,,,,,,,,,,,,0,,,,,,,,,,,,,,,,
2025-10-28,MC FEE 12233920,,-11.32,"1,008.87",,,,,,,,,,,,,,,,,,,11.32,,,,,,,,,,,,,,,,,,,,,,,,,,,,,0,,,,,,,,,,,,,,,,
2025-10-28,VSA DEP12233920,,63,"1,071.87",,-63,,,,,,,,,,,,,,,,,,,,,,,,,,,,,,,,,,,,,,,,,,,,,,0,,,,,,,,,,,,,,,,
2025-10-28,VSA DEP12374336,,16.79,"1,088.66",,-16.79,,,,,,,,,,,,,,,,,,,,,,,,,,,,,,,,,,,,,,,,,,,,,,0,,,,,,,,,,,,,,,,
2025-10-28,VSA FEE12233920,,-1.25,"1,087.41",,,,,,,,,,,,,,,,,,,1.25,,,,,,,,,,,,,,,,,,,,,,,,,,,,,0,,,,,,,,,,,,,,,,
2025-10-29,e-Transfer sent,bowlingdowntown@gmail.com,-250,837.41,,,,,,,,,,,,,,,,,,,250,,,,,,,,,,,,,,,,,,,,,,,,,,,,,0,,,,,,,,,,,,,,,,
2025-10-29,Online Banking payment - 1733,OUTDOOR GEAR,-376.93,460.48,,,,,,,,,,,,,,,,,,,,,,,,,,,,,,,,,376.93,,,,,,,,,,,,,,,0,,,,,,,,,,,,,,,,
2025-10-29,MC DEP 12233920,,-141.72,318.76,,141.72,,,,,,,,,,,,,,,,,,,,,,,,,,,,,,,,,,,,,,,,,,,,,,0,,,,,,,,,,,,,,,,
2025-10-29,MC FEE 12233920,,1.44,320.20,,,,,,,,,,,,,,,,,,,-1.44,,,,,,,,,,,,,,,,,,,,,,,,,,,,,0,,,,,,,,,,,,,,,,
2025-10-30,Misc Payment,PAYPAL,4133.55,"4,453.75",,-4133.55,,,,,,,,,,,,,,,,,,,,,,,,,,,,,,,,,,,,,,,,,,,,,,0,,,,,,,,,,,,,,,,
2025-10-30,EF1030 12374336,,935.34,"5,389.09",,-935.34,,,,,,,,,,,,,,,,,,,,,,,,,,,,,,,,,,,,,,,,,,,,,,0,,,,,,,,,,,,,,,,
2025-10-30,MC FEE 12233920,,-0.06,"5,389.03",,,,,,,,,,,,,,,,,,,0.06,,,,,,,,,,,,,,,,,,,,,,,,,,,,,0,,,,,,,,,,,,,,,,
2025-10-31,AMX FEE12233920,,-71.6,"5,317.43",,,,,,,,,,,,,,,,,,,71.6,,,,,,,,,,,,,,,,,,,,,,,,,,,,,0,,,,,,,,,,,,,,,,
2025-10-31,INT FEE12374336,,-1.01,"5,316.42",,,,,,,,,,,,,,,,,,,1.01,,,,,,,,,,,,,,,,,,,,,,,,,,,,,0,,,,,,,,,,,,,,,,
2025-10-31,MC DEP 12233920,,179.68,"5,496.10",,-179.68,,,,,,,,,,,,,,,,,,,,,,,,,,,,,,,,,,,,,,,,,,,,,,0,,,,,,,,,,,,,,,,
2025-10-31,MC FEE 12233920,,-8.98,"5,487.12",,,,,,,,,,,,,,,,,,,8.98,,,,,,,,,,,,,,,,,,,,,,,,,,,,,0,,,,,,,,,,,,,,,,
2025-10-31,MC FEE 12374336,,-21.34,"5,465.78",,,,,,,,,,,,,,,,,,,21.34,,,,,,,,,,,,,,,,,,,,,,,,,,,,,0,,,,,,,,,,,,,,,,
2025-10-31,MON FEE12233920,,-27.3,"5,438.48",,,,,,,,,,,,,,,,,,,27.3,,,,,,,,,,,,,,,,,,,,,,,,,,,,,0,,,,,,,,,,,,,,,,
2025-10-31,MON FEE12344503,,-27.3,"5,411.18",,,,,,,,,,,,,,,,,,,27.3,,,,,,,,,,,,,,,,,,,,,,,,,,,,,0,,,,,,,,,,,,,,,,
2025-10-31,MON FEE12374336,,-45.5,"5,365.68",,,,,,,,,,,,,,,,,,,45.5,,,,,,,,,,,,,,,,,,,,,,,,,,,,,0,,,,,,,,,,,,,,,,
2025-10-31,VSA DEP12374336,,453.6,"5,819.28",,-453.6,,,,,,,,,,,,,,,,,,,,,,,,,,,,,,,,,,,,,,,,,,,,,,0,,,,,,,,,,,,,,,,
2025-10-31,VSA FEE12374336,,-34.71,"5,784.57",,,,,,,,,,,,,,,,,,,34.71,,,,,,,,,,,,,,,,,,,,,,,,,,,,,0,,,,,,,,,,,,,,,,
2025-11-03,Credit memo,FT916441528,28050,"33,834.57",,,,,,,,,,,,,,,,,,,,,,,,,,-28050,,,,,,,,,,,,,,,,,,,,,,0,,TRF-083,CAN 1015 USD,Y,20392.35,,,,,,,,,,,33
2025-11-03,Misc Payment,HSA CAD CAN,-179.5,"33,655.07",,,,,,,,,,,,,,,,,,,179.5,,,,,,,,,,,,,,,,,,,,,,,,,,,,,0,,,,,,,,,,,,,,,,
2025-11-03,Misc Payment,PAYPAL,2953.43,"36,608.50",,-2953.43,,,,,,,,,,,,,,,,,,,,,,,,,,,,,,,,,,,,,,,,,,,,,,0,,,,,,,,,,,,,,,,
2025-11-03,Online transfer sent - 4493,REMY METAILLER INCORPORATED,-9173.85,"27,434.65",,,,,,,,,,,,,,,,,,,9173.85,,,,,,,,,,,,,,,,,,,,,,,,,,,,,0,,,,,,,,,,,,,,,,
2025-11-03,AMX DEP12233920,,56.95,"27,491.60",,-56.95,,,,,,,,,,,,,,,,,,,,,,,,,,,,,,,,,,,,,,,,,,,,,,0,,,,,,,,,,,,,,,,
2025-11-03,MC DEP 12374336,,491.93,"27,983.53",,-491.93,,,,,,,,,,,,,,,,,,,,,,,,,,,,,,,,,,,,,,,,,,,,,,0,,,,,,,,,,,,,,,,
2025-11-03,MC FEE 12233920,,-0.06,"27,983.47",,,,,,,,,,,,,,,,,,,0.06,,,,,,,,,,,,,,,,,,,,,,,,,,,,,0,,,,,,,,,,,,,,,,
2025-11-03,VSA DEP12233920,,107.25,"28,090.72",,-107.25,,,,,,,,,,,,,,,,,,,,,,,,,,,,,,,,,,,,,,,,,,,,,,0,,,,,,,,,,,,,,,,
2025-11-03,VSA DEP12374336,,104.99,"28,195.71",,-104.99,,,,,,,,,,,,,,,,,,,,,,,,,,,,,,,,,,,,,,,,,,,,,,0,,,,,,,,,,,,,,,,
2025-11-03,VSA FEE12233920,,-1.83,"28,193.88",,,,,,,,,,,,,,,,,,,1.83,,,,,,,,,,,,,,,,,,,,,,,,,,,,,0,,,,,,,,,,,,,,,,
2025-11-03,VSA FEE12233920,,-0.06,"28,193.82",,,,,,,,,,,,,,,,,,,0.06,,,,,,,,,,,,,,,,,,,,,,,,,,,,,0,,,,,,,,,,,,,,,,
2025-11-04,MC DEP 12233920,,171.72,"28,365.54",,-171.72,,,,,,,,,,,,,,,,,,,,,,,,,,,,,,,,,,,,,,,,,,,,,,0,,,,,,,,,,,,,,,,
2025-11-04,MC FEE 12233920,,-3.91,"28,361.63",,,,,,,,,,,,,,,,,,,3.91,,,,,,,,,,,,,,,,,,,,,,,,,,,,,0,,,,,,,,,,,,,,,,
2025-11-04,Monthly fee,,-6,"28,355.63",,,,,,,,,,,,,,,,,,,6,,,,,,,,,,,,,,,,,,,,,,,,,,,,,0,,,,,,,,,,,,,,,,
2025-11-04,VSA FEE12233920,,-0.19,"28,355.44",,,,,,,,,,,,,,,,,,,0.19,,,,,,,,,,,,,,,,,,,,,,,,,,,,,0,,,,,,,,,,,,,,,,
2025-11-05,Business PAD,SPECIALIZED,-2419.2,"25,936.24",,,,,,,,,,,,,,,,,,,,,,,,,,,,,,,,,2419.2,,,,,,,,,,,,,,,0,,,,,,,,,,,,,,,,
2025-11-05,VSA DEP12233920,,1011.82,"26,948.06",,-1011.82,,,,,,,,,,,,,,,,,,,,,,,,,,,,,,,,,,,,,,,,,,,,,,0,,,,,,,,,,,,,,,,
2025-11-05,VSA FEE12233920,,-16.95,"26,931.11",,,,,,,,,,,,,,,,,,,16.95,,,,,,,,,,,,,,,,,,,,,,,,,,,,,0,,,,,,,,,,,,,,,,
2025-11-06,Federal Payment,CANADA,-1683.17,"25,247.94",,,,,,,,,,,,,,,,,,,1683.17,,,,,,,,,,,,,,,,,,,,,,,,,,,,,0,,,,,,,,,,,,,,,,
2025-11-06,Misc Payment,PAYPAL,4733.09,"29,981.03",,-4733.09,,,,,,,,,,,,,,,,,,,,,,,,,,,,,,,,,,,,,,,,,,,,,,0,,,,,,,,,,,,,,,,
2025-11-06,Activity fee,,-278,"29,703.03",,,,,,,,,,,,,,,,,,,278,,,,,,,,,,,,,,,,,,,,,,,,,,,,,0,,,,,,,,,,,,,,,,
2025-11-06,EF1106 12374336,,-55.45,"29,647.58",,55.45,,,,,,,,,,,,,,,,,,,,,,,,,,,,,,,,,,,,,,,,,,,,,,0,,,,,,,,,,,,,,,,
2025-11-06,VSA DEP12233920,,103.68,"29,751.26",,-103.68,,,,,,,,,,,,,,,,,,,,,,,,,,,,,,,,,,,,,,,,,,,,,,0,,,,,,,,,,,,,,,,
2025-11-06,VSA DEP12374336,,53.76,"29,805.02",,-53.76,,,,,,,,,,,,,,,,,,,,,,,,,,,,,,,,,,,,,,,,,,,,,,0,,,,,,,,,,,,,,,,
2025-11-06,VSA FEE12233920,,-2.17,"29,802.85",,,,,,,,,,,,,,,,,,,2.17,,,,,,,,,,,,,,,,,,,,,,,,,,,,,0,,,,,,,,,,,,,,,,
2025-11-07,MC DEP 12374336,,322,"30,124.85",,-322,,,,,,,,,,,,,,,,,,,,,,,,,,,,,,,,,,,,,,,,,,,,,,0,,,,,,,,,,,,,,,,
2025-11-07,VSA DEP12233920,,1487.23,"31,612.08",,-1487.23,,,,,,,,,,,,,,,,,,,,,,,,,,,,,,,,,,,,,,,,,,,,,,0,,,,,,,,,,,,,,,,
2025-11-07,VSA FEE12233920,,-34.33,"31,577.75",,,,,,,,,,,,,,,,,,,34.33,,,,,,,,,,,,,,,,,,,,,,,,,,,,,0,,,,,,,,,,,,,,,,
2025-11-10,Business PAD,KATIE THIESSEN,-1988.64,"29,589.11",,,,,,,,,,,,,,,,,,,1988.64,,,,,,,,,,,,,,,,,,,,,,,,,,,,,0,,,,,,,,,,,,,,,,
2025-11-10,Misc Payment,PAYPAL,4595.19,"34,184.30",,-4595.19,,,,,,,,,,,,,,,,,,,,,,,,,,,,,,,,,,,,,,,,,,,,,,0,,,,,,,,,,,,,,,,
2025-11-10,MC DEP 12233920,,1585.69,"35,769.99",,-1585.69,,,,,,,,,,,,,,,,,,,,,,,,,,,,,,,,,,,,,,,,,,,,,,0,,,,,,,,,,,,,,,,
2025-11-10,MC FEE 12233920,,-36.9,"35,733.09",,,,,,,,,,,,,,,,,,,36.9,,,,,,,,,,,,,,,,,,,,,,,,,,,,,0,,,,,,,,,,,,,,,,
2025-11-10,MC FEE 12233920,,-0.06,"35,733.03",,,,,,,,,,,,,,,,,,,0.06,,,,,,,,,,,,,,,,,,,,,,,,,,,,,0,,,,,,,,,,,,,,,,
2025-11-10,Online transfer sent - 2348,,-8000,"27,733.03",,,,,,,,,,,,,,,,,,,8000,,,,,,,,,,,,,,,,,,,,,,,,,,,,,0,,,,,,,,,,,,,,,,
2025-11-10,VSA DEP12233920,,57.75,"27,790.78",,-57.75,,,,,,,,,,,,,,,,,,,,,,,,,,,,,,,,,,,,,,,,,,,,,,0,,,,,,,,,,,,,,,,
2025-11-10,VSA FEE12233920,,-1.29,"27,789.49",,,,,,,,,,,,,,,,,,,1.29,,,,,,,,,,,,,,,,,,,,,,,,,,,,,0,,,,,,,,,,,,,,,,
2025-11-10,VSA FEE12233920,,-0.06,"27,789.43",,,,,,,,,,,,,,,,,,,0.06,,,,,,,,,,,,,,,,,,,,,,,,,,,,,0,,,,,,,,,,,,,,,,
2025-11-12,Bill Payment,FortisBC Energy,-144.87,"27,644.56",,,,,,,,,,,,,,,,,,,144.87,,,,,,,,,,,,,,,,,,,,,,,,,,,,,0,,,,,,,,,,,,,,,,
2025-11-12,Credit memo,FT916472135,13986,"41,630.56",,,,,,,,,,,,,,,,,,,,,,,,,,-13986,,,,,,,,,,,,,,,,,,,,,,0,,TRF-084,CAN 1015 USD,Y,10167.822,,,,,,,,,,,34
2025-11-12,Payroll Deposit,INTUIT 08543826,-2275.72,"39,354.84",,,,,,,,,,,,,,,,,,,2275.72,,,,,,,,,,,,,,,,,,,,,,,,,,,,,0,,,,,,,,,,,,,,,,
2025-11-12,Payroll Deposit,INTUIT 08543826,-2144.62,"37,210.22",,,,,,,,,,,,,,,,,,,2144.62,,,,,,,,,,,,,,,,,,,,,,,,,,,,,0,,,,,,,,,,,,,,,,
2025-11-12,Payroll Deposit,INTUIT 08543826,-2133.36,"35,076.86",,,,,,,,,,,,,,,,,,,2133.36,,,,,,,,,,,,,,,,,,,,,,,,,,,,,0,,,,,,,,,,,,,,,,
2025-11-12,Payroll Deposit,INTUIT 08543826,-2123.97,"32,952.89",,,,,,,,,,,,,,,,,,,2123.97,,,,,,,,,,,,,,,,,,,,,,,,,,,,,0,,,,,,,,,,,,,,,,
2025-11-12,Payroll Deposit,INTUIT 08543826,-2089.71,"30,863.18",,,,,,,,,,,,,,,,,,,2089.71,,,,,,,,,,,,,,,,,,,,,,,,,,,,,0,,,,,,,,,,,,,,,,
2025-11-12,Payroll Deposit,INTUIT 08543826,-1963.46,"28,899.72",,,,,,,,,,,,,,,,,,,1963.46,,,,,,,,,,,,,,,,,,,,,,,,,,,,,0,,,,,,,,,,,,,,,,
2025-11-12,Payroll Deposit,INTUIT 08543826,-1963.46,"26,936.26",,,,,,,,,,,,,,,,,,,1963.46,,,,,,,,,,,,,,,,,,,,,,,,,,,,,0,,,,,,,,,,,,,,,,
2025-11-12,Payroll Deposit,INTUIT 08543826,-1837.22,"25,099.04",,,,,,,,,,,,,,,,,,,1837.22,,,,,,,,,,,,,,,,,,,,,,,,,,,,,0,,,,,,,,,,,,,,,,
2025-11-12,Payroll Deposit,INTUIT 08543826,-1792.51,"23,306.53",,,,,,,,,,,,,,,,,,,1792.51,,,,,,,,,,,,,,,,,,,,,,,,,,,,,0,,,,,,,,,,,,,,,,
2025-11-12,Payroll Deposit,INTUIT 08543826,-1792.51,"21,514.02",,,,,,,,,,,,,,,,,,,1792.51,,,,,,,,,,,,,,,,,,,,,,,,,,,,,0,,,,,,,,,,,,,,,,
2025-11-12,Payroll Deposit,INTUIT 08543826,-1735.58,"19,778.44",,,,,,,,,,,,,,,,,,,1735.58,,,,,,,,,,,,,,,,,,,,,,,,,,,,,0,,,,,,,,,,,,,,,,
2025-11-12,Payroll Deposit,INTUIT 08543826,-1547.56,"18,230.88",,,,,,,,,,,,,,,,,,,1547.56,,,,,,,,,,,,,,,,,,,,,,,,,,,,,0,,,,,,,,,,,,,,,,
2025-11-12,Payroll Deposit,INTUIT 08543826,-1396.63,"16,834.25",,,,,,,,,,,,,,,,,,,1396.63,,,,,,,,,,,,,,,,,,,,,,,,,,,,,0,,,,,,,,,,,,,,,,
2025-11-12,Payroll Deposit,INTUIT 08543826,-1211.24,"15,623.01",,,,,,,,,,,,,,,,,,,1211.24,,,,,,,,,,,,,,,,,,,,,,,,,,,,,0,,,,,,,,,,,,,,,,
2025-11-12,Payroll Deposit,INTUIT 08543826,-1029.73,"14,593.28",,,,,,,,,,,,,,,,,,,1029.73,,,,,,,,,,,,,,,,,,,,,,,,,,,,,0,,,,,,,,,,,,,,,,
2025-11-12,Payroll Deposit,INTUIT 08543826,-882.71,"13,710.57",,,,,,,,,,,,,,,,,,,882.71,,,,,,,,,,,,,,,,,,,,,,,,,,,,,0,,,,,,,,,,,,,,,,
2025-11-12,Payroll Deposit,INTUIT 08543826,-801.02,"12,909.55",,,,,,,,,,,,,,,,,,,801.02,,,,,,,,,,,,,,,,,,,,,,,,,,,,,0,,,,,,,,,,,,,,,,
2025-11-12,EF1112 12374336,,11.19,"12,920.74",,-11.19,,,,,,,,,,,,,,,,,,,,,,,,,,,,,,,,,,,,,,,,,,,,,,0,,,,,,,,,,,,,,,,
2025-11-12,MC FEE 12233920,,-0.02,"12,920.72",,,,,,,,,,,,,,,,,,,0.02,,,,,,,,,,,,,,,,,,,,,,,,,,,,,0,,,,,,,,,,,,,,,,
2025-11-12,Online transfer sent - 5932,,-8000,"4,920.72",,,,,,,,,,,,,,,,,,,8000,,,,,,,,,,,,,,,,,,,,,,,,,,,,,0,,,,,,,,,,,,,,,,
2025-11-12,VSA DEP12233920,,136.55,"5,057.27",,-136.55,,,,,,,,,,,,,,,,,,,,,,,,,,,,,,,,,,,,,,,,,,,,,,0,,,,,,,,,,,,,,,,
2025-11-12,VSA DEP12374336,,31.5,"5,088.77",,-31.5,,,,,,,,,,,,,,,,,,,,,,,,,,,,,,,,,,,,,,,,,,,,,,0,,,,,,,,,,,,,,,,
2025-11-12,VSA FEE12233920,,-2.71,"5,086.06",,,,,,,,,,,,,,,,,,,2.71,,,,,,,,,,,,,,,,,,,,,,,,,,,,,0,,,,,,,,,,,,,,,,
2025-11-12,VSA FEE12233920,,-0.14,"5,085.92",,,,,,,,,,,,,,,,,,,0.14,,,,,,,,,,,,,,,,,,,,,,,,,,,,,0,,,,,,,,,,,,,,,,
2025-11-13,Misc Payment,PAYPAL,2783.72,"7,869.64",,-2783.72,,,,,,,,,,,,,,,,,,,,,,,,,,,,,,,,,,,,,,,,,,,,,,0,,,,,,,,,,,,,,,,
2025-11-13,Payroll Deposit,PAYROLL,-32954.14,"-25,084.50",,,,,,,,,,,,,,,,,,,32954.14,,,,,,,,,,,,,,,,,,,,,,,,,,,,,0,,,,,,,,,,,,,,,,
2025-11-13,MC DEP 12233920,,-67.8,"-25,152.30",,67.8,,,,,,,,,,,,,,,,,,,,,,,,,,,,,,,,,,,,,,,,,,,,,,0,,,,,,,,,,,,,,,,
2025-11-13,MC FEE 12233920,,0.53,"-25,151.77",,,,,,,,,,,,,,,,,,,-0.53,,,,,,,,,,,,,,,,,,,,,,,,,,,,,0,,,,,,,,,,,,,,,,
2025-11-13,VSA DEP12233920,,1607.05,"-23,544.72",,-1607.05,,,,,,,,,,,,,,,,,,,,,,,,,,,,,,,,,,,,,,,,,,,,,,0,,,,,,,,,,,,,,,,
2025-11-13,VSA FEE12233920,,-41.92,"-23,586.64",,,,,,,,,,,,,,,,,,,41.92,,,,,,,,,,,,,,,,,,,,,,,,,,,,,0,,,,,,,,,,,,,,,,
2025-11-14,Misc Payment,HSA CAD CAN,-136.81,"-23,723.45",,,,,,,,,,,,,,,,,,,136.81,,,,,,,,,,,,,,,,,,,,,,,,,,,,,0,,,,,,,,,,,,,,,,
2025-11-14,Misc Payment,RBC CREDIT CARD,-14219.71,"-37,943.16",,,,,,,,,,,,,,,,,,,,,,,,,,,,14219.71,,,,,,,,,,,,,,,,,,,,0,,TRF-V4-004,CAN 2110 CAD,N,,,,,,,,,,,,35
2025-11-14,Misc Payment,RBC CREDIT CARD,-3629.9,"-41,573.06",,,,,,,,,,,,,,,,,,,,,,,,,,,,3629.9,,,,,,,,,,,,,,,,,,,,0,,TRF-V7-001,CAN 2190 CAD,,,,,,,,,,,,,36
2025-11-14,Misc Payment,RBC CREDIT CARD,-3324.55,"-44,897.61",,,,,,,,,,,,,,,,,,,,,,,,,,,,3324.55,,,,,,,,,,,,,,,,,,,,0,,TRF-V5-004,CAN 2130 CAD,N,,,,,,,,,,,,37
2025-11-14,EF1114 12374336,,55.13,"-44,842.48",,-55.13,,,,,,,,,,,,,,,,,,,,,,,,,,,,,,,,,,,,,,,,,,,,,,0,,,,,,,,,,,,,,,,
2025-11-14,LOAN CREDIT,,25000,"-19,842.48",,,,,,,,,,,,,,,,,,,,,,,,,,-25000,,,,,,,,,,,,,,,,,,,,,,0,,TRF-021,CAN 1050 CAD$,N,18175,,,,,,,,,,,38
2025-11-14,MC DEP 12374336,,120.92,"-19,721.56",,-120.92,,,,,,,,,,,,,,,,,,,,,,,,,,,,,,,,,,,,,,,,,,,,,,0,,,,,,,,,,,,,,,,
2025-11-14,VSA DEP12233920,,1257.47,"-18,464.09",,-1257.47,,,,,,,,,,,,,,,,,,,,,,,,,,,,,,,,,,,,,,,,,,,,,,0,,,,,,,,,,,,,,,,
2025-11-14,VSA DEP12374336,,877.17,"-17,586.92",,-877.17,,,,,,,,,,,,,,,,,,,,,,,,,,,,,,,,,,,,,,,,,,,,,,0,,,,,,,,,,,,,,,,
2025-11-14,VSA FEE12233920,,-33.53,"-17,620.45",,,,,,,,,,,,,,,,,,,33.53,,,,,,,,,,,,,,,,,,,,,,,,,,,,,0,,,,,,,,,,,,,,,,
2025-11-17,Credit memo,FT916486028,55980,"38,359.55",,,,,,,,,,,,,,,,,,,,,,,,,,-55980,,,,,,,,,,,,,,,,,,,,,,0,,TRF-085,CAN 1015 USD,Y,40697.46,,,,,,,,,,,39
2025-11-17,Credit memo,FT916488311,28008,"66,367.55",,,,,,,,,,,,,,,,,,,,,,,,,,-28008,,,,,,,,,,,,,,,,,,,,,,0,,TRF-086,CAN 1015 USD,Y,20361.816,,,,,,,,,,,40
2025-11-17,Misc Payment,PAYPAL,8106.61,"74,474.16",,-8106.61,,,,,,,,,,,,,,,,,,,,,,,,,,,,,,,,,,,,,,,,,,,,,,0,,,,,,,,,,,,,,,,
2025-11-17,Web payment,WIRE7532100891,-928.21,"73,545.95",,,,,,,,,,,,,,,,,,,,,,,,,,,,,,,,,928.21,,,,,,,,,,,,,,,0,,,,,,,,,,,,,,,,
2025-11-17,EF1117 12374336,,44.78,"73,590.73",,-44.78,,,,,,,,,,,,,,,,,,,,,,,,,,,,,,,,,,,,,,,,,,,,,,0,,,,,,,,,,,,,,,,
2025-11-17,VSA FEE12233920,,-0.06,"73,590.67",,,,,,,,,,,,,,,,,,,0.06,,,,,,,,,,,,,,,,,,,,,,,,,,,,,0,,,,,,,,,,,,,,,,
2025-11-18,Overdraft interest,@ RBP+05.00%P.A,-13.69,"73,576.98",,,,,,,,,,,,,,,,,,,13.69,,,,,,,,,,,,,,,,,,,,,,,,,,,,,0,,,,,,,,,,,,,,,,
2025-11-18,COMM HYDRO BILL PMT,B.C. HYDRO-PAP,-473.46,"73,103.52",,,,,,,,,,,,,,,,,,,473.46,,,,,,,,,,,,,,,,,,,,,,,,,,,,,0,,,,,,,,,,,,,,,,
2025-11-18,Payroll Deposit,INTUIT 08832967,-801.02,"72,302.50",,,,,,,,,,,,,,,,,,,801.02,,,,,,,,,,,,,,,,,,,,,,,,,,,,,0,,,,,,,,,,,,,,,,
2025-11-18,Cheque over limit fees,,-5,"72,297.50",,,,,,,,,,,,,,,,,,,5,,,,,,,,,,,,,,,,,,,,,,,,,,,,,0,,,,,,,,,,,,,,,,
2025-11-18,LOAN PAYMENT,,-25000,"47,297.50",,,,,,,,,,,,,,,,,,,,,,,,,,,25000,,,,,,,,,,,,,,,,,,,,,0,,TRF-022,CAN 1050 CAD$,N,-18175,,,,,,,,,,,41
2025-11-18,MC FEE 12233920,,-0.06,"47,297.44",,,,,,,,,,,,,,,,,,,0.06,,,,,,,,,,,,,,,,,,,,,,,,,,,,,0,,,,,,,,,,,,,,,,
2025-11-18,VSA DEP12233920,,1233.55,"48,530.99",,-1233.55,,,,,,,,,,,,,,,,,,,,,,,,,,,,,,,,,,,,,,,,,,,,,,0,,,,,,,,,,,,,,,,
2025-11-18,VSA FEE12233920,,-23.62,"48,507.37",,,,,,,,,,,,,,,,,,,23.62,,,,,,,,,,,,,,,,,,,,,,,,,,,,,0,,,,,,,,,,,,,,,,
2025-11-19,MC DEP 12233920,,2339.85,"50,847.22",,-2339.85,,,,,,,,,,,,,,,,,,,,,,,,,,,,,,,,,,,,,,,,,,,,,,0,,,,,,,,,,,,,,,,
2025-11-19,MC FEE 12233920,,-63.33,"50,783.89",,,,,,,,,,,,,,,,,,,63.33,,,,,,,,,,,,,,,,,,,,,,,,,,,,,0,,,,,,,,,,,,,,,,
2025-11-19,MON FEE12233920,,-44.46,"50,739.43",,,,,,,,,,,,,,,,,,,44.46,,,,,,,,,,,,,,,,,,,,,,,,,,,,,0,,,,,,,,,,,,,,,,
2025-11-19,VSA FEE12233920,,-0.45,"50,738.98",,,,,,,,,,,,,,,,,,,0.45,,,,,,,,,,,,,,,,,,,,,,,,,,,,,0,,,,,,,,,,,,,,,,
2025-11-20,e-Transfer sent,Max McCulloch,-1575,"49,163.98",,,,,,,,,,,,,,,,,,,1575,,,,,,,,,,,,,,,,,,,,,,,,,,,,,0,,,,,,,,,,,,,,,,
2025-11-20,Misc Payment,PAYPAL,17686.7,"66,850.68",,-17686.7,,,,,,,,,,,,,,,,,,,,,,,,,,,,,,,,,,,,,,,,,,,,,,0,,,,,,,,,,,,,,,,
2025-11-20,Business PAD,SPECIALIZED,-39.69,"66,810.99",,,,,,,,,,,,,,,,,,,0,,,,,,,,,,,,,,39.69,,,,,,,,,,,,,,,0,,,,,,,,,,,,,,,,
2025-11-20,MC FEE 12233920,,-0.06,"66,810.93",,,,,,,,,,,,,,,,,,,0.06,,,,,,,,,,,,,,,,,,,,,,,,,,,,,0,,,,,,,,,,,,,,,,
2025-11-20,VSA DEP12233920,,2394.7,"69,205.63",,-2394.7,,,,,,,,,,,,,,,,,,,,,,,,,,,,,,,,,,,,,,,,,,,,,,0,,,,,,,,,,,,,,,,
2025-11-20,VSA FEE12233920,,-45.71,"69,159.92",,,,,,,,,,,,,,,,,,,45.71,,,,,,,,,,,,,,,,,,,,,,,,,,,,,0,,,,,,,,,,,,,,,,
2025-11-21,Misc Payment,HSA CAD CAN,-273.63,"68,886.29",,,,,,,,,,,,,,,,,,,273.63,,,,,,,,,,,,,,,,,,,,,,,,,,,,,0,,,,,,,,,,,,,,,,
2025-11-21,Other loan,Loan interest,-15.62,"68,870.67",,,,,,,,,,,,,,,,,,,15.62,,,,,,,,,,,,,,,,,,,,,,,,,,,,,0,,,,,,,,,,,,,,,,
2025-11-21,EF1121 12374336,,119.44,"68,990.11",,-119.44,,,,,,,,,,,,,,,,,,,,,,,,,,,,,,,,,,,,,,,,,,,,,,0,,,,,,,,,,,,,,,,
2025-11-21,MC DEP 12233920,,1126.2,"70,116.31",,-1126.2,,,,,,,,,,,,,,,,,,,,,,,,,,,,,,,,,,,,,,,,,,,,,,0,,,,,,,,,,,,,,,,
2025-11-21,MC DEP 12374336,,24.09,"70,140.40",,-24.09,,,,,,,,,,,,,,,,,,,,,,,,,,,,,,,,,,,,,,,,,,,,,,0,,,,,,,,,,,,,,,,
2025-11-21,MC FEE 12233920,,-20.81,"70,119.59",,,,,,,,,,,,,,,,,,,20.81,,,,,,,,,,,,,,,,,,,,,,,,,,,,,0,,,,,,,,,,,,,,,,
2025-11-21,VSA DEP12374336,,2353.89,"72,473.48",,-2353.89,,,,,,,,,,,,,,,,,,,,,,,,,,,,,,,,,,,,,,,,,,,,,,0,,,,,,,,,,,,,,,,
2025-11-21,VSA FEE12233920,,-0.13,"72,473.35",,,,,,,,,,,,,,,,,,,0.13,,,,,,,,,,,,,,,,,,,,,,,,,,,,,0,,,,,,,,,,,,,,,,
2025-11-24,Misc Payment,HSA CAD CAN,-437.78,"72,035.57",,,,,,,,,,,,,,,,,,,437.78,,,,,,,,,,,,,,,,,,,,,,,,,,,,,0,,,,,,,,,,,,,,,,
2025-11-24,Business PAD,KATIE THIESSEN,-1988.64,"70,046.93",,,,,,,,,,,,,,,,,,,1988.64,,,,,,,,,,,,,,,,,,,,,,,,,,,,,0,,,,,,,,,,,,,,,,
2025-11-24,Misc Payment,PAYPAL,4834.86,"74,881.79",,-4834.86,,,,,,,,,,,,,,,,,,,,,,,,,,,,,,,,,,,,,,,,,,,,,,0,,,,,,,,,,,,,,,,
2025-11-24,AMX DEP12233920,,2313.5,"77,195.29",,-2313.5,,,,,,,,,,,,,,,,,,,,,,,,,,,,,,,,,,,,,,,,,,,,,,0,,,,,,,,,,,,,,,,
2025-11-24,MC DEP 12233920,,4126.56,"81,321.85",,-4126.56,,,,,,,,,,,,,,,,,,,,,,,,,,,,,,,,,,,,,,,,,,,,,,0,,,,,,,,,,,,,,,,
2025-11-24,MC FEE 12233920,,-102.43,"81,219.42",,,,,,,,,,,,,,,,,,,102.43,,,,,,,,,,,,,,,,,,,,,,,,,,,,,0,,,,,,,,,,,,,,,,
2025-11-24,MC FEE 12233920,,-2.14,"81,217.28",,,,,,,,,,,,,,,,,,,2.14,,,,,,,,,,,,,,,,,,,,,,,,,,,,,0,,,,,,,,,,,,,,,,
2025-11-24,MC FEE 12233920,,-0.06,"81,217.22",,,,,,,,,,,,,,,,,,,0.06,,,,,,,,,,,,,,,,,,,,,,,,,,,,,0,,,,,,,,,,,,,,,,
2025-11-24,MON FEE12233920,,-33.74,"81,183.48",,,,,,,,,,,,,,,,,,,33.74,,,,,,,,,,,,,,,,,,,,,,,,,,,,,0,,,,,,,,,,,,,,,,
2025-11-24,VSA DEP12233920,,5819.86,"87,003.34",,-5819.86,,,,,,,,,,,,,,,,,,,,,,,,,,,,,,,,,,,,,,,,,,,,,,0,,,,,,,,,,,,,,,,
2025-11-24,VSA DEP12233920,,609.22,"87,612.56",,-609.22,,,,,,,,,,,,,,,,,,,,,,,,,,,,,,,,,,,,,,,,,,,,,,0,,,,,,,,,,,,,,,,
2025-11-24,VSA FEE12233920,,-123.85,"87,488.71",,,,,,,,,,,,,,,,,,,123.85,,,,,,,,,,,,,,,,,,,,,,,,,,,,,0,,,,,,,,,,,,,,,,
2025-11-24,VSA FEE12233920,,-11.51,"87,477.20",,,,,,,,,,,,,,,,,,,11.51,,,,,,,,,,,,,,,,,,,,,,,,,,,,,0,,,,,,,,,,,,,,,,
2025-11-25,Online Banking payment - 4364,CYCLES LAMBERT,-521.13,"86,956.07",,,,,,,,,,,,,,,,,,,,,,,,,,,,,,,,,521.13,,,,,,,,,,,,,,,0,,,,,,,,,,,,,,,,
2025-11-25,Payroll Deposit,INTUIT 08832972,-2753.12,"84,202.95",,,,,,,,,,,,,,,,,,,2753.12,,,,,,,,,,,,,,,,,,,,,,,,,,,,,0,,,,,,,,,,,,,,,,
2025-11-25,Payroll Deposit,INTUIT 08832972,-2393.45,"81,809.50",,,,,,,,,,,,,,,,,,,2393.45,,,,,,,,,,,,,,,,,,,,,,,,,,,,,0,,,,,,,,,,,,,,,,
2025-11-25,Payroll Deposit,INTUIT 08832972,-2133.33,"79,676.17",,,,,,,,,,,,,,,,,,,2133.33,,,,,,,,,,,,,,,,,,,,,,,,,,,,,0,,,,,,,,,,,,,,,,
2025-11-25,Payroll Deposit,INTUIT 08832972,-2089.71,"77,586.46",,,,,,,,,,,,,,,,,,,2089.71,,,,,,,,,,,,,,,,,,,,,,,,,,,,,0,,,,,,,,,,,,,,,,
2025-11-25,Payroll Deposit,INTUIT 08832972,-2089.71,"75,496.75",,,,,,,,,,,,,,,,,,,2089.71,,,,,,,,,,,,,,,,,,,,,,,,,,,,,0,,,,,,,,,,,,,,,,
2025-11-25,Payroll Deposit,INTUIT 08832972,-1963.46,"73,533.29",,,,,,,,,,,,,,,,,,,1963.46,,,,,,,,,,,,,,,,,,,,,,,,,,,,,0,,,,,,,,,,,,,,,,
2025-11-25,Payroll Deposit,INTUIT 08832972,-1867.86,"71,665.43",,,,,,,,,,,,,,,,,,,1867.86,,,,,,,,,,,,,,,,,,,,,,,,,,,,,0,,,,,,,,,,,,,,,,
2025-11-25,Payroll Deposit,INTUIT 08832972,-1837.22,"69,828.21",,,,,,,,,,,,,,,,,,,1837.22,,,,,,,,,,,,,,,,,,,,,,,,,,,,,0,,,,,,,,,,,,,,,,
2025-11-25,Payroll Deposit,INTUIT 08832972,-1792.51,"68,035.70",,,,,,,,,,,,,,,,,,,1792.51,,,,,,,,,,,,,,,,,,,,,,,,,,,,,0,,,,,,,,,,,,,,,,
2025-11-25,Payroll Deposit,INTUIT 08832972,-1792.51,"66,243.19",,,,,,,,,,,,,,,,,,,1792.51,,,,,,,,,,,,,,,,,,,,,,,,,,,,,0,,,,,,,,,,,,,,,,
2025-11-25,Payroll Deposit,INTUIT 08832972,-1735.58,"64,507.61",,,,,,,,,,,,,,,,,,,1735.58,,,,,,,,,,,,,,,,,,,,,,,,,,,,,0,,,,,,,,,,,,,,,,
2025-11-25,Payroll Deposit,INTUIT 08832972,-1602.04,"62,905.57",,,,,,,,,,,,,,,,,,,1602.04,,,,,,,,,,,,,,,,,,,,,,,,,,,,,0,,,,,,,,,,,,,,,,
2025-11-25,Payroll Deposit,INTUIT 08832972,-1547.56,"61,358.01",,,,,,,,,,,,,,,,,,,1547.56,,,,,,,,,,,,,,,,,,,,,,,,,,,,,0,,,,,,,,,,,,,,,,
2025-11-25,Payroll Deposit,INTUIT 08832972,-1469.8,"59,888.21",,,,,,,,,,,,,,,,,,,1469.8,,,,,,,,,,,,,,,,,,,,,,,,,,,,,0,,,,,,,,,,,,,,,,
2025-11-25,Payroll Deposit,INTUIT 08832972,-1436.36,"58,451.85",,,,,,,,,,,,,,,,,,,1436.36,,,,,,,,,,,,,,,,,,,,,,,,,,,,,0,,,,,,,,,,,,,,,,
2025-11-25,Payroll Deposit,INTUIT 08832972,-1396.63,"57,055.22",,,,,,,,,,,,,,,,,,,1396.63,,,,,,,,,,,,,,,,,,,,,,,,,,,,,0,,,,,,,,,,,,,,,,
2025-11-25,Payroll Deposit,INTUIT 08832972,-947.61,"56,107.61",,,,,,,,,,,,,,,,,,,947.61,,,,,,,,,,,,,,,,,,,,,,,,,,,,,0,,,,,,,,,,,,,,,,
2025-11-25,e-Transfer sent,Shipco,-610.02,"55,497.59",,,,,,,,,,,,,,,,,,,610.02,,,,,,,,,,,,,,,,,,,,,,,,,,,,,0,,,,,,,,,,,,,,,,
2025-11-25,MC FEE 12233920,,-1.35,"55,496.24",,,,,,,,,,,,,,,,,,,1.35,,,,,,,,,,,,,,,,,,,,,,,,,,,,,0,,,,,,,,,,,,,,,,
2025-11-25,VSA FEE12233920,,-0.06,"55,496.18",,,,,,,,,,,,,,,,,,,0.06,,,,,,,,,,,,,,,,,,,,,,,,,,,,,0,,,,,,,,,,,,,,,,
2025-11-26,MC DEP 12233920,,4231.53,"59,727.71",,-4231.53,,,,,,,,,,,,,,,,,,,,,,,,,,,,,,,,,,,,,,,,,,,,,,0,,,,,,,,,,,,,,,,
2025-11-26,MC FEE 12233920,,-93.16,"59,634.55",,,,,,,,,,,,,,,,,,,93.16,,,,,,,,,,,,,,,,,,,,,,,,,,,,,0,,,,,,,,,,,,,,,,
2025-11-26,VSA DEP12233920,,1742.54,"61,377.09",,-1742.54,,,,,,,,,,,,,,,,,,,,,,,,,,,,,,,,,,,,,,,,,,,,,,0,,,,,,,,,,,,,,,,
2025-11-26,VSA FEE12233920,,-39.78,"61,337.31",,,,,,,,,,,,,,,,,,,39.78,,,,,,,,,,,,,,,,,,,,,,,,,,,,,0,,,,,,,,,,,,,,,,
2025-11-27,EF1127 12374336,,16.8,"61,354.11",,-16.8,,,,,,,,,,,,,,,,,,,,,,,,,,,,,,,,,,,,,,,,,,,,,,0,,,,,,,,,,,,,,,,
2025-11-27,MC DEP 12233920,,7319.36,"68,673.47",,-7319.36,,,,,,,,,,,,,,,,,,,,,,,,,,,,,,,,,,,,,,,,,,,,,,0,,,,,,,,,,,,,,,,
2025-11-27,MC DEP 12374336,,14.55,"68,688.02",,-14.55,,,,,,,,,,,,,,,,,,,,,,,,,,,,,,,,,,,,,,,,,,,,,,0,,,,,,,,,,,,,,,,
2025-11-27,MC FEE 12233920,,-153.11,"68,534.91",,,,,,,,,,,,,,,,,,,153.11,,,,,,,,,,,,,,,,,,,,,,,,,,,,,0,,,,,,,,,,,,,,,,
2025-11-27,VSA DEP12233920,,4105.87,"72,640.78",,-4105.87,,,,,,,,,,,,,,,,,,,,,,,,,,,,,,,,,,,,,,,,,,,,,,0,,,,,,,,,,,,,,,,
2025-11-27,VSA FEE12233920,,-88.16,"72,552.62",,,,,,,,,,,,,,,,,,,88.16,,,,,,,,,,,,,,,,,,,,,,,,,,,,,0,,,,,,,,,,,,,,,,
2025-11-28,Direct Deposits (PDS) service total,GRADS8318600000,-689.65,"71,862.97",,,,,,,,,,,,,,,,,,,689.65,,,,,,,,,,,,,,,,,,,,,,,,,,,,,0,,,,,,,,,,,,,,,,
2025-11-28,Misc Payment,HSA CAD CAN,-189.62,"71,673.35",,,,,,,,,,,,,,,,,,,189.62,,,,,,,,,,,,,,,,,,,,,,,,,,,,,0,,,,,,,,,,,,,,,,
2025-11-28,MC DEP 12233920,,562.81,"72,236.16",,-562.81,,,,,,,,,,,,,,,,,,,,,,,,,,,,,,,,,,,,,,,,,,,,,,0,,,,,,,,,,,,,,,,
2025-11-28,MC FEE 12233920,,-15.08,"72,221.08",,,,,,,,,,,,,,,,,,,15.08,,,,,,,,,,,,,,,,,,,,,,,,,,,,,0,,,,,,,,,,,,,,,,
2025-11-28,VSA DEP12233920,,-73.48,"72,147.60",,73.48,,,,,,,,,,,,,,,,,,,,,,,,,,,,,,,,,,,,,,,,,,,,,,0,,,,,,,,,,,,,,,,
2025-11-28,VSA DEP12374336,,601.89,"72,749.49",,-601.89,,,,,,,,,,,,,,,,,,,,,,,,,,,,,,,,,,,,,,,,,,,,,,0,,,,,,,,,,,,,,,,
2025-11-28,VSA FEE12233920,,0.85,"72,750.34",,,,,,,,,,,,,,,,,,,-0.85,,,,,,,,,,,,,,,,,,,,,,,,,,,,,0,,,,,,,,,,,,,,,,
2025-12-01,e-Transfer sent,Alexandre Chapellier,-2100,"70,650.34",,,,,,,,,,,,,,,,,,,2100,,,,,,,,,,,,,,,,,,,,,,,,,,,,,0,,,,,,,,,,,,,,,,
2025-12-01,Misc Payment,PAYPAL,6067.36,"76,717.70",,-6067.36,,,,,,,,,,,,,,,,,,,,,,,,,,,,,,,,,,,,,,,,,,,,,,0,,,,,,,,,,,,,,,,
2025-12-01,AMX FEE12233920,,-69.73,"76,647.97",,,,,,,,,,,,,,,,,,,69.73,,,,,,,,,,,,,,,,,,,,,,,,,,,,,0,,,,,,,,,,,,,,,,
2025-12-01,INT FEE12374336,,-0.51,"76,647.46",,,,,,,,,,,,,,,,,,,0.51,,,,,,,,,,,,,,,,,,,,,,,,,,,,,0,,,,,,,,,,,,,,,,
2025-12-01,MC DEP 12233920,,7729.37,"84,376.83",,-7729.37,,,,,,,,,,,,,,,,,,,,,,,,,,,,,,,,,,,,,,,,,,,,,,0,,,,,,,,,,,,,,,,
2025-12-01,MC FEE 12233920,,-172.67,"84,204.16",,,,,,,,,,,,,,,,,,,172.67,,,,,,,,,,,,,,,,,,,,,,,,,,,,,0,,,,,,,,,,,,,,,,
2025-12-01,MC FEE 12233920,,-19.76,"84,184.40",,,,,,,,,,,,,,,,,,,19.76,,,,,,,,,,,,,,,,,,,,,,,,,,,,,0,,,,,,,,,,,,,,,,
2025-12-01,MC FEE 12233920,,-0.13,"84,184.27",,,,,,,,,,,,,,,,,,,0.13,,,,,,,,,,,,,,,,,,,,,,,,,,,,,0,,,,,,,,,,,,,,,,
2025-12-01,MC FEE 12374336,,-12.19,"84,172.08",,,,,,,,,,,,,,,,,,,12.19,,,,,,,,,,,,,,,,,,,,,,,,,,,,,0,,,,,,,,,,,,,,,,
2025-12-01,MON FEE12233920,,-27.3,"84,144.78",,,,,,,,,,,,,,,,,,,27.3,,,,,,,,,,,,,,,,,,,,,,,,,,,,,0,,,,,,,,,,,,,,,,
2025-12-01,MON FEE12344503,,-27.3,"84,117.48",,,,,,,,,,,,,,,,,,,27.3,,,,,,,,,,,,,,,,,,,,,,,,,,,,,0,,,,,,,,,,,,,,,,
2025-12-01,MON FEE12374336,,-45.5,"84,071.98",,,,,,,,,,,,,,,,,,,45.5,,,,,,,,,,,,,,,,,,,,,,,,,,,,,0,,,,,,,,,,,,,,,,
2025-12-01,VSA DEP12233920,,3635.99,"87,707.97",,-3635.99,,,,,,,,,,,,,,,,,,,,,,,,,,,,,,,,,,,,,,,,,,,,,,0,,,,,,,,,,,,,,,,
2025-12-01,VSA DEP12233920,,2492.27,"90,200.24",,-2492.27,,,,,,,,,,,,,,,,,,,,,,,,,,,,,,,,,,,,,,,,,,,,,,0,,,,,,,,,,,,,,,,
2025-12-01,VSA DEP12233920,,2106.92,"92,307.16",,-2106.92,,,,,,,,,,,,,,,,,,,,,,,,,,,,,,,,,,,,,,,,,,,,,,0,,,,,,,,,,,,,,,,
2025-12-01,VSA FEE12233920,,-65.12,"92,242.04",,,,,,,,,,,,,,,,,,,65.12,,,,,,,,,,,,,,,,,,,,,,,,,,,,,0,,,,,,,,,,,,,,,,
2025-12-01,VSA FEE12233920,,-48.57,"92,193.47",,,,,,,,,,,,,,,,,,,48.57,,,,,,,,,,,,,,,,,,,,,,,,,,,,,0,,,,,,,,,,,,,,,,
2025-12-01,VSA FEE12233920,,-40.46,"92,153.01",,,,,,,,,,,,,,,,,,,40.46,,,,,,,,,,,,,,,,,,,,,,,,,,,,,0,,,,,,,,,,,,,,,,
2025-12-01,VSA FEE12374336,,-44.34,"92,108.67",,,,,,,,,,,,,,,,,,,44.34,,,,,,,,,,,,,,,,,,,,,,,,,,,,,0,,,,,,,,,,,,,,,,
2025-12-02,Business PAD,Clearbridge Bus,-884.8,"91,223.87",,,,,,,,,,,,,,,,,,,884.8,,,,,,,,,,,,,,,,,,,,,,,,,,,,,0,,,,,,,,,,,,,,,,
2025-12-02,MC DEP 12233920,,3988.83,"95,212.70",,-3988.83,,,,,,,,,,,,,,,,,,,,,,,,,,,,,,,,,,,,,,,,,,,,,,0,,,,,,,,,,,,,,,,
2025-12-02,MC FEE 12233920,,-90.34,"95,122.36",,,,,,,,,,,,,,,,,,,90.34,,,,,,,,,,,,,,,,,,,,,,,,,,,,,0,,,,,,,,,,,,,,,,
2025-12-02,MON FEE12233920,,-57.81,"95,064.55",,,,,,,,,,,,,,,,,,,57.81,,,,,,,,,,,,,,,,,,,,,,,,,,,,,0,,,,,,,,,,,,,,,,
2025-12-02,Monthly fee,,-6,"95,058.55",,,,,,,,,,,,,,,,,,,6,,,,,,,,,,,,,,,,,,,,,,,,,,,,,0,,,,,,,,,,,,,,,,
2025-12-02,Online Transfer to Deposit Account-0872,,-6729.17,"88,329.38",,,,,,,,,,,,,,,,,,,,,,,,,,,6729.17,,,,,,,,,,,,,,,,,,,,,0,,TRF-106,CAN 1030 CAD,N,-4892.10659,,,,,,,,,,,42
2025-12-02,VSA DEP12233920,,18672.01,"107,001.39",,-18672.01,,,,,,,,,,,,,,,,,,,,,,,,,,,,,,,,,,,,,,,,,,,,,,0,,,,,,,,,,,,,,,,
2025-12-02,VSA FEE12233920,,-380.51,"106,620.88",,,,,,,,,,,,,,,,,,,380.51,,,,,,,,,,,,,,,,,,,,,,,,,,,,,0,,,,,,,,,,,,,,,,
2025-12-03,Misc Payment,HSA CAD CAN,-132.86,"106,488.02",,,,,,,,,,,,,,,,,,,132.86,,,,,,,,,,,,,,,,,,,,,,,,,,,,,0,,,,,,,,,,,,,,,,
2025-12-03,MC DEP 12233920,,7789.62,"114,277.64",,-7789.62,,,,,,,,,,,,,,,,,,,,,,,,,,,,,,,,,,,,,,,,,,,,,,0,,,,,,,,,,,,,,,,
2025-12-03,MC FEE 12233920,,-142.09,"114,135.55",,,,,,,,,,,,,,,,,,,142.09,,,,,,,,,,,,,,,,,,,,,,,,,,,,,0,,,,,,,,,,,,,,,,
2025-12-03,VSA DEP12233920,,3895.41,"118,030.96",,-3895.41,,,,,,,,,,,,,,,,,,,,,,,,,,,,,,,,,,,,,,,,,,,,,,0,,,,,,,,,,,,,,,,
2025-12-03,VSA DEP12374336,,55.99,"118,086.95",,-55.99,,,,,,,,,,,,,,,,,,,,,,,,,,,,,,,,,,,,,,,,,,,,,,0,,,,,,,,,,,,,,,,
2025-12-03,VSA FEE12233920,,-76.15,"118,010.80",,,,,,,,,,,,,,,,,,,76.15,,,,,,,,,,,,,,,,,,,,,,,,,,,,,0,,,,,,,,,,,,,,,,
2025-12-04,Business PAD,Clearbridge Bus,-7927.86,"110,082.94",,,,,,,,,,,,,,,,,,,7927.86,,,,,,,,,,,,,,,,,,,,,,,,,,,,,0,,,,,,,,,,,,,,,,
2025-12-04,Misc Payment,PAYPAL,5292.23,"115,375.17",,-5292.23,,,,,,,,,,,,,,,,,,,,,,,,,,,,,,,,,,,,,,,,,,,,,,0,,,,,,,,,,,,,,,,
2025-12-04,Activity fee,,-456,"114,919.17",,,,,,,,,,,,,,,,,,,456,,,,,,,,,,,,,,,,,,,,,,,,,,,,,0,,,,,,,,,,,,,,,,
2025-12-04,MC FEE 12233920,,-0.06,"114,919.11",,,,,,,,,,,,,,,,,,,0.06,,,,,,,,,,,,,,,,,,,,,,,,,,,,,0,,,,,,,,,,,,,,,,
2025-12-04,VSA DEP12233920,,6269.73,"121,188.84",,-6269.73,,,,,,,,,,,,,,,,,,,,,,,,,,,,,,,,,,,,,,,,,,,,,,0,,,,,,,,,,,,,,,,
2025-12-04,VSA FEE12233920,,-128.1,"121,060.74",,,,,,,,,,,,,,,,,,,128.1,,,,,,,,,,,,,,,,,,,,,,,,,,,,,0,,,,,,,,,,,,,,,,
2025-12-05,Federal Payment,CANADA,-2274.13,"118,786.61",,,,,,,,,,,,,,,,,,,2274.13,,,,,,,,,,,,,,,,,,,,,,,,,,,,,0,,,,,,,,,,,,,,,,
2025-12-05,EF1205 12374336,,26.87,"118,813.48",,-26.87,,,,,,,,,,,,,,,,,,,,,,,,,,,,,,,,,,,,,,,,,,,,,,0,,,,,,,,,,,,,,,,
2025-12-05,MC FEE 12233920,,-0.29,"118,813.19",,,,,,,,,,,,,,,,,,,0.29,,,,,,,,,,,,,,,,,,,,,,,,,,,,,0,,,,,,,,,,,,,,,,
2025-12-05,VSA DEP12233920,,1323.23,"120,136.42",,-1323.23,,,,,,,,,,,,,,,,,,,,,,,,,,,,,,,,,,,,,,,,,,,,,,0,,,,,,,,,,,,,,,,
2025-12-05,VSA FEE12233920,,-22.23,"120,114.19",,,,,,,,,,,,,,,,,,,22.23,,,,,,,,,,,,,,,,,,,,,,,,,,,,,0,,,,,,,,,,,,,,,,
2025-12-08,Misc Payment,HSA CAD CAN,-23.4,"120,090.79",,,,,,,,,,,,,,,,,,,23.4,,,,,,,,,,,,,,,,,,,,,,,,,,,,,0,,,,,,,,,,,,,,,,
2025-12-08,Business PAD,KATIE THIESSEN,-1988.64,"118,102.15",,,,,,,,,,,,,,,,,,,1988.64,,,,,,,,,,,,,,,,,,,,,,,,,,,,,0,,,,,,,,,,,,,,,,
2025-12-08,Misc Payment,Wise,-2.38,"118,099.77",,,,,,,,,,,,,,,,,,,2.38,,,,,,,,,,,,,,,,,,,,,,,,,,,,,0,,,,,,,,,,,,,,,,
2025-12-08,MC DEP 12233920,,1780.35,"119,880.12",,-1780.35,,,,,,,,,,,,,,,,,,,,,,,,,,,,,,,,,,,,,,,,,,,,,,0,,,,,,,,,,,,,,,,
2025-12-08,MC FEE 12233920,,-38.35,"119,841.77",,,,,,,,,,,,,,,,,,,38.35,,,,,,,,,,,,,,,,,,,,,,,,,,,,,0,,,,,,,,,,,,,,,,
2025-12-08,VSA DEP12233920,,483.69,"120,325.46",,-483.69,,,,,,,,,,,,,,,,,,,,,,,,,,,,,,,,,,,,,,,,,,,,,,0,,,,,,,,,,,,,,,,
2025-12-08,VSA DEP12374336,,44.78,"120,370.24",,-44.78,,,,,,,,,,,,,,,,,,,,,,,,,,,,,,,,,,,,,,,,,,,,,,0,,,,,,,,,,,,,,,,
2025-12-08,VSA FEE12233920,,-8.26,"120,361.98",,,,,,,,,,,,,,,,,,,8.26,,,,,,,,,,,,,,,,,,,,,,,,,,,,,0,,,,,,,,,,,,,,,,
2025-12-09,Payroll Deposit,INTUIT 09071474,-3315.72,"117,046.26",,,,,,,,,,,,,,,,,,,3315.72,,,,,,,,,,,,,,,,,,,,,,,,,,,,,0,,,,,,,,,,,,,,,,
2025-12-09,Payroll Deposit,INTUIT 09071474,-2762.54,"114,283.72",,,,,,,,,,,,,,,,,,,2762.54,,,,,,,,,,,,,,,,,,,,,,,,,,,,,0,,,,,,,,,,,,,,,,
2025-12-09,Payroll Deposit,INTUIT 09071474,-2194.55,"112,089.17",,,,,,,,,,,,,,,,,,,2194.55,,,,,,,,,,,,,,,,,,,,,,,,,,,,,0,,,,,,,,,,,,,,,,
2025-12-09,Payroll Deposit,INTUIT 09071474,-2092.74,"109,996.43",,,,,,,,,,,,,,,,,,,2092.74,,,,,,,,,,,,,,,,,,,,,,,,,,,,,0,,,,,,,,,,,,,,,,
2025-12-09,Payroll Deposit,INTUIT 09071474,-2089.71,"107,906.72",,,,,,,,,,,,,,,,,,,2089.71,,,,,,,,,,,,,,,,,,,,,,,,,,,,,0,,,,,,,,,,,,,,,,
2025-12-09,Payroll Deposit,INTUIT 09071474,-1963.46,"105,943.26",,,,,,,,,,,,,,,,,,,1963.46,,,,,,,,,,,,,,,,,,,,,,,,,,,,,0,,,,,,,,,,,,,,,,
2025-12-09,Payroll Deposit,INTUIT 09071474,-1963.46,"103,979.80",,,,,,,,,,,,,,,,,,,1963.46,,,,,,,,,,,,,,,,,,,,,,,,,,,,,0,,,,,,,,,,,,,,,,
2025-12-09,Payroll Deposit,INTUIT 09071474,-1867.86,"102,111.94",,,,,,,,,,,,,,,,,,,1867.86,,,,,,,,,,,,,,,,,,,,,,,,,,,,,0,,,,,,,,,,,,,,,,
2025-12-09,Payroll Deposit,INTUIT 09071474,-1837.22,"100,274.72",,,,,,,,,,,,,,,,,,,1837.22,,,,,,,,,,,,,,,,,,,,,,,,,,,,,0,,,,,,,,,,,,,,,,
2025-12-09,Payroll Deposit,INTUIT 09071474,-1792.51,"98,482.21",,,,,,,,,,,,,,,,,,,1792.51,,,,,,,,,,,,,,,,,,,,,,,,,,,,,0,,,,,,,,,,,,,,,,
2025-12-09,Payroll Deposit,INTUIT 09071474,-1792.51,"96,689.70",,,,,,,,,,,,,,,,,,,1792.51,,,,,,,,,,,,,,,,,,,,,,,,,,,,,0,,,,,,,,,,,,,,,,
2025-12-09,Payroll Deposit,INTUIT 09071474,-1735.58,"94,954.12",,,,,,,,,,,,,,,,,,,1735.58,,,,,,,,,,,,,,,,,,,,,,,,,,,,,0,,,,,,,,,,,,,,,,
2025-12-09,Payroll Deposit,INTUIT 09071474,-1547.56,"93,406.56",,,,,,,,,,,,,,,,,,,1547.56,,,,,,,,,,,,,,,,,,,,,,,,,,,,,0,,,,,,,,,,,,,,,,
2025-12-09,Payroll Deposit,INTUIT 09071474,-1474.1,"91,932.46",,,,,,,,,,,,,,,,,,,1474.1,,,,,,,,,,,,,,,,,,,,,,,,,,,,,0,,,,,,,,,,,,,,,,
2025-12-09,Payroll Deposit,INTUIT 09071474,-1414.05,"90,518.41",,,,,,,,,,,,,,,,,,,1414.05,,,,,,,,,,,,,,,,,,,,,,,,,,,,,0,,,,,,,,,,,,,,,,
2025-12-09,Payroll Deposit,INTUIT 09071474,-1396.63,"89,121.78",,,,,,,,,,,,,,,,,,,1396.63,,,,,,,,,,,,,,,,,,,,,,,,,,,,,0,,,,,,,,,,,,,,,,
2025-12-09,Payroll Deposit,INTUIT 09071474,-929.41,"88,192.37",,,,,,,,,,,,,,,,,,,929.41,,,,,,,,,,,,,,,,,,,,,,,,,,,,,0,,,,,,,,,,,,,,,,
2025-12-09,Payroll Deposit,PAYROLL,-20113.93,"68,078.44",,,,,,,,,,,,,,,,,,,20113.93,,,,,,,,,,,,,,,,,,,,,,,,,,,,,0,,,,,,,,,,,,,,,,
2025-12-09,MC FEE 12233920,,-0.06,"68,078.38",,,,,,,,,,,,,,,,,,,0.06,,,,,,,,,,,,,,,,,,,,,,,,,,,,,0,,,,,,,,,,,,,,,,
2025-12-09,VSA DEP12233920,,100,"68,178.38",,-100,,,,,,,,,,,,,,,,,,,,,,,,,,,,,,,,,,,,,,,,,,,,,,0,,,,,,,,,,,,,,,,
2025-12-09,VSA FEE12233920,,-2.84,"68,175.54",,,,,,,,,,,,,,,,,,,2.84,,,,,,,,,,,,,,,,,,,,,,,,,,,,,0,,,,,,,,,,,,,,,,
2025-12-10,Misc Payment,HSA CAD CAN,-20.25,"68,155.29",,,,,,,,,,,,,,,,,,,20.25,,,,,,,,,,,,,,,,,,,,,,,,,,,,,0,,,,,,,,,,,,,,,,
2025-12-10,MC DEP 12233920,,2877.92,"71,033.21",,-2877.92,,,,,,,,,,,,,,,,,,,,,,,,,,,,,,,,,,,,,,,,,,,,,,0,,,,,,,,,,,,,,,,
2025-12-10,MC DEP 12374336,,208.6,"71,241.81",,-208.6,,,,,,,,,,,,,,,,,,,,,,,,,,,,,,,,,,,,,,,,,,,,,,0,,,,,,,,,,,,,,,,
2025-12-10,MC FEE 12233920,,-64.08,"71,177.73",,,,,,,,,,,,,,,,,,,64.08,,,,,,,,,,,,,,,,,,,,,,,,,,,,,0,,,,,,,,,,,,,,,,
2025-12-10,Online transfer sent - 2282,,-8000,"63,177.73",,,,,,,,,,,,,,,,,,,8000,,,,,,,,,,,,,,,,,,,,,,,,,,,,,0,,,,,,,,,,,,,,,,
2025-12-10,VSA DEP12233920,,60.76,"63,238.49",,-60.76,,,,,,,,,,,,,,,,,,,,,,,,,,,,,,,,,,,,,,,,,,,,,,0,,,,,,,,,,,,,,,,
2025-12-10,VSA DEP12374336,,75.61,"63,314.10",,-75.61,,,,,,,,,,,,,,,,,,,,,,,,,,,,,,,,,,,,,,,,,,,,,,0,,,,,,,,,,,,,,,,
2025-12-10,VSA FEE12233920,,-1.06,"63,313.04",,,,,,,,,,,,,,,,,,,1.06,,,,,,,,,,,,,,,,,,,,,,,,,,,,,0,,,,,,,,,,,,,,,,
2025-12-11,Bill Payment,FortisBC Energy,-518.99,"62,794.05",,,,,,,,,,,,,,,,,,,518.99,,,,,,,,,,,,,,,,,,,,,,,,,,,,,0,,,,,,,,,,,,,,,,
2025-12-11,Direct Deposits (PDS) service total,GRADS8318600000,-1205.4,"61,588.65",,,,,,,,,,,,,,,,,,,1205.4,,,,,,,,,,,,,,,,,,,,,,,,,,,,,0,,,,,,,,,,,,,,,,
2025-12-11,Misc Payment,PAYPAL,286.52,"61,875.17",,-286.52,,,,,,,,,,,,,,,,,,,,,,,,,,,,,,,,,,,,,,,,,,,,,,0,,,,,,,,,,,,,,,,
2025-12-11,e-Transfer sent,scott@comoxvalleysports.ca,-675,"61,200.17",,,,,,,,,,,,,,,,,,,675,,,,,,,,,,,,,,,,,,,,,,,,,,,,,0,,,,,,,,,,,,,,,,
2025-12-11,COMMERCIAL TAXES,TXINS  400760,-30000,"31,200.17",,,,,,,,,,,,,,,,,,,30000,,,,,,,,,,,,,,,,,,,,,,,,,,,,,0,,,,,,,,,,,,,,,,
2025-12-11,MC DEP 12233920,,215.63,"31,415.80",,-215.63,,,,,,,,,,,,,,,,,,,,,,,,,,,,,,,,,,,,,,,,,,,,,,0,,,,,,,,,,,,,,,,
2025-12-11,MC FEE 12233920,,-4.59,"31,411.21",,,,,,,,,,,,,,,,,,,4.59,,,,,,,,,,,,,,,,,,,,,,,,,,,,,0,,,,,,,,,,,,,,,,
2025-12-11,VSA FEE12233920,,-0.13,"31,411.08",,,,,,,,,,,,,,,,,,,0.13,,,,,,,,,,,,,,,,,,,,,,,,,,,,,0,,,,,,,,,,,,,,,,
2025-12-12,e-Transfer sent,Shipco,-585,"30,826.08",,,,,,,,,,,,,,,,,,,585,,,,,,,,,,,,,,,,,,,,,,,,,,,,,0,,,,,,,,,,,,,,,,
2025-12-12,EF1212 12374336,,26.87,"30,852.95",,-26.87,,,,,,,,,,,,,,,,,,,,,,,,,,,,,,,,,,,,,,,,,,,,,,0,,,,,,,,,,,,,,,,
2025-12-12,MC DEP 12233920,,1480.29,"32,333.24",,-1480.29,,,,,,,,,,,,,,,,,,,,,,,,,,,,,,,,,,,,,,,,,,,,,,0,,,,,,,,,,,,,,,,
2025-12-12,MC DEP 12374336,,178.5,"32,511.74",,-178.5,,,,,,,,,,,,,,,,,,,,,,,,,,,,,,,,,,,,,,,,,,,,,,0,,,,,,,,,,,,,,,,
2025-12-12,MC FEE 12233920,,-45.87,"32,465.87",,,,,,,,,,,,,,,,,,,45.87,,,,,,,,,,,,,,,,,,,,,,,,,,,,,0,,,,,,,,,,,,,,,,
2025-12-12,Online transfer sent - 0999,,-8000,"24,465.87",,,,,,,,,,,,,,,,,,,8000,,,,,,,,,,,,,,,,,,,,,,,,,,,,,0,,,,,,,,,,,,,,,,
2025-12-12,VSA DEP12233920,,4163.9,"28,629.77",,-4163.9,,,,,,,,,,,,,,,,,,,,,,,,,,,,,,,,,,,,,,,,,,,,,,0,,,,,,,,,,,,,,,,
2025-12-12,VSA FEE12233920,,-70.04,"28,559.73",,,,,,,,,,,,,,,,,,,70.04,,,,,,,,,,,,,,,,,,,,,,,,,,,,,0,,,,,,,,,,,,,,,,
2025-12-15,Business PAD,Clearbridge Bus,-113.4,"28,446.33",,,,,,,,,,,,,,,,,,,113.4,,,,,,,,,,,,,,,,,,,,,,,,,,,,,0,,,,,,,,,,,,,,,,
2025-12-15,e-Transfer sent,Shipco,-60,"28,386.33",,,,,,,,,,,,,,,,,,,60,,,,,,,,,,,,,,,,,,,,,,,,,,,,,0,,,,,,,,,,,,,,,,
2025-12-15,MC DEP 12233920,,64.43,"28,450.76",,-64.43,,,,,,,,,,,,,,,,,,,,,,,,,,,,,,,,,,,,,,,,,,,,,,0,,,,,,,,,,,,,,,,
2025-12-15,MC FEE 12233920,,-1.35,"28,449.41",,,,,,,,,,,,,,,,,,,1.35,,,,,,,,,,,,,,,,,,,,,,,,,,,,,0,,,,,,,,,,,,,,,,
2025-12-15,MC FEE 12233920,,-0.06,"28,449.35",,,,,,,,,,,,,,,,,,,0.06,,,,,,,,,,,,,,,,,,,,,,,,,,,,,0,,,,,,,,,,,,,,,,
2025-12-15,VSA DEP12233920,,1849.33,"30,298.68",,-1849.33,,,,,,,,,,,,,,,,,,,,,,,,,,,,,,,,,,,,,,,,,,,,,,0,,,,,,,,,,,,,,,,
2025-12-15,VSA DEP12374336,,16.79,"30,315.47",,-16.79,,,,,,,,,,,,,,,,,,,,,,,,,,,,,,,,,,,,,,,,,,,,,,0,,,,,,,,,,,,,,,,
2025-12-15,VSA FEE12233920,,-0.19,"30,315.28",,,,,,,,,,,,,,,,,,,0.19,,,,,,,,,,,,,,,,,,,,,,,,,,,,,0,,,,,,,,,,,,,,,,
2025-12-15,VSA FEE12233920,,-30.82,"30,284.46",,,,,,,,,,,,,,,,,,,30.82,,,,,,,,,,,,,,,,,,,,,,,,,,,,,0,,,,,,,,,,,,,,,,
2025-12-16,Misc Payment,RBC CREDIT CARD,-1015,"29,269.46",,,,,,,,,,,,,,,,,,,,,,,,,,,,1015,,,,,,,,,,,,,,,,,,,,0,,TRF-V5-005,CAN 2130 CAD,,,,,,,,,,,,,43
2025-12-16,Misc Payment,RBC CREDIT CARD,-13981.55,"15,287.91",,,,,,,,,,,,,,,,,,,,,,,,,,,,13981.55,,,,,,,,,,,,,,,,,,,,0,,TRF-V4-005,CAN 2110 CAD,,,,,,,,,,,,,44
2025-12-16,Misc Payment,RBC CREDIT CARD,-150,"15,137.91",,,,,,,,,,,,,,,,,,,,,,,,,,,,150,,,,,,,,,,,,,,,,,,,,0,,TRF-V7-002,CAN 2190 CAD,,,,,,,,,,,,,45
2025-12-16,EF1216 12374336,,22.39,"15,160.30",,-22.39,,,,,,,,,,,,,,,,,,,,,,,,,,,,,,,,,,,,,,,,,,,,,,0,,,,,,,,,,,,,,,,
2025-12-16,MC DEP 12233920,,941.96,"16,102.26",,-941.96,,,,,,,,,,,,,,,,,,,,,,,,,,,,,,,,,,,,,,,,,,,,,,0,,,,,,,,,,,,,,,,
2025-12-16,MC FEE 12233920,,-21.48,"16,080.78",,,,,,,,,,,,,,,,,,,21.48,,,,,,,,,,,,,,,,,,,,,,,,,,,,,0,,,,,,,,,,,,,,,,
2025-12-16,VSA DEP12233920,,2760.34,"18,841.12",,-2760.34,,,,,,,,,,,,,,,,,,,,,,,,,,,,,,,,,,,,,,,,,,,,,,0,,,,,,,,,,,,,,,,
2025-12-16,VSA DEP12374336,,229.6,"19,070.72",,-229.6,,,,,,,,,,,,,,,,,,,,,,,,,,,,,,,,,,,,,,,,,,,,,,0,,,,,,,,,,,,,,,,
2025-12-16,VSA FEE12233920,,-56.65,"19,014.07",,,,,,,,,,,,,,,,,,,56.65,,,,,,,,,,,,,,,,,,,,,,,,,,,,,0,,,,,,,,,,,,,,,,
2025-12-17,Misc Payment,HSA CAD CAN,-640.85,"18,373.22",,,,,,,,,,,,,,,,,,,640.85,,,,,,,,,,,,,,,,,,,,,,,,,,,,,0,,,,,,,,,,,,,,,,
2025-12-17,e-Transfer sent,Max McCulloch,-1659.18,"16,714.04",,,,,,,,,,,,,,,,,,,1659.18,,,,,,,,,,,,,,,,,,,,,,,,,,,,,0,,,,,,,,,,,,,,,,
2025-12-17,MC DEP 12233920,,1287.6,"18,001.64",,-1287.6,,,,,,,,,,,,,,,,,,,,,,,,,,,,,,,,,,,,,,,,,,,,,,0,,,,,,,,,,,,,,,,
2025-12-17,MC FEE 12233920,,-29.98,"17,971.66",,,,,,,,,,,,,,,,,,,29.98,,,,,,,,,,,,,,,,,,,,,,,,,,,,,0,,,,,,,,,,,,,,,,
2025-12-18,Business PAD,Clearbridge Bus,-47.25,"17,924.41",,,,,,,,,,,,,,,,,,,47.25,,,,,,,,,,,,,,,,,,,,,,,,,,,,,0,,,,,,,,,,,,,,,,
2025-12-18,Direct Deposits (PDS) service total,GRADS8318600000,-878.57,"17,045.84",,,,,,,,,,,,,,,,,,,878.57,,,,,,,,,,,,,,,,,,,,,,,,,,,,,0,,,,,,,,,,,,,,,,
2025-12-18,MC FEE 12233920,,-0.07,"17,045.77",,,,,,,,,,,,,,,,,,,0.07,,,,,,,,,,,,,,,,,,,,,,,,,,,,,0,,,,,,,,,,,,,,,,
2025-12-19,Misc Payment,HSA CAD CAN,-687.13,"16,358.64",,,,,,,,,,,,,,,,,,,687.13,,,,,,,,,,,,,,,,,,,,,,,,,,,,,0,,,,,,,,,,,,,,,,
2025-12-19,Misc Payment,Wise,-991.36,"15,367.28",,,,,,,,,,,,,,,,,,,991.36,,,,,,,,,,,,,,,,,,,,,,,,,,,,,0,,,,,,,,,,,,,,,,
2025-12-19,MC DEP 12233920,,45.86,"15,413.14",,-45.86,,,,,,,,,,,,,,,,,,,,,,,,,,,,,,,,,,,,,,,,,,,,,,0,,,,,,,,,,,,,,,,
2025-12-19,MC FEE 12233920,,-1.14,"15,412.00",,,,,,,,,,,,,,,,,,,1.14,,,,,,,,,,,,,,,,,,,,,,,,,,,,,0,,,,,,,,,,,,,,,,
2025-12-19,VSA DEP12374336,,61.98,"15,473.98",,-61.98,,,,,,,,,,,,,,,,,,,,,,,,,,,,,,,,,,,,,,,,,,,,,,0,,,,,,,,,,,,,,,,
2025-12-22,Credit memo,FT916615668,27432,"42,905.98",,,,,,,,,,,,,,,,,,,,,,,,,,-27432,,,,,,,,,,,,,,,,,,,,,,0,,TRF-087,CAN 1015 USD,Y,19943.064,,,,,,,,,,,46
2025-12-22,Business PAD,KATIE THIESSEN,-1988.64,"40,917.34",,,,,,,,,,,,,,,,,,,1988.64,,,,,,,,,,,,,,,,,,,,,,,,,,,,,0,,,,,,,,,,,,,,,,
2025-12-22,MC DEP 12233920,,120.58,"41,037.92",,-120.58,,,,,,,,,,,,,,,,,,,,,,,,,,,,,,,,,,,,,,,,,,,,,,0,,,,,,,,,,,,,,,,
2025-12-22,MC DEP 12233920,,1780.91,"42,818.83",,-1780.91,,,,,,,,,,,,,,,,,,,,,,,,,,,,,,,,,,,,,,,,,,,,,,0,,,,,,,,,,,,,,,,
2025-12-22,MC FEE 12233920,,-38.71,"42,780.12",,,,,,,,,,,,,,,,,,,38.71,,,,,,,,,,,,,,,,,,,,,,,,,,,,,0,,,,,,,,,,,,,,,,
2025-12-22,MC FEE 12233920,,-2.58,"42,777.54",,,,,,,,,,,,,,,,,,,2.58,,,,,,,,,,,,,,,,,,,,,,,,,,,,,0,,,,,,,,,,,,,,,,
2025-12-22,MC FEE 12233920,,-0.06,"42,777.48",,,,,,,,,,,,,,,,,,,0.06,,,,,,,,,,,,,,,,,,,,,,,,,,,,,0,,,,,,,,,,,,,,,,
2025-12-22,VSA DEP12233920,,364.8,"43,142.28",,-364.8,,,,,,,,,,,,,,,,,,,,,,,,,,,,,,,,,,,,,,,,,,,,,,0,,,,,,,,,,,,,,,,
2025-12-22,VSA FEE12233920,,-0.06,"43,142.22",,,,,,,,,,,,,,,,,,,0.06,,,,,,,,,,,,,,,,,,,,,,,,,,,,,0,,,,,,,,,,,,,,,,
2025-12-22,VSA FEE12233920,,-6.18,"43,136.04",,,,,,,,,,,,,,,,,,,6.18,,,,,,,,,,,,,,,,,,,,,,,,,,,,,0,,,,,,,,,,,,,,,,
2025-12-23,Online transfer sent - 9725,1894 Holdings Ltd.,-5000,"38,136.04",,,,,,,,,,,,,,,,,,,5000,,,,,,,,,,,,,,,,,,,,,,,,,,,,,0,,,,,,,,,,,,,,,,
2025-12-23,Payroll Deposit,INTUIT 09094042,-2400.24,"35,735.80",,,,,,,,,,,,,,,,,,,2400.24,,,,,,,,,,,,,,,,,,,,,,,,,,,,,0,,,,,,,,,,,,,,,,
2025-12-23,Payroll Deposit,INTUIT 09094042,-1304.76,"34,431.04",,,,,,,,,,,,,,,,,,,1304.76,,,,,,,,,,,,,,,,,,,,,,,,,,,,,0,,,,,,,,,,,,,,,,
2025-12-23,Payroll Deposit,INTUIT 09094042,-2089.71,"32,341.33",,,,,,,,,,,,,,,,,,,2089.71,,,,,,,,,,,,,,,,,,,,,,,,,,,,,0,,,,,,,,,,,,,,,,
2025-12-23,Payroll Deposit,INTUIT 09094042,-2053.14,"30,288.19",,,,,,,,,,,,,,,,,,,2053.14,,,,,,,,,,,,,,,,,,,,,,,,,,,,,0,,,,,,,,,,,,,,,,
2025-12-23,Payroll Deposit,INTUIT 09094042,-839.32,"29,448.87",,,,,,,,,,,,,,,,,,,839.32,,,,,,,,,,,,,,,,,,,,,,,,,,,,,0,,,,,,,,,,,,,,,,
2025-12-23,Payroll Deposit,INTUIT 09094042,-1792.51,"27,656.36",,,,,,,,,,,,,,,,,,,1792.51,,,,,,,,,,,,,,,,,,,,,,,,,,,,,0,,,,,,,,,,,,,,,,
2025-12-23,Payroll Deposit,INTUIT 09094042,-1837.22,"25,819.14",,,,,,,,,,,,,,,,,,,1837.22,,,,,,,,,,,,,,,,,,,,,,,,,,,,,0,,,,,,,,,,,,,,,,
2025-12-23,Payroll Deposit,INTUIT 09094042,-1963.46,"23,855.68",,,,,,,,,,,,,,,,,,,1963.46,,,,,,,,,,,,,,,,,,,,,,,,,,,,,0,,,,,,,,,,,,,,,,
2025-12-23,Payroll Deposit,INTUIT 09094042,-1915.2,"21,940.48",,,,,,,,,,,,,,,,,,,1915.2,,,,,,,,,,,,,,,,,,,,,,,,,,,,,0,,,,,,,,,,,,,,,,
2025-12-23,Payroll Deposit,INTUIT 09094042,-2133.87,"19,806.61",,,,,,,,,,,,,,,,,,,2133.87,,,,,,,,,,,,,,,,,,,,,,,,,,,,,0,,,,,,,,,,,,,,,,
2025-12-23,Payroll Deposit,INTUIT 09094042,-835.35,"18,971.26",,,,,,,,,,,,,,,,,,,835.35,,,,,,,,,,,,,,,,,,,,,,,,,,,,,0,,,,,,,,,,,,,,,,
2025-12-23,Payroll Deposit,INTUIT 09094042,-2721.63,"16,249.63",,,,,,,,,,,,,,,,,,,2721.63,,,,,,,,,,,,,,,,,,,,,,,,,,,,,0,,,,,,,,,,,,,,,,
2025-12-23,Payroll Deposit,INTUIT 09094042,-1792.51,"14,457.12",,,,,,,,,,,,,,,,,,,1792.51,,,,,,,,,,,,,,,,,,,,,,,,,,,,,0,,,,,,,,,,,,,,,,
2025-12-23,Payroll Deposit,INTUIT 09094042,-1735.58,"12,721.54",,,,,,,,,,,,,,,,,,,1735.58,,,,,,,,,,,,,,,,,,,,,,,,,,,,,0,,,,,,,,,,,,,,,,
2025-12-23,Payroll Deposit,INTUIT 09094042,-2201.44,"10,520.10",,,,,,,,,,,,,,,,,,,2201.44,,,,,,,,,,,,,,,,,,,,,,,,,,,,,0,,,,,,,,,,,,,,,,
2025-12-23,Payroll Deposit,INTUIT 09094042,-1396.63,"9,123.47",,,,,,,,,,,,,,,,,,,1396.63,,,,,,,,,,,,,,,,,,,,,,,,,,,,,0,,,,,,,,,,,,,,,,
2025-12-23,Payroll Deposit,INTUIT 09094042,-929.71,"8,193.76",,,,,,,,,,,,,,,,,,,929.71,,,,,,,,,,,,,,,,,,,,,,,,,,,,,0,,,,,,,,,,,,,,,,
2025-12-23,Payroll Deposit,INTUIT 09094042,-1547.56,"6,646.20",,,,,,,,,,,,,,,,,,,1547.56,,,,,,,,,,,,,,,,,,,,,,,,,,,,,0,,,,,,,,,,,,,,,,
2025-12-23,Payroll Deposit,INTUIT 09094042,-1867.86,"4,778.34",,,,,,,,,,,,,,,,,,,1867.86,,,,,,,,,,,,,,,,,,,,,,,,,,,,,0,,,,,,,,,,,,,,,,
2025-12-23,EF1223 12374336,,22.39,"4,800.73",,-22.39,,,,,,,,,,,,,,,,,,,,,,,,,,,,,,,,,,,,,,,,,,,,,,0,,,,,,,,,,,,,,,,
2025-12-23,MC DEP 12233920,,374.44,"5,175.17",,-374.44,,,,,,,,,,,,,,,,,,,,,,,,,,,,,,,,,,,,,,,,,,,,,,0,,,,,,,,,,,,,,,,
2025-12-23,MC FEE 12233920,,-5.04,"5,170.13",,,,,,,,,,,,,,,,,,,5.04,,,,,,,,,,,,,,,,,,,,,,,,,,,,,0,,,,,,,,,,,,,,,,
2025-12-23,VSA DEP12233920,,230.63,"5,400.76",,-230.63,,,,,,,,,,,,,,,,,,,,,,,,,,,,,,,,,,,,,,,,,,,,,,0,,,,,,,,,,,,,,,,
2025-12-23,VSA DEP12374336,,44.1,"5,444.86",,-44.1,,,,,,,,,,,,,,,,,,,,,,,,,,,,,,,,,,,,,,,,,,,,,,0,,,,,,,,,,,,,,,,
2025-12-23,VSA FEE12233920,,-4.52,"5,440.34",,,,,,,,,,,,,,,,,,,4.52,,,,,,,,,,,,,,,,,,,,,,,,,,,,,0,,,,,,,,,,,,,,,,
2025-12-24,Online Banking payment - 0405,CYCLES LAMBERT,-261.39,"5,178.95",,,,,,,,,,,,,,,,,,,,,,,,,,,,,,,,,261.39,,,,,,,,,,,,,,,0,,,,,,,,,,,,,,,,
2025-12-24,Misc Payment,HSA CAD CAN,-137.91,"5,041.04",,,,,,,,,,,,,,,,,,,137.91,,,,,,,,,,,,,,,,,,,,,,,,,,,,,0,,,,,,,,,,,,,,,,
2025-12-24,VSA DEP12374336,,33.59,"5,074.63",,-33.59,,,,,,,,,,,,,,,,,,,,,,,,,,,,,,,,,,,,,,,,,,,,,,0,,,,,,,,,,,,,,,,
2025-12-24,VSA FEE12233920,,-0.14,"5,074.49",,,,,,,,,,,,,,,,,,,0.14,,,,,,,,,,,,,,,,,,,,,,,,,,,,,0,,,,,,,,,,,,,,,,
2025-12-29,Credit memo,FT916628934,68190,"73,264.49",,,,,,,,,,,,,,,,,,,,,,,,,,-68190,,,,,,,,,,,,,,,,,,,,,,0,,TRF-088,CAN 1015 USD,Y,49574.13,,,,,,,,,,,47
2025-12-29,Misc Payment,HSA CAD CAN,-125.87,"73,138.62",,,,,,,,,,,,,,,,,,,125.87,,,,,,,,,,,,,,,,,,,,,,,,,,,,,0,,,,,,,,,,,,,,,,
2025-12-29,Business PAD,KATIE THIESSEN,-189,"72,949.62",,,,,,,,,,,,,,,,,,,189,,,,,,,,,,,,,,,,,,,,,,,,,,,,,0,,,,,,,,,,,,,,,,
2025-12-29,Misc Payment,PAYPAL,54.56,"73,004.18",,-54.56,,,,,,,,,,,,,,,,,,,,,,,,,,,,,,,,,,,,,,,,,,,,,,0,,,,,,,,,,,,,,,,
2025-12-29,COMMERCIAL TAXES,TXINS 9766710,-48000,"25,004.18",,,,,,,,,,,,,,,,,,,48000,,,,,,,,,,,,,,,,,,,,,,,,,,,,,0,,,,,,,,,,,,,,,,
2025-12-29,Misc Payment,Wise,-499.29,"24,504.89",,,,,,,,,,,,,,,,,,,499.29,,,,,,,,,,,,,,,,,,,,,,,,,,,,,0,,,,,,,,,,,,,,,,
2025-12-29,MC FEE 12233920,,-0.07,"24,504.82",,,,,,,,,,,,,,,,,,,0.07,,,,,,,,,,,,,,,,,,,,,,,,,,,,,0,,,,,,,,,,,,,,,,
2025-12-29,VSA DEP12233920,,875.83,"25,380.65",,-875.83,,,,,,,,,,,,,,,,,,,,,,,,,,,,,,,,,,,,,,,,,,,,,,0,,,,,,,,,,,,,,,,
2025-12-29,VSA DEP12233920,,1149.93,"26,530.58",,-1149.93,,,,,,,,,,,,,,,,,,,,,,,,,,,,,,,,,,,,,,,,,,,,,,0,,,,,,,,,,,,,,,,
2025-12-29,VSA DEP12233920,,2473.1,"29,003.68",,-2473.1,,,,,,,,,,,,,,,,,,,,,,,,,,,,,,,,,,,,,,,,,,,,,,0,,,,,,,,,,,,,,,,
2025-12-29,VSA FEE12233920,,-25.2,"28,978.48",,,,,,,,,,,,,,,,,,,25.2,,,,,,,,,,,,,,,,,,,,,,,,,,,,,0,,,,,,,,,,,,,,,,
2025-12-29,VSA FEE12233920,,-35.28,"28,943.20",,,,,,,,,,,,,,,,,,,35.28,,,,,,,,,,,,,,,,,,,,,,,,,,,,,0,,,,,,,,,,,,,,,,
2025-12-29,VSA FEE12233920,,-0.19,"28,943.01",,,,,,,,,,,,,,,,,,,0.19,,,,,,,,,,,,,,,,,,,,,,,,,,,,,0,,,,,,,,,,,,,,,,
2025-12-29,VSA FEE12233920,,-0.06,"28,942.95",,,,,,,,,,,,,,,,,,,0.06,,,,,,,,,,,,,,,,,,,,,,,,,,,,,0,,,,,,,,,,,,,,,,
2025-12-29,VSA FEE12233920,,-19.15,"28,923.80",,,,,,,,,,,,,,,,,,,19.15,,,,,,,,,,,,,,,,,,,,,,,,,,,,,0,,,,,,,,,,,,,,,,
2025-12-30,MC DEP 12233920,,194.26,"29,118.06",,-194.26,,,,,,,,,,,,,,,,,,,,,,,,,,,,,,,,,,,,,,,,,,,,,,0,,,,,,,,,,,,,,,,
2025-12-30,MC FEE 12233920,,-4.79,"29,113.27",,,,,,,,,,,,,,,,,,,4.79,,,,,,,,,,,,,,,,,,,,,,,,,,,,,0,,,,,,,,,,,,,,,,
2025-12-30,VSA DEP12233920,,2483.28,"31,596.55",,-2483.28,,,,,,,,,,,,,,,,,,,,,,,,,,,,,,,,,,,,,,,,,,,,,,0,,,,,,,,,,,,,,,,
2025-12-30,VSA FEE12233920,,-47.25,"31,549.30",,,,,,,,,,,,,,,,,,,47.25,,,,,,,,,,,,,,,,,,,,,,,,,,,,,0,,,,,,,,,,,,,,,,
2025-12-31,ATM deposit - BD656738,,250,"31,799.30",,,,,,,,,,,,,,,,,,,-250,,,,,,,,,,,,,,,,,,,,,,,,,,,,,0,,,,,,,,,,,,,,,,
2025-12-31,INT FEE12374336,,-0.38,"31,798.92",,,,,,,,,,,,,,,,,,,0.38,,,,,,,,,,,,,,,,,,,,,,,,,,,,,0,,,,,,,,,,,,,,,,
2025-12-31,MC DEP 12233920,,2389.93,"34,188.85",,-2389.93,,,,,,,,,,,,,,,,,,,,,,,,,,,,,,,,,,,,,,,,,,,,,,0,,,,,,,,,,,,,,,,
2025-12-31,MC FEE 12233920,,-62.48,"34,126.37",,,,,,,,,,,,,,,,,,,62.48,,,,,,,,,,,,,,,,,,,,,,,,,,,,,0,,,,,,,,,,,,,,,,
2025-12-31,MC FEE 12374336,,-4.97,"34,121.40",,,,,,,,,,,,,,,,,,,4.97,,,,,,,,,,,,,,,,,,,,,,,,,,,,,0,,,,,,,,,,,,,,,,
2025-12-31,MON FEE12233920,,-27.3,"34,094.10",,,,,,,,,,,,,,,,,,,27.3,,,,,,,,,,,,,,,,,,,,,,,,,,,,,0,,,,,,,,,,,,,,,,
2025-12-31,MON FEE12344503,,-27.3,"34,066.80",,,,,,,,,,,,,,,,,,,27.3,,,,,,,,,,,,,,,,,,,,,,,,,,,,,0,,,,,,,,,,,,,,,,
2025-12-31,MON FEE12374336,,-45.5,"34,021.30",,,,,,,,,,,,,,,,,,,45.5,,,,,,,,,,,,,,,,,,,,,,,,,,,,,0,,,,,,,,,,,,,,,,
2025-12-31,VSA DEP12233920,,-81.27,"33,940.03",,81.27,,,,,,,,,,,,,,,,,,,,,,,,,,,,,,,,,,,,,,,,,,,,,,0,,,,,,,,,,,,,,,,
2025-12-31,VSA FEE12233920,,0.79,"33,940.82",,,,,,,,,,,,,,,,,,,-0.79,,,,,,,,,,,,,,,,,,,,,,,,,,,,,0,,,,,,,,,,,,,,,,
2025-12-31,VSA FEE12374336,,-6.7,"33,934.12",,,,,,,,,,,,,,,,,,,6.7,,,,,,,,,,,,,,,,,,,,,,,,,,,,,0,,,,,,,,,,,,,,,,
2026-01-02,Misc Payment,HSA CAD CAN,-167.67,"33,766.45",,,,,,,,,,,,,,,,,,,167.67,,,,,,,,,,,,,,,,,,,,,,,,,,,,,0,,,,,,,,,,,,,,,,
2026-01-02,Misc Payment,PAYPAL,246.82,"34,013.27",,-246.82,,,,,,,,,,,,,,,,,,,,,,,,,,,,,,,,,,,,,,,,,,,,,,0,,,,,,,,,,,,,,,,
2026-01-02,Misc Payment,Wise,-432.98,"33,580.29",,,,,,,,,,,,,,,,,,,432.98,,,,,,,,,,,,,,,,,,,,,,,,,,,,,0,,,,,,,,,,,,,,,,
2026-01-02,VSA DEP12233920,,103.6,"33,683.89",,-103.6,,,,,,,,,,,,,,,,,,,,,,,,,,,,,,,,,,,,,,,,,,,,,,0,,,,,,,,,,,,,,,,
2026-01-02,VSA FEE12233920,,-1.79,"33,682.10",,,,,,,,,,,,,,,,,,,1.79,,,,,,,,,,,,,,,,,,,,,,,,,,,,,0,,,,,,,,,,,,,,,,
2026-01-05,ATM cash deposited fee,$250 CD @2.25M,-0.56,"33,681.54",,,,,,,,,,,,,,,,,,,0.56,,,,,,,,,,,,,,,,,,,,,,,,,,,,,0,,,,,,,,,,,,,,,,
2026-01-05,Business PAD,Clearbridge Bus,-1223.61,"32,457.93",,,,,,,,,,,,,,,,,,,1223.61,,,,,,,,,,,,,,,,,,,,,,,,,,,,,0,,,,,,,,,,,,,,,,
2026-01-05,Direct Deposits (PDS) service total,GRADS8318600000,-1056.5,"31,401.43",,,,,,,,,,,,,,,,,,,1056.5,,,,,,,,,,,,,,,,,,,,,,,,,,,,,0,,,,,,,,,,,,,,,,
2026-01-05,Misc Payment,HSA CAD CAN,-210.8,"31,190.63",,,,,,,,,,,,,,,,,,,210.8,,,,,,,,,,,,,,,,,,,,,,,,,,,,,0,,,,,,,,,,,,,,,,
2026-01-05,Monthly fee,,-6,"31,184.63",,,,,,,,,,,,,,,,,,,6,,,,,,,,,,,,,,,,,,,,,,,,,,,,,0,,,,,,,,,,,,,,,,
2026-01-05,VSA DEP12233920,,2102.84,"33,287.47",,-2102.84,,,,,,,,,,,,,,,,,,,,,,,,,,,,,,,,,,,,,,,,,,,,,,0,,,,,,,,,,,,,,,,
2026-01-05,VSA FEE12233920,,-33.94,"33,253.53",,,,,,,,,,,,,,,,,,,33.94,,,,,,,,,,,,,,,,,,,,,,,,,,,,,0,,,,,,,,,,,,,,,,
2026-01-06,Federal Payment,CANADA,-3745.29,"29,508.24",,,,,,,,,,,,,,,,,,,3745.29,,,,,,,,,,,,,,,,,,,,,,,,,,,,,0,,,,,,,,,,,,,,,,
2026-01-06,Payroll Deposit,INTUIT 09329517,-1797.07,"27,711.17",,,,,,,,,,,,,,,,,,,1797.07,,,,,,,,,,,,,,,,,,,,,,,,,,,,,0,,,,,,,,,,,,,,,,
2026-01-06,Payroll Deposit,INTUIT 09329517,-1973.63,"25,737.54",,,,,,,,,,,,,,,,,,,1973.63,,,,,,,,,,,,,,,,,,,,,,,,,,,,,0,,,,,,,,,,,,,,,,
2026-01-06,Payroll Deposit,INTUIT 09329517,-1843.86,"23,893.68",,,,,,,,,,,,,,,,,,,1843.86,,,,,,,,,,,,,,,,,,,,,,,,,,,,,0,,,,,,,,,,,,,,,,
2026-01-06,Payroll Deposit,INTUIT 09329517,-1970.11,"21,923.57",,,,,,,,,,,,,,,,,,,1970.11,,,,,,,,,,,,,,,,,,,,,,,,,,,,,0,,,,,,,,,,,,,,,,
2026-01-06,Payroll Deposit,INTUIT 09329517,-2096.76,"19,826.81",,,,,,,,,,,,,,,,,,,2096.76,,,,,,,,,,,,,,,,,,,,,,,,,,,,,0,,,,,,,,,,,,,,,,
2026-01-06,Payroll Deposit,INTUIT 09329517,-2096.24,"17,730.57",,,,,,,,,,,,,,,,,,,2096.24,,,,,,,,,,,,,,,,,,,,,,,,,,,,,0,,,,,,,,,,,,,,,,
2026-01-06,Payroll Deposit,INTUIT 09329517,-1031.31,"16,699.26",,,,,,,,,,,,,,,,,,,1031.31,,,,,,,,,,,,,,,,,,,,,,,,,,,,,0,,,,,,,,,,,,,,,,
2026-01-06,Payroll Deposit,INTUIT 09329517,-750.17,"15,949.09",,,,,,,,,,,,,,,,,,,750.17,,,,,,,,,,,,,,,,,,,,,,,,,,,,,0,,,,,,,,,,,,,,,,
2026-01-06,Payroll Deposit,INTUIT 09329517,-2146.82,"13,802.27",,,,,,,,,,,,,,,,,,,2146.82,,,,,,,,,,,,,,,,,,,,,,,,,,,,,0,,,,,,,,,,,,,,,,
2026-01-06,Payroll Deposit,INTUIT 09329517,-2096.76,"11,705.51",,,,,,,,,,,,,,,,,,,2096.76,,,,,,,,,,,,,,,,,,,,,,,,,,,,,0,,,,,,,,,,,,,,,,
2026-01-06,Payroll Deposit,INTUIT 09329517,-1797.07,"9,908.44",,,,,,,,,,,,,,,,,,,1797.07,,,,,,,,,,,,,,,,,,,,,,,,,,,,,0,,,,,,,,,,,,,,,,
2026-01-06,Payroll Deposit,INTUIT 09329517,-2728.21,"7,180.23",,,,,,,,,,,,,,,,,,,2728.21,,,,,,,,,,,,,,,,,,,,,,,,,,,,,0,,,,,,,,,,,,,,,,
2026-01-06,Payroll Deposit,INTUIT 09329517,-1739.32,"5,440.91",,,,,,,,,,,,,,,,,,,1739.32,,,,,,,,,,,,,,,,,,,,,,,,,,,,,0,,,,,,,,,,,,,,,,
2026-01-06,Payroll Deposit,INTUIT 09329517,-742.86,"4,698.05",,,,,,,,,,,,,,,,,,,742.86,,,,,,,,,,,,,,,,,,,,,,,,,,,,,0,,,,,,,,,,,,,,,,
2026-01-06,Payroll Deposit,INTUIT 09329517,-1970.11,"2,727.94",,,,,,,,,,,,,,,,,,,1970.11,,,,,,,,,,,,,,,,,,,,,,,,,,,,,0,,,,,,,,,,,,,,,,
2026-01-06,Payroll Deposit,INTUIT 09329517,-1843.86,884.08,,,,,,,,,,,,,,,,,,,1843.86,,,,,,,,,,,,,,,,,,,,,,,,,,,,,0,,,,,,,,,,,,,,,,
2026-01-06,Payroll Deposit,INTUIT 09329517,-1550.16,-666.08,,,,,,,,,,,,,,,,,,,1550.16,,,,,,,,,,,,,,,,,,,,,,,,,,,,,0,,,,,,,,,,,,,,,,
2026-01-06,Payroll Deposit,INTUIT 09329517,-1397.61,"-2,063.69",,,,,,,,,,,,,,,,,,,1397.61,,,,,,,,,,,,,,,,,,,,,,,,,,,,,0,,,,,,,,,,,,,,,,
2026-01-06,Payroll Deposit,INTUIT 09329517,-1299.35,"-3,363.04",,,,,,,,,,,,,,,,,,,1299.35,,,,,,,,,,,,,,,,,,,,,,,,,,,,,0,,,,,,,,,,,,,,,,
2026-01-06,EF0106 12374336,,106.38,"-3,256.66",,-106.38,,,,,,,,,,,,,,,,,,,,,,,,,,,,,,,,,,,,,,,,,,,,,,0,,,,,,,,,,,,,,,,
2026-01-06,VSA FEE12233920,,-0.19,"-3,256.85",,,,,,,,,,,,,,,,,,,0.19,,,,,,,,,,,,,,,,,,,,,,,,,,,,,0,,,,,,,,,,,,,,,,
2026-01-07,Bill Payment,FortisBC Energy,-459.98,"-3,716.83",,,,,,,,,,,,,,,,,,,459.98,,,,,,,,,,,,,,,,,,,,,,,,,,,,,0,,,,,,,,,,,,,,,,
2026-01-07,Credit memo,FT916657642,41490,"37,773.17",,,,,,,,,,,,,,,,,,,,,,,,,,-41490,,,,,,,,,,,,,,,,,,,,,,0,,TRF-089,CAN 1015 USD,Y,30163.23,,,,,,,,,,,48
2026-01-07,e-Transfer sent,Nolan Weiss,-812.18,"36,960.99",,,,,,,,,,,,,,,,,,,812.18,,,,,,,,,,,,,,,,,,,,,,,,,,,,,0,,,,,,,,,,,,,,,,
2026-01-07,Activity fee,,-332,"36,628.99",,,,,,,,,,,,,,,,,,,332,,,,,,,,,,,,,,,,,,,,,,,,,,,,,0,,,,,,,,,,,,,,,,
2026-01-07,LOAN CREDIT,,5000,"41,628.99",,,,,,,,,,,,,,,,,,,,,,,,,,-5000,,,,,,,,,,,,,,,,,,,,,,0,,TRF-023,CAN 1050 CAD$,N,3635,,,,,,,,,,,49
2026-01-07,MC DEP 12374336,,40.98,"41,669.97",,-40.98,,,,,,,,,,,,,,,,,,,,,,,,,,,,,,,,,,,,,,,,,,,,,,0,,,,,,,,,,,,,,,,
2026-01-07,MC FEE 12233920,,-0.19,"41,669.78",,,,,,,,,,,,,,,,,,,0.19,,,,,,,,,,,,,,,,,,,,,,,,,,,,,0,,,,,,,,,,,,,,,,
2026-01-07,VSA DEP12233920,,2086.85,"43,756.63",,-2086.85,,,,,,,,,,,,,,,,,,,,,,,,,,,,,,,,,,,,,,,,,,,,,,0,,,,,,,,,,,,,,,,
2026-01-07,VSA FEE12233920,,-39.94,"43,716.69",,,,,,,,,,,,,,,,,,,39.94,,,,,,,,,,,,,,,,,,,,,,,,,,,,,0,,,,,,,,,,,,,,,,
2026-01-08,e-Transfer sent,Loic Meier,-500,"43,216.69",,,,,,,,,,,,,,,,,,,500,,,,,,,,,,,,,,,,,,,,,,,,,,,,,0,,,,,,,,,,,,,,,,
2026-01-08,Misc Payment,PAYPAL,1382.52,"44,599.21",,-1382.52,,,,,,,,,,,,,,,,,,,,,,,,,,,,,,,,,,,,,,,,,,,,,,0,,,,,,,,,,,,,,,,
2026-01-08,LOAN PAYMENT,,-5000,"39,599.21",,,,,,,,,,,,,,,,,,,,,,,,,,,5000,,,,,,,,,,,,,,,,,,,,,0,,TRF-024,CAN 1050 CAD$,N,-3635,,,,,,,,,,,50
2026-01-08,MC DEP 12233920,,1585.73,"41,184.94",,-1585.73,,,,,,,,,,,,,,,,,,,,,,,,,,,,,,,,,,,,,,,,,,,,,,0,,,,,,,,,,,,,,,,
2026-01-08,MC FEE 12233920,,-33.94,"41,151.00",,,,,,,,,,,,,,,,,,,33.94,,,,,,,,,,,,,,,,,,,,,,,,,,,,,0,,,,,,,,,,,,,,,,
2026-01-08,VSA DEP12233920,,4067.83,"45,218.83",,-4067.83,,,,,,,,,,,,,,,,,,,,,,,,,,,,,,,,,,,,,,,,,,,,,,0,,,,,,,,,,,,,,,,
2026-01-08,VSA DEP12374336,,150.76,"45,369.59",,-150.76,,,,,,,,,,,,,,,,,,,,,,,,,,,,,,,,,,,,,,,,,,,,,,0,,,,,,,,,,,,,,,,
2026-01-08,VSA FEE12233920,,-80.59,"45,289.00",,,,,,,,,,,,,,,,,,,80.59,,,,,,,,,,,,,,,,,,,,,,,,,,,,,0,,,,,,,,,,,,,,,,
2026-01-09,Misc Payment,HSA CAD CAN,-137.91,"45,151.09",,,,,,,,,,,,,,,,,,,137.91,,,,,,,,,,,,,,,,,,,,,,,,,,,,,0,,,,,,,,,,,,,,,,
2026-01-09,Payroll Deposit,PAYROLL,-22733.96,"22,417.13",,,,,,,,,,,,,,,,,,,22733.96,,,,,,,,,,,,,,,,,,,,,,,,,,,,,0,,,,,,,,,,,,,,,,
2026-01-09,MC DEP 12374336,,26.87,"22,444.00",,-26.87,,,,,,,,,,,,,,,,,,,,,,,,,,,,,,,,,,,,,,,,,,,,,,0,,,,,,,,,,,,,,,,
2026-01-09,MC FEE 12233920,,-0.06,"22,443.94",,,,,,,,,,,,,,,,,,,0.06,,,,,,,,,,,,,,,,,,,,,,,,,,,,,0,,,,,,,,,,,,,,,,
2026-01-09,VSA DEP12233920,,889.79,"23,333.73",,-889.79,,,,,,,,,,,,,,,,,,,,,,,,,,,,,,,,,,,,,,,,,,,,,,0,,,,,,,,,,,,,,,,
2026-01-09,VSA FEE12233920,,-17.11,"23,316.62",,,,,,,,,,,,,,,,,,,17.11,,,,,,,,,,,,,,,,,,,,,,,,,,,,,0,,,,,,,,,,,,,,,,
2026-01-12,Misc Payment,HSA CAD CAN,-1107.1,"22,209.52",,,,,,,,,,,,,,,,,,,1107.1,,,,,,,,,,,,,,,,,,,,,,,,,,,,,0,,,,,,,,,,,,,,,,
2026-01-12,e-Transfer sent,Max McCulloch,-1575,"20,634.52",,,,,,,,,,,,,,,,,,,1575,,,,,,,,,,,,,,,,,,,,,,,,,,,,,0,,,,,,,,,,,,,,,,
2026-01-12,Misc Payment,PAYPAL,72.74,"20,707.26",,-72.74,,,,,,,,,,,,,,,,,,,,,,,,,,,,,,,,,,,,,,,,,,,,,,0,,,,,,,,,,,,,,,,
2026-01-12,COMMERCIAL TAXES,TXINS 9554850,-5000,"15,707.26",,,,,,,,,,,,,,,,,,,5000,,,,,,,,,,,,,,,,,,,,,,,,,,,,,0,,,,,,,,,,,,,,,,
2026-01-12,ATM deposit - BD657562,,2826.06,"18,533.32",,,,,,,,,,,,,,,,,,,-2826.06,,,,,,,,,,,,,,,,,,,,,,,,,,,,,0,,,,,,,,,,,,,,,,
2026-01-12,ATM deposit - BD657563,,12.58,"18,545.90",,,,,,,,,,,,,,,,,,,-12.58,,,,,,,,,,,,,,,,,,,,,,,,,,,,,0,,,,,,,,,,,,,,,,
2026-01-12,e-Transfer Request Fulfilled,,-848.95,"17,696.95",,,,,,,,,,,,,,,,,,,848.95,,,,,,,,,,,,,,,,,,,,,,,,,,,,,0,,,,,,,,,,,,,,,,
2026-01-12,e-Transfer Request Fulfilled fee,,-1.5,"17,695.45",,,,,,,,,,,,,,,,,,,1.5,,,,,,,,,,,,,,,,,,,,,,,,,,,,,0,,,,,,,,,,,,,,,,
2026-01-12,MC DEP 12233920,,3339.71,"21,035.16",,-3339.71,,,,,,,,,,,,,,,,,,,,,,,,,,,,,,,,,,,,,,,,,,,,,,0,,,,,,,,,,,,,,,,
2026-01-12,MC DEP 12233920,,1049.56,"22,084.72",,-1049.56,,,,,,,,,,,,,,,,,,,,,,,,,,,,,,,,,,,,,,,,,,,,,,0,,,,,,,,,,,,,,,,
2026-01-12,MC FEE 12233920,,-60.68,"22,024.04",,,,,,,,,,,,,,,,,,,60.68,,,,,,,,,,,,,,,,,,,,,,,,,,,,,0,,,,,,,,,,,,,,,,
2026-01-12,MC FEE 12233920,,-19.2,"22,004.84",,,,,,,,,,,,,,,,,,,19.2,,,,,,,,,,,,,,,,,,,,,,,,,,,,,0,,,,,,,,,,,,,,,,
2026-01-12,MC FEE 12233920,,-0.12,"22,004.72",,,,,,,,,,,,,,,,,,,0.12,,,,,,,,,,,,,,,,,,,,,,,,,,,,,0,,,,,,,,,,,,,,,,
2026-01-12,Online transfer sent - 4463,,-8000,"14,004.72",,,,,,,,,,,,,,,,,,,8000,,,,,,,,,,,,,,,,,,,,,,,,,,,,,0,,,,,,,,,,,,,,,,
2026-01-12,Online transfer sent - 4908,,-8000,"6,004.72",,,,,,,,,,,,,,,,,,,8000,,,,,,,,,,,,,,,,,,,,,,,,,,,,,0,,,,,,,,,,,,,,,,
2026-01-12,VSA DEP12233920,,1036.46,"7,041.18",,-1036.46,,,,,,,,,,,,,,,,,,,,,,,,,,,,,,,,,,,,,,,,,,,,,,0,,,,,,,,,,,,,,,,
2026-01-12,VSA FEE12233920,,-19.91,"7,021.27",,,,,,,,,,,,,,,,,,,19.91,,,,,,,,,,,,,,,,,,,,,,,,,,,,,0,,,,,,,,,,,,,,,,
2026-01-12,VSA FEE12233920,,-0.08,"7,021.19",,,,,,,,,,,,,,,,,,,0.08,,,,,,,,,,,,,,,,,,,,,,,,,,,,,0,,,,,,,,,,,,,,,,
2026-01-13,Online Banking payment - 4185,DOANE GRANTTHOR,-2517.9,"4,503.29",,,,,,,,,,,,,,,,,,,2517.9,,,,,,,,,,,,,,,,,,,,,,,,,,,,,0,,,,,,,,,,,,,,,,
2026-01-13,Online Banking payment - 5358,DOANE GRANTTHOR,-1602.3,"2,900.99",,,,,,,,,,,,,,,,,,,,,,,,,,,,,,,,,1602.3,,,,,,,,,,,,,,,0,,,,,,,,,,,,,,,,
2026-01-13,Credit memo,FT916676401,20796,"23,696.99",,,,,,,,,,,,,,,,,,,,,,,,,,-20796,,,,,,,,,,,,,,,,,,,,,,0,,TRF-090,CAN 1015 USD,Y,15118.692,,,,,,,,,,,51
2026-01-13,AMX DEP12374336,,64.3,"23,761.29",,-64.3,,,,,,,,,,,,,,,,,,,,,,,,,,,,,,,,,,,,,,,,,,,,,,0,,,,,,,,,,,,,,,,
2026-01-13,MC DEP 12233920,,195.45,"23,956.74",,-195.45,,,,,,,,,,,,,,,,,,,,,,,,,,,,,,,,,,,,,,,,,,,,,,0,,,,,,,,,,,,,,,,
2026-01-13,MC FEE 12233920,,-4.33,"23,952.41",,,,,,,,,,,,,,,,,,,4.33,,,,,,,,,,,,,,,,,,,,,,,,,,,,,0,,,,,,,,,,,,,,,,
2026-01-13,VSA DEP12233920,,3536.92,"27,489.33",,-3536.92,,,,,,,,,,,,,,,,,,,,,,,,,,,,,,,,,,,,,,,,,,,,,,0,,,,,,,,,,,,,,,,
2026-01-13,VSA FEE12233920,,-70.66,"27,418.67",,,,,,,,,,,,,,,,,,,70.66,,,,,,,,,,,,,,,,,,,,,,,,,,,,,0,,,,,,,,,,,,,,,,
2026-01-14,Business PAD,Clearbridge Bus,-4664.26,"22,754.41",,,,,,,,,,,,,,,,,,,4664.26,,,,,,,,,,,,,,,,,,,,,,,,,,,,,0,,,,,,,,,,,,,,,,
2026-01-14,Item returned unpaid,S07090,-12.58,"22,741.83",,,,,,,,,,,,,,,,,,,12.58,,,,,,,,,,,,,,,,,,,,,,,,,,,,,0,,,,,,,,,,,,,,,,
2026-01-14,Item returned unpaid fee,,-7,"22,734.83",,,,,,,,,,,,,,,,,,,7,,,,,,,,,,,,,,,,,,,,,,,,,,,,,0,,,,,,,,,,,,,,,,
2026-01-14,MC DEP 12233920,,1280.22,"24,015.05",,-1280.22,,,,,,,,,,,,,,,,,,,,,,,,,,,,,,,,,,,,,,,,,,,,,,0,,,,,,,,,,,,,,,,
2026-01-14,MC DEP 12374336,,33.59,"24,048.64",,-33.59,,,,,,,,,,,,,,,,,,,,,,,,,,,,,,,,,,,,,,,,,,,,,,0,,,,,,,,,,,,,,,,
2026-01-14,MC FEE 12233920,,-22.68,"24,025.96",,,,,,,,,,,,,,,,,,,22.68,,,,,,,,,,,,,,,,,,,,,,,,,,,,,0,,,,,,,,,,,,,,,,
2026-01-14,VSA DEP12233920,,-31.5,"23,994.46",,31.5,,,,,,,,,,,,,,,,,,,,,,,,,,,,,,,,,,,,,,,,,,,,,,0,,,,,,,,,,,,,,,,
2026-01-14,VSA FEE12233920,,0.48,"23,994.94",,,,,,,,,,,,,,,,,,,-0.48,,,,,,,,,,,,,,,,,,,,,,,,,,,,,0,,,,,,,,,,,,,,,,
2026-01-15,Online Banking payment - 8481,HUB INTL-BARTON,-5684,"18,310.94",,,,,,,,,,,,,,,,,,,,,,,,,,,,,,,,,5684,,,,,,,,,,,,,,,0,,,,,,,,,,,,,,,,
2026-01-15,MC FEE 12233920,,-0.06,"18,310.88",,,,,,,,,,,,,,,,,,,0.06,,,,,,,,,,,,,,,,,,,,,,,,,,,,,0,,,,,,,,,,,,,,,,
2026-01-15,VSA DEP12233920,,2091.24,"20,402.12",,-2091.24,,,,,,,,,,,,,,,,,,,,,,,,,,,,,,,,,,,,,,,,,,,,,,0,,,,,,,,,,,,,,,,
2026-01-15,VSA DEP12374336,,25.21,"20,427.33",,-25.21,,,,,,,,,,,,,,,,,,,,,,,,,,,,,,,,,,,,,,,,,,,,,,0,,,,,,,,,,,,,,,,
2026-01-15,VSA FEE12233920,,-46.89,"20,380.44",,,,,,,,,,,,,,,,,,,46.89,,,,,,,,,,,,,,,,,,,,,,,,,,,,,0,,,,,,,,,,,,,,,,
2026-01-16,Misc Payment,RBC CREDIT CARD,-251.21,"20,129.23",,,,,,,,,,,,,,,,,,,,,,,,,,,,251.21,,,,,,,,,,,,,,,,,,,,0,,TRF-V7-003,CAN 2190 CAD,,,,,,,,,,,,,52
2026-01-16,Misc Payment,RBC CREDIT CARD,-667.69,"19,461.54",,,,,,,,,,,,,,,,,,,,,,,,,,,,667.69,,,,,,,,,,,,,,,,,,,,0,,TRF-V5-006,CAN 2130 CAD,,,,,,,,,,,,,53
2026-01-16,Misc Payment,RBC CREDIT CARD,-22171.21,"-2,709.67",,,,,,,,,,,,,,,,,,,,,,,,,,,,22171.21,,,,,,,,,,,,,,,,,,,,0,,TRF-V4-006,CAN 2110 CAD,,,,,,,,,,,,,54
2026-01-16,MC DEP 12233920,,142.27,"-2,567.40",,-142.27,,,,,,,,,,,,,,,,,,,,,,,,,,,,,,,,,,,,,,,,,,,,,,0,,,,,,,,,,,,,,,,
2026-01-16,MC DEP 12374336,,2362.5,-204.90,,-2362.5,,,,,,,,,,,,,,,,,,,,,,,,,,,,,,,,,,,,,,,,,,,,,,0,,,,,,,,,,,,,,,,
2026-01-16,MC FEE 12233920,,-4.33,-209.23,,,,,,,,,,,,,,,,,,,4.33,,,,,,,,,,,,,,,,,,,,,,,,,,,,,0,,,,,,,,,,,,,,,,
2026-01-16,VSA DEP12374336,,152.37,-56.86,,-152.37,,,,,,,,,,,,,,,,,,,,,,,,,,,,,,,,,,,,,,,,,,,,,,0,,,,,,,,,,,,,,,,
2026-01-19,Online Banking payment - 8396,DOANE GRANTTHOR,-1659.53,"-1,716.39",,,,,,,,,,,,,,,,,,,1659.53,,,,,,,,,,,,,,,,,,,,,,,,,,,,,0,,,,,,,,,,,,,,,,
2026-01-19,Credit memo,FT41580853,41520,"39,803.61",,,,,,,,,,,,,,,,,,,,,,,,,,-41520,,,,,,,,,,,,,,,,,,,,,,0,,TRF-091,CAN 1015 USD,Y,30185.04,,,,,,,,,,,55
2026-01-19,Misc Payment,PAYPAL,456.3,"40,259.91",,-456.3,,,,,,,,,,,,,,,,,,,,,,,,,,,,,,,,,,,,,,,,,,,,,,0,,,,,,,,,,,,,,,,
2026-01-19,e-Transfer Request Fulfilled,,-359.34,"39,900.57",,,,,,,,,,,,,,,,,,,359.34,,,,,,,,,,,,,,,,,,,,,,,,,,,,,0,,,,,,,,,,,,,,,,
2026-01-19,e-Transfer Request Fulfilled fee,,-1.5,"39,899.07",,,,,,,,,,,,,,,,,,,1.5,,,,,,,,,,,,,,,,,,,,,,,,,,,,,0,,,,,,,,,,,,,,,,
2026-01-19,LOAN CREDIT,,5000,"44,899.07",,,,,,,,,,,,,,,,,,,,,,,,,,-5000,,,,,,,,,,,,,,,,,,,,,,0,,TRF-025,CAN 1050 CAD$,N,3635,,,,,,,,,,,56
2026-01-19,MC DEP 12233920,,485.58,"45,384.65",,-485.58,,,,,,,,,,,,,,,,,,,,,,,,,,,,,,,,,,,,,,,,,,,,,,0,,,,,,,,,,,,,,,,
2026-01-19,MC DEP 12233920,,2987.75,"48,372.40",,-2987.75,,,,,,,,,,,,,,,,,,,,,,,,,,,,,,,,,,,,,,,,,,,,,,0,,,,,,,,,,,,,,,,
2026-01-19,MC FEE 12233920,,-0.06,"48,372.34",,,,,,,,,,,,,,,,,,,0.06,,,,,,,,,,,,,,,,,,,,,,,,,,,,,0,,,,,,,,,,,,,,,,
2026-01-19,MC FEE 12233920,,-60.6,"48,311.74",,,,,,,,,,,,,,,,,,,60.6,,,,,,,,,,,,,,,,,,,,,,,,,,,,,0,,,,,,,,,,,,,,,,
2026-01-19,MC FEE 12233920,,-9.12,"48,302.62",,,,,,,,,,,,,,,,,,,9.12,,,,,,,,,,,,,,,,,,,,,,,,,,,,,0,,,,,,,,,,,,,,,,
2026-01-19,VSA DEP12233920,,128.16,"48,430.78",,-128.16,,,,,,,,,,,,,,,,,,,,,,,,,,,,,,,,,,,,,,,,,,,,,,0,,,,,,,,,,,,,,,,
2026-01-19,VSA DEP12233920,,1773.65,"50,204.43",,-1773.65,,,,,,,,,,,,,,,,,,,,,,,,,,,,,,,,,,,,,,,,,,,,,,0,,,,,,,,,,,,,,,,
2026-01-19,VSA FEE12233920,,-0.29,"50,204.14",,,,,,,,,,,,,,,,,,,0.29,,,,,,,,,,,,,,,,,,,,,,,,,,,,,0,,,,,,,,,,,,,,,,
2026-01-19,VSA FEE12233920,,-2.52,"50,201.62",,,,,,,,,,,,,,,,,,,2.52,,,,,,,,,,,,,,,,,,,,,,,,,,,,,0,,,,,,,,,,,,,,,,
2026-01-19,VSA FEE12233920,,-34.01,"50,167.61",,,,,,,,,,,,,,,,,,,34.01,,,,,,,,,,,,,,,,,,,,,,,,,,,,,0,,,,,,,,,,,,,,,,
2026-01-20,COMM HYDRO BILL PMT,B.C. HYDRO-PAP,-485.48,"49,682.13",,,,,,,,,,,,,,,,,,,485.48,,,,,,,,,,,,,,,,,,,,,,,,,,,,,0,,,,,,,,,,,,,,,,
2026-01-20,Payroll Deposit,INTUIT 09479587,-1797.07,"47,885.06",,,,,,,,,,,,,,,,,,,1797.07,,,,,,,,,,,,,,,,,,,,,,,,,,,,,0,,,,,,,,,,,,,,,,
2026-01-20,Payroll Deposit,INTUIT 09479587,-1511.26,"46,373.80",,,,,,,,,,,,,,,,,,,1511.26,,,,,,,,,,,,,,,,,,,,,,,,,,,,,0,,,,,,,,,,,,,,,,
2026-01-20,Payroll Deposit,INTUIT 09479587,-1397.61,"44,976.19",,,,,,,,,,,,,,,,,,,1397.61,,,,,,,,,,,,,,,,,,,,,,,,,,,,,0,,,,,,,,,,,,,,,,
2026-01-20,Payroll Deposit,INTUIT 09479587,-1550.16,"43,426.03",,,,,,,,,,,,,,,,,,,1550.16,,,,,,,,,,,,,,,,,,,,,,,,,,,,,0,,,,,,,,,,,,,,,,
2026-01-20,Payroll Deposit,INTUIT 09479587,-1739.32,"41,686.71",,,,,,,,,,,,,,,,,,,1739.32,,,,,,,,,,,,,,,,,,,,,,,,,,,,,0,,,,,,,,,,,,,,,,
2026-01-20,Payroll Deposit,INTUIT 09479587,-2096.76,"39,589.95",,,,,,,,,,,,,,,,,,,2096.76,,,,,,,,,,,,,,,,,,,,,,,,,,,,,0,,,,,,,,,,,,,,,,
2026-01-20,Payroll Deposit,INTUIT 09479587,-832.62,"38,757.33",,,,,,,,,,,,,,,,,,,832.62,,,,,,,,,,,,,,,,,,,,,,,,,,,,,0,,,,,,,,,,,,,,,,
2026-01-20,Payroll Deposit,INTUIT 09479587,-1874.31,"36,883.02",,,,,,,,,,,,,,,,,,,1874.31,,,,,,,,,,,,,,,,,,,,,,,,,,,,,0,,,,,,,,,,,,,,,,
2026-01-20,Payroll Deposit,INTUIT 09479587,-2096.24,"34,786.78",,,,,,,,,,,,,,,,,,,2096.24,,,,,,,,,,,,,,,,,,,,,,,,,,,,,0,,,,,,,,,,,,,,,,
2026-01-20,Payroll Deposit,INTUIT 09479587,-1970.11,"32,816.67",,,,,,,,,,,,,,,,,,,1970.11,,,,,,,,,,,,,,,,,,,,,,,,,,,,,0,,,,,,,,,,,,,,,,
2026-01-20,Payroll Deposit,INTUIT 09479587,-1843.86,"30,972.81",,,,,,,,,,,,,,,,,,,1843.86,,,,,,,,,,,,,,,,,,,,,,,,,,,,,0,,,,,,,,,,,,,,,,
2026-01-20,Payroll Deposit,INTUIT 09479587,-1970.11,"29,002.70",,,,,,,,,,,,,,,,,,,1970.11,,,,,,,,,,,,,,,,,,,,,,,,,,,,,0,,,,,,,,,,,,,,,,
2026-01-20,Payroll Deposit,INTUIT 09479587,-1797.07,"27,205.63",,,,,,,,,,,,,,,,,,,1797.07,,,,,,,,,,,,,,,,,,,,,,,,,,,,,0,,,,,,,,,,,,,,,,
2026-01-20,Payroll Deposit,INTUIT 09479587,-2371.04,"24,834.59",,,,,,,,,,,,,,,,,,,2371.04,,,,,,,,,,,,,,,,,,,,,,,,,,,,,0,,,,,,,,,,,,,,,,
2026-01-20,Payroll Deposit,INTUIT 09479587,-1843.86,"22,990.73",,,,,,,,,,,,,,,,,,,1843.86,,,,,,,,,,,,,,,,,,,,,,,,,,,,,0,,,,,,,,,,,,,,,,
2026-01-20,Payroll Deposit,INTUIT 09479587,-1445.43,"21,545.30",,,,,,,,,,,,,,,,,,,1445.43,,,,,,,,,,,,,,,,,,,,,,,,,,,,,0,,,,,,,,,,,,,,,,
2026-01-20,Payroll Deposit,INTUIT 09479587,-2096.76,"19,448.54",,,,,,,,,,,,,,,,,,,2096.76,,,,,,,,,,,,,,,,,,,,,,,,,,,,,0,,,,,,,,,,,,,,,,
2026-01-20,Payroll Deposit,INTUIT 09479587,-2728.21,"16,720.33",,,,,,,,,,,,,,,,,,,2728.21,,,,,,,,,,,,,,,,,,,,,,,,,,,,,0,,,,,,,,,,,,,,,,
2026-01-20,Payroll Deposit,INTUIT 09479587,-1843.86,"14,876.47",,,,,,,,,,,,,,,,,,,1843.86,,,,,,,,,,,,,,,,,,,,,,,,,,,,,0,,,,,,,,,,,,,,,,
2026-01-20,LOAN PAYMENT,,-5000,"9,876.47",,,,,,,,,,,,,,,,,,,,,,,,,,,5000,,,,,,,,,,,,,,,,,,,,,0,,TRF-026,CAN 1050 CAD$,N,-3635,,,,,,,,,,,57
2026-01-20,MC DEP 12233920,,141.97,"10,018.44",,-141.97,,,,,,,,,,,,,,,,,,,,,,,,,,,,,,,,,,,,,,,,,,,,,,0,,,,,,,,,,,,,,,,
2026-01-20,MC FEE 12233920,,-4.32,"10,014.12",,,,,,,,,,,,,,,,,,,4.32,,,,,,,,,,,,,,,,,,,,,,,,,,,,,0,,,,,,,,,,,,,,,,
2026-01-20,VSA FEE12233920,,-0.21,"10,013.91",,,,,,,,,,,,,,,,,,,0.21,,,,,,,,,,,,,,,,,,,,,,,,,,,,,0,,,,,,,,,,,,,,,,
2026-01-21,Misc Payment,HSA CAD CAN,-370.38,"9,643.53",,,,,,,,,,,,,,,,,,,370.38,,,,,,,,,,,,,,,,,,,,,,,,,,,,,0,,,,,,,,,,,,,,,,
2026-01-21,Other loan,Loan interest,-3.12,"9,640.41",,,,,,,,,,,,,,,,,,,3.12,,,,,,,,,,,,,,,,,,,,,,,,,,,,,0,,,,,,,,,,,,,,,,
2026-01-21,MC DEP 12233920,,187.15,"9,827.56",,-187.15,,,,,,,,,,,,,,,,,,,,,,,,,,,,,,,,,,,,,,,,,,,,,,0,,,,,,,,,,,,,,,,
2026-01-21,MC DEP 12374336,,379.8,"10,207.36",,-379.8,,,,,,,,,,,,,,,,,,,,,,,,,,,,,,,,,,,,,,,,,,,,,,0,,,,,,,,,,,,,,,,
2026-01-21,MC FEE 12233920,,-4.26,"10,203.10",,,,,,,,,,,,,,,,,,,4.26,,,,,,,,,,,,,,,,,,,,,,,,,,,,,0,,,,,,,,,,,,,,,,
2026-01-21,VSA DEP12233920,,222.28,"10,425.38",,-222.28,,,,,,,,,,,,,,,,,,,,,,,,,,,,,,,,,,,,,,,,,,,,,,0,,,,,,,,,,,,,,,,
2026-01-21,VSA FEE12233920,,-4.24,"10,421.14",,,,,,,,,,,,,,,,,,,4.24,,,,,,,,,,,,,,,,,,,,,,,,,,,,,0,,,,,,,,,,,,,,,,
2026-01-22,Misc Payment,PAYPAL,1416.98,"11,838.12",,-1416.98,,,,,,,,,,,,,,,,,,,,,,,,,,,,,,,,,,,,,,,,,,,,,,0,,,,,,,,,,,,,,,,
2026-01-22,AMX DEP12233920,,39.38,"11,877.50",,-39.38,,,,,,,,,,,,,,,,,,,,,,,,,,,,,,,,,,,,,,,,,,,,,,0,,,,,,,,,,,,,,,,
2026-01-22,MC FEE 12233920,,-0.06,"11,877.44",,,,,,,,,,,,,,,,,,,0.06,,,,,,,,,,,,,,,,,,,,,,,,,,,,,0,,,,,,,,,,,,,,,,
2026-01-22,VSA DEP12233920,,4705.27,"16,582.71",,-4705.27,,,,,,,,,,,,,,,,,,,,,,,,,,,,,,,,,,,,,,,,,,,,,,0,,,,,,,,,,,,,,,,
2026-01-22,VSA FEE12233920,,-84.63,"16,498.08",,,,,,,,,,,,,,,,,,,84.63,,,,,,,,,,,,,,,,,,,,,,,,,,,,,0,,,,,,,,,,,,,,,,
2026-01-23,MC DEP 12233920,,2112.14,"18,610.22",,-2112.14,,,,,,,,,,,,,,,,,,,,,,,,,,,,,,,,,,,,,,,,,,,,,,0,,,,,,,,,,,,,,,,
2026-01-23,MC DEP 12374336,,436.8,"19,047.02",,-436.8,,,,,,,,,,,,,,,,,,,,,,,,,,,,,,,,,,,,,,,,,,,,,,0,,,,,,,,,,,,,,,,
2026-01-23,MC FEE 12233920,,-47.25,"18,999.77",,,,,,,,,,,,,,,,,,,47.25,,,,,,,,,,,,,,,,,,,,,,,,,,,,,0,,,,,,,,,,,,,,,,
2026-01-23,VSA DEP12233920,,3546.43,"22,546.20",,-3546.43,,,,,,,,,,,,,,,,,,,,,,,,,,,,,,,,,,,,,,,,,,,,,,0,,,,,,,,,,,,,,,,
2026-01-23,VSA FEE12233920,,-94.65,"22,451.55",,,,,,,,,,,,,,,,,,,94.65,,,,,,,,,,,,,,,,,,,,,,,,,,,,,0,,,,,,,,,,,,,,,,
2026-01-26,Online Banking payment - 3240,CYCLES LAMBERT,-535.03,"21,916.52",,,,,,,,,,,,,,,,,,,,,,,,,,,,,,,,,535.03,,,,,,,,,,,,,,,0,,,,,,,,,,,,,,,,
2026-01-26,Direct Deposits (PDS) service total,GRADS8318600000,-716.1,"21,200.42",,,,,,,,,,,,,,,,,,,716.1,,,,,,,,,,,,,,,,,,,,,,,,,,,,,0,,,,,,,,,,,,,,,,
2026-01-26,e-Transfer sent,Shipco,-606.26,"20,594.16",,,,,,,,,,,,,,,,,,,606.26,,,,,,,,,,,,,,,,,,,,,,,,,,,,,0,,,,,,,,,,,,,,,,
2026-01-26,MC DEP 12233920,,840.28,"21,434.44",,-840.28,,,,,,,,,,,,,,,,,,,,,,,,,,,,,,,,,,,,,,,,,,,,,,0,,,,,,,,,,,,,,,,
2026-01-26,MC DEP 12374336,,77.49,"21,511.93",,-77.49,,,,,,,,,,,,,,,,,,,,,,,,,,,,,,,,,,,,,,,,,,,,,,0,,,,,,,,,,,,,,,,
2026-01-26,MC FEE 12233920,,-16.08,"21,495.85",,,,,,,,,,,,,,,,,,,16.08,,,,,,,,,,,,,,,,,,,,,,,,,,,,,0,,,,,,,,,,,,,,,,
2026-01-26,MC FEE 12233920,,-0.06,"21,495.79",,,,,,,,,,,,,,,,,,,0.06,,,,,,,,,,,,,,,,,,,,,,,,,,,,,0,,,,,,,,,,,,,,,,
2026-01-26,Online Banking transfer - 5748,,-3000,"18,495.79",,,,,,,,,,,,,,,,,,,,,,,,,,,,3000,,,,,,,,,,,,,,,,,,,,0,,TRF-V5-007,CAN 2130 CAD,,-2181,,,,,,,,,,,58
2026-01-26,VSA DEP12233920,,2102.54,"20,598.33",,-2102.54,,,,,,,,,,,,,,,,,,,,,,,,,,,,,,,,,,,,,,,,,,,,,,0,,,,,,,,,,,,,,,,
2026-01-26,VSA DEP12233920,,845.75,"21,444.08",,-845.75,,,,,,,,,,,,,,,,,,,,,,,,,,,,,,,,,,,,,,,,,,,,,,0,,,,,,,,,,,,,,,,
2026-01-26,VSA DEP12233920,,1675.83,"23,119.91",,-1675.83,,,,,,,,,,,,,,,,,,,,,,,,,,,,,,,,,,,,,,,,,,,,,,0,,,,,,,,,,,,,,,,
2026-01-26,VSA DEP12374336,,327.04,"23,446.95",,-327.04,,,,,,,,,,,,,,,,,,,,,,,,,,,,,,,,,,,,,,,,,,,,,,0,,,,,,,,,,,,,,,,
2026-01-26,VSA FEE12233920,,-16.11,"23,430.84",,,,,,,,,,,,,,,,,,,16.11,,,,,,,,,,,,,,,,,,,,,,,,,,,,,0,,,,,,,,,,,,,,,,
2026-01-26,VSA FEE12233920,,-40.24,"23,390.60",,,,,,,,,,,,,,,,,,,40.24,,,,,,,,,,,,,,,,,,,,,,,,,,,,,0,,,,,,,,,,,,,,,,
2026-01-26,VSA FEE12233920,,-28.02,"23,362.58",,,,,,,,,,,,,,,,,,,28.02,,,,,,,,,,,,,,,,,,,,,,,,,,,,,0,,,,,,,,,,,,,,,,
2026-01-27,e-Transfer sent,Liam Morgan Cinematography,-525,"22,837.58",,,,,,,,,,,,,,,,,,,525,,,,,,,,,,,,,,,,,,,,,,,,,,,,,0,,,,,,,,,,,,,,,,
2026-01-27,EF0127 12374336,,33.59,"22,871.17",,-33.59,,,,,,,,,,,,,,,,,,,,,,,,,,,,,,,,,,,,,,,,,,,,,,0,,,,,,,,,,,,,,,,
2026-01-27,MC DEP 12233920,,333.54,"23,204.71",,-333.54,,,,,,,,,,,,,,,,,,,,,,,,,,,,,,,,,,,,,,,,,,,,,,0,,,,,,,,,,,,,,,,
2026-01-27,MC FEE 12233920,,-6.84,"23,197.87",,,,,,,,,,,,,,,,,,,6.84,,,,,,,,,,,,,,,,,,,,,,,,,,,,,0,,,,,,,,,,,,,,,,
2026-01-27,VSA DEP12374336,,647,"23,844.87",,-647,,,,,,,,,,,,,,,,,,,,,,,,,,,,,,,,,,,,,,,,,,,,,,0,,,,,,,,,,,,,,,,
2026-01-28,Direct Deposits (PDS) service total,GRADS8318600000,-556.24,"23,288.63",,,,,,,,,,,,,,,,,,,556.24,,,,,,,,,,,,,,,,,,,,,,,,,,,,,0,,,,,,,,,,,,,,,,
2026-01-28,Misc Payment,HSA CAD CAN,-758.48,"22,530.15",,,,,,,,,,,,,,,,,,,758.48,,,,,,,,,,,,,,,,,,,,,,,,,,,,,0,,,,,,,,,,,,,,,,
2026-01-28,MC FEE 12233920,,-0.12,"22,530.03",,,,,,,,,,,,,,,,,,,0.12,,,,,,,,,,,,,,,,,,,,,,,,,,,,,0,,,,,,,,,,,,,,,,
2026-01-28,VSA DEP12233920,,2948.1,"25,478.13",,-2948.1,,,,,,,,,,,,,,,,,,,,,,,,,,,,,,,,,,,,,,,,,,,,,,0,,,,,,,,,,,,,,,,
2026-01-28,VSA DEP12374336,,107.52,"25,585.65",,-107.52,,,,,,,,,,,,,,,,,,,,,,,,,,,,,,,,,,,,,,,,,,,,,,0,,,,,,,,,,,,,,,,
2026-01-28,VSA FEE12233920,,-49.28,"25,536.37",,,,,,,,,,,,,,,,,,,49.28,,,,,,,,,,,,,,,,,,,,,,,,,,,,,0,,,,,,,,,,,,,,,,
2026-01-29,MC DEP 12374336,,26.87,"25,563.24",,-26.87,,,,,,,,,,,,,,,,,,,,,,,,,,,,,,,,,,,,,,,,,,,,,,0,,,,,,,,,,,,,,,,
2026-01-29,MC FEE 12233920,,-1.86,"25,561.38",,,,,,,,,,,,,,,,,,,1.86,,,,,,,,,,,,,,,,,,,,,,,,,,,,,0,,,,,,,,,,,,,,,,
2026-01-29,VSA DEP12233920,,7567.29,"33,128.67",,-7567.29,,,,,,,,,,,,,,,,,,,,,,,,,,,,,,,,,,,,,,,,,,,,,,0,,,,,,,,,,,,,,,,
2026-01-29,VSA FEE12233920,,-168.27,"32,960.40",,,,,,,,,,,,,,,,,,,168.27,,,,,,,,,,,,,,,,,,,,,,,,,,,,,0,,,,,,,,,,,,,,,,
2026-01-30,Online Banking payment - 5228,OUTDOOR GEAR,-548.45,"32,411.95",,,,,,,,,,,,,,,,,,,,,,,,,,,,,,,,,548.45,,,,,,,,,,,,,,,0,,,,,,,,,,,,,,,,
2026-01-30,Prov/Local Gvt Payment,PROVINCE OF BC,-2746.31,"29,665.64",,,,,,,,,,,,,,,,,,,2746.31,,,,,,,,,,,,,,,,,,,,,,,,,,,,,0,,,,,,,,,,,,,,,,
2026-01-30,AMX DEP12233920,,855.55,"30,521.19",,-855.55,,,,,,,,,,,,,,,,,,,,,,,,,,,,,,,,,,,,,,,,,,,,,,0,,,,,,,,,,,,,,,,
2026-01-30,MC FEE 12233920,,-1.73,"30,519.46",,,,,,,,,,,,,,,,,,,1.73,,,,,,,,,,,,,,,,,,,,,,,,,,,,,0,,,,,,,,,,,,,,,,
2026-01-30,VSA DEP12233920,,6151.71,"36,671.17",,-6151.71,,,,,,,,,,,,,,,,,,,,,,,,,,,,,,,,,,,,,,,,,,,,,,0,,,,,,,,,,,,,,,,
2026-01-30,VSA FEE12233920,,-113.71,"36,557.46",,,,,,,,,,,,,,,,,,,113.71,,,,,,,,,,,,,,,,,,,,,,,,,,,,,0,,,,,,,,,,,,,,,,
2026-02-02,Business PAD,SPECIALIZED,-434.7,"36,122.76",,,,,,,,,,,,,,,,,,,,,,,,,,,,,,,,,434.7,,,,,,,,,,,,,,,0,,,,,,,,,,,,,,,,
2026-02-02,AMX DEP12233920,,2002.06,"38,124.82",,-2002.06,,,,,,,,,,,,,,,,,,,,,,,,,,,,,,,,,,,,,,,,,,,,,,0,,,,,,,,,,,,,,,,
2026-02-02,AMX FEE12233920,,-85.42,"38,039.40",,,,,,,,,,,,,,,,,,,85.42,,,,,,,,,,,,,,,,,,,,,,,,,,,,,0,,,,,,,,,,,,,,,,
2026-02-02,AMX FEE12374336,,-1.46,"38,037.94",,,,,,,,,,,,,,,,,,,1.46,,,,,,,,,,,,,,,,,,,,,,,,,,,,,0,,,,,,,,,,,,,,,,
2026-02-02,INT FEE12374336,,-0.4,"38,037.54",,,,,,,,,,,,,,,,,,,0.4,,,,,,,,,,,,,,,,,,,,,,,,,,,,,0,,,,,,,,,,,,,,,,
2026-02-02,MC FEE 12233920,,-0.06,"38,037.48",,,,,,,,,,,,,,,,,,,0.06,,,,,,,,,,,,,,,,,,,,,,,,,,,,,0,,,,,,,,,,,,,,,,
2026-02-02,MC FEE 12233920,,-16.4,"38,021.08",,,,,,,,,,,,,,,,,,,16.4,,,,,,,,,,,,,,,,,,,,,,,,,,,,,0,,,,,,,,,,,,,,,,
2026-02-02,MC FEE 12374336,,-49.2,"37,971.88",,,,,,,,,,,,,,,,,,,49.2,,,,,,,,,,,,,,,,,,,,,,,,,,,,,0,,,,,,,,,,,,,,,,
2026-02-02,MON FEE12233920,,-27.3,"37,944.58",,,,,,,,,,,,,,,,,,,27.3,,,,,,,,,,,,,,,,,,,,,,,,,,,,,0,,,,,,,,,,,,,,,,
2026-02-02,MON FEE12344503,,-27.3,"37,917.28",,,,,,,,,,,,,,,,,,,27.3,,,,,,,,,,,,,,,,,,,,,,,,,,,,,0,,,,,,,,,,,,,,,,
2026-02-02,MON FEE12374336,,-45.5,"37,871.78",,,,,,,,,,,,,,,,,,,45.5,,,,,,,,,,,,,,,,,,,,,,,,,,,,,0,,,,,,,,,,,,,,,,
2026-02-02,VSA DEP12233920,,59.81,"37,931.59",,-59.81,,,,,,,,,,,,,,,,,,,,,,,,,,,,,,,,,,,,,,,,,,,,,,0,,,,,,,,,,,,,,,,
2026-02-02,VSA DEP12233920,,2384.89,"40,316.48",,-2384.89,,,,,,,,,,,,,,,,,,,,,,,,,,,,,,,,,,,,,,,,,,,,,,0,,,,,,,,,,,,,,,,
2026-02-02,VSA FEE12233920,,-54.35,"40,262.13",,,,,,,,,,,,,,,,,,,54.35,,,,,,,,,,,,,,,,,,,,,,,,,,,,,0,,,,,,,,,,,,,,,,
2026-02-02,VSA FEE12233920,,-0.05,"40,262.08",,,,,,,,,,,,,,,,,,,0.05,,,,,,,,,,,,,,,,,,,,,,,,,,,,,0,,,,,,,,,,,,,,,,
2026-02-02,VSA FEE12233920,,-1.88,"40,260.20",,,,,,,,,,,,,,,,,,,1.88,,,,,,,,,,,,,,,,,,,,,,,,,,,,,0,,,,,,,,,,,,,,,,
2026-02-02,VSA FEE12374336,,-18.72,"40,241.48",,,,,,,,,,,,,,,,,,,18.72,,,,,,,,,,,,,,,,,,,,,,,,,,,,,0,,,,,,,,,,,,,,,,
2026-02-03,Business PAD,Clearbridge Bus,-1223.61,"39,017.87",,,,,,,,,,,,,,,,,,,1223.61,,,,,,,,,,,,,,,,,,,,,,,,,,,,,0,,,,,,,,,,,,,,,,
2026-02-03,Payroll Deposit,INTUIT 09650796,-2594.32,"36,423.55",,,,,,,,,,,,,,,,,,,2594.32,,,,,,,,,,,,,,,,,,,,,,,,,,,,,0,,,,,,,,,,,,,,,,
2026-02-03,Payroll Deposit,INTUIT 09650796,-1797.07,"34,626.48",,,,,,,,,,,,,,,,,,,1797.07,,,,,,,,,,,,,,,,,,,,,,,,,,,,,0,,,,,,,,,,,,,,,,
2026-02-03,Payroll Deposit,INTUIT 09650796,-5013.67,"29,612.81",,,,,,,,,,,,,,,,,,,5013.67,,,,,,,,,,,,,,,,,,,,,,,,,,,,,0,,,,,,,,,,,,,,,,
2026-02-03,Payroll Deposit,INTUIT 09650796,-1739.32,"27,873.49",,,,,,,,,,,,,,,,,,,1739.32,,,,,,,,,,,,,,,,,,,,,,,,,,,,,0,,,,,,,,,,,,,,,,
2026-02-03,Payroll Deposit,INTUIT 09650796,-1550.16,"26,323.33",,,,,,,,,,,,,,,,,,,1550.16,,,,,,,,,,,,,,,,,,,,,,,,,,,,,0,,,,,,,,,,,,,,,,
2026-02-03,Payroll Deposit,INTUIT 09650796,-2096.76,"24,226.57",,,,,,,,,,,,,,,,,,,2096.76,,,,,,,,,,,,,,,,,,,,,,,,,,,,,0,,,,,,,,,,,,,,,,
2026-02-03,Payroll Deposit,INTUIT 09650796,-693.76,"23,532.81",,,,,,,,,,,,,,,,,,,693.76,,,,,,,,,,,,,,,,,,,,,,,,,,,,,0,,,,,,,,,,,,,,,,
2026-02-03,Payroll Deposit,INTUIT 09650796,-1442.14,"22,090.67",,,,,,,,,,,,,,,,,,,1442.14,,,,,,,,,,,,,,,,,,,,,,,,,,,,,0,,,,,,,,,,,,,,,,
2026-02-03,Payroll Deposit,INTUIT 09650796,-1843.86,"20,246.81",,,,,,,,,,,,,,,,,,,1843.86,,,,,,,,,,,,,,,,,,,,,,,,,,,,,0,,,,,,,,,,,,,,,,
2026-02-03,Payroll Deposit,INTUIT 09650796,-4430.69,"15,816.12",,,,,,,,,,,,,,,,,,,4430.69,,,,,,,,,,,,,,,,,,,,,,,,,,,,,0,,,,,,,,,,,,,,,,
2026-02-03,Payroll Deposit,INTUIT 09650796,-1970.11,"13,846.01",,,,,,,,,,,,,,,,,,,1970.11,,,,,,,,,,,,,,,,,,,,,,,,,,,,,0,,,,,,,,,,,,,,,,
2026-02-03,Payroll Deposit,INTUIT 09650796,-1843.86,"12,002.15",,,,,,,,,,,,,,,,,,,1843.86,,,,,,,,,,,,,,,,,,,,,,,,,,,,,0,,,,,,,,,,,,,,,,
2026-02-03,Payroll Deposit,INTUIT 09650796,-2096.76,"9,905.39",,,,,,,,,,,,,,,,,,,2096.76,,,,,,,,,,,,,,,,,,,,,,,,,,,,,0,,,,,,,,,,,,,,,,
2026-02-03,Payroll Deposit,INTUIT 09650796,-1797.07,"8,108.32",,,,,,,,,,,,,,,,,,,1797.07,,,,,,,,,,,,,,,,,,,,,,,,,,,,,0,,,,,,,,,,,,,,,,
2026-02-03,Payroll Deposit,INTUIT 09650796,-1397.61,"6,710.71",,,,,,,,,,,,,,,,,,,1397.61,,,,,,,,,,,,,,,,,,,,,,,,,,,,,0,,,,,,,,,,,,,,,,
2026-02-03,Payroll Deposit,INTUIT 09650796,-1843.86,"4,866.85",,,,,,,,,,,,,,,,,,,1843.86,,,,,,,,,,,,,,,,,,,,,,,,,,,,,0,,,,,,,,,,,,,,,,
2026-02-03,Payroll Deposit,INTUIT 09650796,-1445.43,"3,421.42",,,,,,,,,,,,,,,,,,,1445.43,,,,,,,,,,,,,,,,,,,,,,,,,,,,,0,,,,,,,,,,,,,,,,
2026-02-03,Payroll Deposit,INTUIT 09650796,-2096.24,"1,325.18",,,,,,,,,,,,,,,,,,,2096.24,,,,,,,,,,,,,,,,,,,,,,,,,,,,,0,,,,,,,,,,,,,,,,
2026-02-03,Payroll Deposit,INTUIT 09650796,-1970.11,-644.93,,,,,,,,,,,,,,,,,,,1970.11,,,,,,,,,,,,,,,,,,,,,,,,,,,,,0,,,,,,,,,,,,,,,,
2026-02-03,MC DEP 12233920,,139.97,-504.96,,-139.97,,,,,,,,,,,,,,,,,,,,,,,,,,,,,,,,,,,,,,,,,,,,,,0,,,,,,,,,,,,,,,,
2026-02-03,MC FEE 12233920,,-4.27,-509.23,,,,,,,,,,,,,,,,,,,4.27,,,,,,,,,,,,,,,,,,,,,,,,,,,,,0,,,,,,,,,,,,,,,,
2026-02-03,Monthly fee,,-6,-515.23,,,,,,,,,,,,,,,,,,,6,,,,,,,,,,,,,,,,,,,,,,,,,,,,,0,,,,,,,,,,,,,,,,
2026-02-03,VSA DEP12233920,,1669.17,"1,153.94",,-1669.17,,,,,,,,,,,,,,,,,,,,,,,,,,,,,,,,,,,,,,,,,,,,,,0,,,,,,,,,,,,,,,,
2026-02-03,VSA FEE12233920,,-32.28,"1,121.66",,,,,,,,,,,,,,,,,,,32.28,,,,,,,,,,,,,,,,,,,,,,,,,,,,,0,,,,,,,,,,,,,,,,
2026-02-04,Direct Deposits (PDS) service total,GRADS8318600000,-574.35,547.31,,,,,,,,,,,,,,,,,,,574.35,,,,,,,,,,,,,,,,,,,,,,,,,,,,,0,,,,,,,,,,,,,,,,
2026-02-04,Misc Payment,HSA CAD CAN,-137.91,409.40,,,,,,,,,,,,,,,,,,,137.91,,,,,,,,,,,,,,,,,,,,,,,,,,,,,0,,,,,,,,,,,,,,,,
2026-02-04,MC DEP 12233920,,71.88,481.28,,-71.88,,,,,,,,,,,,,,,,,,,,,,,,,,,,,,,,,,,,,,,,,,,,,,0,,,,,,,,,,,,,,,,
2026-02-04,MC FEE 12233920,,-1.63,479.65,,,,,,,,,,,,,,,,,,,1.63,,,,,,,,,,,,,,,,,,,,,,,,,,,,,0,,,,,,,,,,,,,,,,
2026-02-04,VSA DEP12233920,,5481.95,"5,961.60",,-5481.95,,,,,,,,,,,,,,,,,,,,,,,,,,,,,,,,,,,,,,,,,,,,,,0,,,,,,,,,,,,,,,,
2026-02-04,VSA DEP12374336,,164.05,"6,125.65",,-164.05,,,,,,,,,,,,,,,,,,,,,,,,,,,,,,,,,,,,,,,,,,,,,,0,,,,,,,,,,,,,,,,
2026-02-04,VSA FEE12233920,,-125.77,"5,999.88",,,,,,,,,,,,,,,,,,,125.77,,,,,,,,,,,,,,,,,,,,,,,,,,,,,0,,,,,,,,,,,,,,,,
2026-02-05,Credit memo,FT916759072,27300,"33,299.88",,,,,,,,,,,,,,,,,,,,,,,,,,-27300,,,,,,,,,,,,,,,,,,,,,,0,,TRF-092,CAN 1015 USD,Y,19847.1,,,,,,,,,,,59
2026-02-05,Misc Payment,PAYPAL,34.55,"33,334.43",,-34.55,,,,,,,,,,,,,,,,,,,,,,,,,,,,,,,,,,,,,,,,,,,,,,0,,,,,,,,,,,,,,,,
2026-02-05,Activity fee,,-408,"32,926.43",,,,,,,,,,,,,,,,,,,408,,,,,,,,,,,,,,,,,,,,,,,,,,,,,0,,,,,,,,,,,,,,,,
2026-02-05,MC DEP 12233920,,2809.86,"35,736.29",,-2809.86,,,,,,,,,,,,,,,,,,,,,,,,,,,,,,,,,,,,,,,,,,,,,,0,,,,,,,,,,,,,,,,
2026-02-05,MC FEE 12233920,,-65.87,"35,670.42",,,,,,,,,,,,,,,,,,,65.87,,,,,,,,,,,,,,,,,,,,,,,,,,,,,0,,,,,,,,,,,,,,,,
2026-02-05,VSA FEE12233920,,-0.27,"35,670.15",,,,,,,,,,,,,,,,,,,0.27,,,,,,,,,,,,,,,,,,,,,,,,,,,,,0,,,,,,,,,,,,,,,,
2026-02-06,Misc Payment,HSA CAD CAN,-160.89,"35,509.26",,,,,,,,,,,,,,,,,,,160.89,,,,,,,,,,,,,,,,,,,,,,,,,,,,,0,,,,,,,,,,,,,,,,
2026-02-06,Payroll Deposit,PAYROLL,-24074.61,"11,434.65",,,,,,,,,,,,,,,,,,,24074.61,,,,,,,,,,,,,,,,,,,,,,,,,,,,,0,,,,,,,,,,,,,,,,
2026-02-06,EF0206 12374336,,138.72,"11,573.37",,-138.72,,,,,,,,,,,,,,,,,,,,,,,,,,,,,,,,,,,,,,,,,,,,,,0,,,,,,,,,,,,,,,,
2026-02-06,MC DEP 12233920,,1949.99,"13,523.36",,-1949.99,,,,,,,,,,,,,,,,,,,,,,,,,,,,,,,,,,,,,,,,,,,,,,0,,,,,,,,,,,,,,,,
2026-02-06,MC FEE 12233920,,-35.68,"13,487.68",,,,,,,,,,,,,,,,,,,35.68,,,,,,,,,,,,,,,,,,,,,,,,,,,,,0,,,,,,,,,,,,,,,,
2026-02-06,VSA DEP12233920,,5540.16,"19,027.84",,-5540.16,,,,,,,,,,,,,,,,,,,,,,,,,,,,,,,,,,,,,,,,,,,,,,0,,,,,,,,,,,,,,,,
2026-02-06,VSA DEP12374336,,107.38,"19,135.22",,-107.38,,,,,,,,,,,,,,,,,,,,,,,,,,,,,,,,,,,,,,,,,,,,,,0,,,,,,,,,,,,,,,,
2026-02-06,VSA FEE12233920,,-112.93,"19,022.29",,,,,,,,,,,,,,,,,,,112.93,,,,,,,,,,,,,,,,,,,,,,,,,,,,,0,,,,,,,,,,,,,,,,
2026-02-09,Misc Payment,HSA CAD CAN,-17.18,"19,005.11",,,,,,,,,,,,,,,,,,,17.18,,,,,,,,,,,,,,,,,,,,,,,,,,,,,0,,,,,,,,,,,,,,,,
2026-02-09,Misc Payment,PAYPAL,61.12,"19,066.23",,-61.12,,,,,,,,,,,,,,,,,,,,,,,,,,,,,,,,,,,,,,,,,,,,,,0,,,,,,,,,,,,,,,,
2026-02-09,MC FEE 12233920,,-0.1,"19,066.13",,,,,,,,,,,,,,,,,,,0.1,,,,,,,,,,,,,,,,,,,,,,,,,,,,,0,,,,,,,,,,,,,,,,
2026-02-09,VSA DEP12233920,,201.56,"19,267.69",,-201.56,,,,,,,,,,,,,,,,,,,,,,,,,,,,,,,,,,,,,,,,,,,,,,0,,,,,,,,,,,,,,,,
2026-02-09,VSA DEP12233920,,1551.65,"20,819.34",,-1551.65,,,,,,,,,,,,,,,,,,,,,,,,,,,,,,,,,,,,,,,,,,,,,,0,,,,,,,,,,,,,,,,
2026-02-09,VSA FEE12233920,,-3.1,"20,816.24",,,,,,,,,,,,,,,,,,,3.1,,,,,,,,,,,,,,,,,,,,,,,,,,,,,0,,,,,,,,,,,,,,,,
2026-02-09,VSA FEE12233920,,-0.26,"20,815.98",,,,,,,,,,,,,,,,,,,0.26,,,,,,,,,,,,,,,,,,,,,,,,,,,,,0,,,,,,,,,,,,,,,,
2026-02-09,VSA FEE12233920,,-25.97,"20,790.01",,,,,,,,,,,,,,,,,,,25.97,,,,,,,,,,,,,,,,,,,,,,,,,,,,,0,,,,,,,,,,,,,,,,
2026-02-10,Federal Payment,CANADA,-2053.34,"18,736.67",,,,,,,,,,,,,,,,,,,2053.34,,,,,,,,,,,,,,,,,,,,,,,,,,,,,0,,,,,,,,,,,,,,,,
2026-02-10,Bill Payment,FortisBC Energy,-752.87,"17,983.80",,,,,,,,,,,,,,,,,,,752.87,,,,,,,,,,,,,,,,,,,,,,,,,,,,,0,,,,,,,,,,,,,,,,
2026-02-10,MC DEP 12233920,,2168.53,"20,152.33",,-2168.53,,,,,,,,,,,,,,,,,,,,,,,,,,,,,,,,,,,,,,,,,,,,,,0,,,,,,,,,,,,,,,,
2026-02-10,MC FEE 12233920,,-52.42,"20,099.91",,,,,,,,,,,,,,,,,,,52.42,,,,,,,,,,,,,,,,,,,,,,,,,,,,,0,,,,,,,,,,,,,,,,
2026-02-10,Online transfer sent - 4734,,-8000,"12,099.91",,,,,,,,,,,,,,,,,,,8000,,,,,,,,,,,,,,,,,,,,,,,,,,,,,0,,,,,,,,,,,,,,,,
2026-02-10,VSA DEP12233920,,4774.33,"16,874.24",,-4774.33,,,,,,,,,,,,,,,,,,,,,,,,,,,,,,,,,,,,,,,,,,,,,,0,,,,,,,,,,,,,,,,
2026-02-10,VSA FEE12233920,,-91.75,"16,782.49",,,,,,,,,,,,,,,,,,,91.75,,,,,,,,,,,,,,,,,,,,,,,,,,,,,0,,,,,,,,,,,,,,,,
2026-02-11,MC DEP 12233920,,5135.29,"21,917.78",,-5135.29,,,,,,,,,,,,,,,,,,,,,,,,,,,,,,,,,,,,,,,,,,,,,,0,,,,,,,,,,,,,,,,
2026-02-11,MC FEE 12233920,,-103.38,"21,814.40",,,,,,,,,,,,,,,,,,,103.38,,,,,,,,,,,,,,,,,,,,,,,,,,,,,0,,,,,,,,,,,,,,,,
2026-02-11,VSA DEP12233920,,3665.85,"25,480.25",,-3665.85,,,,,,,,,,,,,,,,,,,,,,,,,,,,,,,,,,,,,,,,,,,,,,0,,,,,,,,,,,,,,,,
2026-02-11,VSA FEE12233920,,-64.81,"25,415.44",,,,,,,,,,,,,,,,,,,64.81,,,,,,,,,,,,,,,,,,,,,,,,,,,,,0,,,,,,,,,,,,,,,,
2026-02-12,Online Banking payment - 2294,HUB INTL-BARTON,-50,"25,365.44",,,,,,,,,,,,,,,,,,,,,,,,,,,,,,,,,50,,,,,,,,,,,,,,,0,,,,,,,,,,,,,,,,
2026-02-12,Misc Payment,PAYPAL,2160.4,"27,525.84",,-2160.4,,,,,,,,,,,,,,,,,,,,,,,,,,,,,,,,,,,,,,,,,,,,,,0,,,,,,,,,,,,,,,,
2026-02-12,COMMERCIAL TAXES,TXINS 9556460,-5000,"22,525.84",,,,,,,,,,,,,,,,,,,5000,,,,,,,,,,,,,,,,,,,,,,,,,,,,,0,,,,,,,,,,,,,,,,
2026-02-12,EF0212 12374336,,65.57,"22,591.41",,-65.57,,,,,,,,,,,,,,,,,,,,,,,,,,,,,,,,,,,,,,,,,,,,,,0,,,,,,,,,,,,,,,,
2026-02-12,MC DEP 12233920,,208.75,"22,800.16",,-208.75,,,,,,,,,,,,,,,,,,,,,,,,,,,,,,,,,,,,,,,,,,,,,,0,,,,,,,,,,,,,,,,
2026-02-12,MC FEE 12233920,,-5.12,"22,795.04",,,,,,,,,,,,,,,,,,,5.12,,,,,,,,,,,,,,,,,,,,,,,,,,,,,0,,,,,,,,,,,,,,,,
2026-02-12,Online transfer sent - 7500,,-8000,"14,795.04",,,,,,,,,,,,,,,,,,,8000,,,,,,,,,,,,,,,,,,,,,,,,,,,,,0,,,,,,,,,,,,,,,,
2026-02-12,VSA DEP12233920,,3219.19,"18,014.23",,-3219.19,,,,,,,,,,,,,,,,,,,,,,,,,,,,,,,,,,,,,,,,,,,,,,0,,,,,,,,,,,,,,,,
2026-02-12,VSA FEE12233920,,-85.17,"17,929.06",,,,,,,,,,,,,,,,,,,85.17,,,,,,,,,,,,,,,,,,,,,,,,,,,,,0,,,,,,,,,,,,,,,,
2026-02-13,Misc Payment,HSA CAD CAN,-306.02,"17,623.04",,,,,,,,,,,,,,,,,,,306.02,,,,,,,,,,,,,,,,,,,,,,,,,,,,,0,,,,,,,,,,,,,,,,
2026-02-13,AMX DEP12374336,,409.5,"18,032.54",,-409.5,,,,,,,,,,,,,,,,,,,,,,,,,,,,,,,,,,,,,,,,,,,,,,0,,,,,,,,,,,,,,,,
2026-02-13,MC DEP 12374336,,33.59,"18,066.13",,-33.59,,,,,,,,,,,,,,,,,,,,,,,,,,,,,,,,,,,,,,,,,,,,,,0,,,,,,,,,,,,,,,,
2026-02-13,VSA DEP12233920,,2612.89,"20,679.02",,-2612.89,,,,,,,,,,,,,,,,,,,,,,,,,,,,,,,,,,,,,,,,,,,,,,0,,,,,,,,,,,,,,,,
2026-02-13,VSA FEE12233920,,-60.73,"20,618.29",,,,,,,,,,,,,,,,,,,60.73,,,,,,,,,,,,,,,,,,,,,,,,,,,,,0,,,,,,,,,,,,,,,,
2026-02-16,Scheduled payment,FT916793131,-15141.75,"5,476.54",,,,,,,,,,,,,,,,,,,,,,,,,,,15141.75,,,,,,,,,,,,,,,,,,,,,0,,TRF-094,CAN 1015 USD,Y,-11008.05225,,,,,,,,,,,60
2026-02-16,Direct Deposits (PDS) service total,GRADS8318600000,-804.02,"4,672.52",,,,,,,,,,,,,,,,,,,804.02,,,,,,,,,,,,,,,,,,,,,,,,,,,,,0,,,,,,,,,,,,,,,,
2026-02-16,Misc Payment,RBC CREDIT CARD,-1980.34,"2,692.18",,,,,,,,,,,,,,,,,,,,,,,,,,,,1980.34,,,,,,,,,,,,,,,,,,,,0,,TRF-V5-008,CAN 2130 CAD,N,,,,,,,,,,,,61
2026-02-16,Misc Payment,RBC CREDIT CARD,-113.5,"2,578.68",,,,,,,,,,,,,,,,,,,,,,,,,,,,113.5,,,,,,,,,,,,,,,,,,,,0,,TRF-V7-004,CAN 2190 CAD,,,,,,,,,,,,,62
2026-02-16,Misc Payment,RBC CREDIT CARD,-20688.23,"-18,109.55",,,,,,,,,,,,,,,,,,,,,,,,,,,,20688.23,,,,,,,,,,,,,,,,,,,,0,,TRF-V4-007,CAN 2110 CAD,,,,,,,,,,,,,63
2026-02-16,e-Transfer sent,Shipco,-590,"-18,699.55",,,,,,,,,,,,,,,,,,,590,,,,,,,,,,,,,,,,,,,,,,,,,,,,,0,,,,,,,,,,,,,,,,
2026-02-16,Web payment,WIRE7604700937,-194.08,"-18,893.63",,,,,,,,,,,,,,,,,,,,,,,,,,,,,,,,,194.08,,,,,,,,,,,,,,,0,,,,,,,,,,,,,,,,
2026-02-16,MC DEP 12233920,,65.13,"-18,828.50",,-65.13,,,,,,,,,,,,,,,,,,,,,,,,,,,,,,,,,,,,,,,,,,,,,,0,,,,,,,,,,,,,,,,
2026-02-16,MC DEP 12233920,,1096.45,"-17,732.05",,-1096.45,,,,,,,,,,,,,,,,,,,,,,,,,,,,,,,,,,,,,,,,,,,,,,0,,,,,,,,,,,,,,,,
2026-02-16,MC FEE 12233920,,-0.06,"-17,732.11",,,,,,,,,,,,,,,,,,,0.06,,,,,,,,,,,,,,,,,,,,,,,,,,,,,0,,,,,,,,,,,,,,,,
2026-02-16,MC FEE 12233920,,-1.43,"-17,733.54",,,,,,,,,,,,,,,,,,,1.43,,,,,,,,,,,,,,,,,,,,,,,,,,,,,0,,,,,,,,,,,,,,,,
2026-02-16,MC FEE 12233920,,-22.32,"-17,755.86",,,,,,,,,,,,,,,,,,,22.32,,,,,,,,,,,,,,,,,,,,,,,,,,,,,0,,,,,,,,,,,,,,,,
2026-02-16,VSA DEP12233920,,1928.11,"-15,827.75",,-1928.11,,,,,,,,,,,,,,,,,,,,,,,,,,,,,,,,,,,,,,,,,,,,,,0,,,,,,,,,,,,,,,,
2026-02-16,VSA DEP12233920,,5167.61,"-10,660.14",,-5167.61,,,,,,,,,,,,,,,,,,,,,,,,,,,,,,,,,,,,,,,,,,,,,,0,,,,,,,,,,,,,,,,
2026-02-16,VSA FEE12233920,,-117.57,"-10,777.71",,,,,,,,,,,,,,,,,,,117.57,,,,,,,,,,,,,,,,,,,,,,,,,,,,,0,,,,,,,,,,,,,,,,
2026-02-16,VSA FEE12233920,,-32.14,"-10,809.85",,,,,,,,,,,,,,,,,,,32.14,,,,,,,,,,,,,,,,,,,,,,,,,,,,,0,,,,,,,,,,,,,,,,
2026-02-17,LOAN CREDIT,,15000,"4,190.15",,,,,,,,,,,,,,,,,,,,,,,,,,-15000,,,,,,,,,,,,,,,,,,,,,,0,,TRF-027,CAN 1050 CAD$,N,10905,,,,,,,,,,,64
2026-02-17,MC FEE 12233920,,-0.06,"4,190.09",,,,,,,,,,,,,,,,,,,0.06,,,,,,,,,,,,,,,,,,,,,,,,,,,,,0,,,,,,,,,,,,,,,,
2026-02-17,VSA FEE12233920,,-0.14,"4,189.95",,,,,,,,,,,,,,,,,,,0.14,,,,,,,,,,,,,,,,,,,,,,,,,,,,,0,,,,,,,,,,,,,,,,
2026-02-18,Business PAD,Clearbridge Bus,-448.88,"3,741.07",,,,,,,,,,,,,,,,,,,448.88,,,,,,,,,,,,,,,,,,,,,,,,,,,,,0,,,,,,,,,,,,,,,,
2026-02-18,Online Banking payment - 1143,CUMBERLAND-UTIL,-357.11,"3,383.96",,,,,,,,,,,,,,,,,,,,,,,,,,,,,,,,,357.11,,,,,,,,,,,,,,,0,,,,,,,,,,,,,,,,
2026-02-18,Credit memo,FT916800586,27332,"30,715.96",,,,,,,,,,,,,,,,,,,,,,,,,,-27332,,,,,,,,,,,,,,,,,,,,,,0,,TRF-093,CAN 1015 USD,Y,19870.364,,,,,,,,,,,65
2026-02-18,Scheduled payment,FT916801649,-3430.75,"27,285.21",,,,,,,,,,,,,,,,,,,,,,,,,,,3430.75,,,,,,,,,,,,,,,,,,,,,0,,TRF-096,CAN 1015 USD,Y,-2494.15525,,,,,,,,,,,66
2026-02-18,Scheduled payment,FT916801757,-3430.75,"23,854.46",,,,,,,,,,,,,,,,,,,,,,,,,,,3430.75,,,,,,,,,,,,,,,,,,,,,0,,TRF-095,CAN 1015 USD,Y,-2494.15525,,,,,,,,,,,67
2026-02-18,Misc Payment,HSA CAD CAN,-393.86,"23,460.60",,,,,,,,,,,,,,,,,,,393.86,,,,,,,,,,,,,,,,,,,,,,,,,,,,,0,,,,,,,,,,,,,,,,
2026-02-18,Payroll Deposit,INTUIT 09826407,-2804.08,"20,656.52",,,,,,,,,,,,,,,,,,,2804.08,,,,,,,,,,,,,,,,,,,,,,,,,,,,,0,,,,,,,,,,,,,,,,
2026-02-18,Payroll Deposit,INTUIT 09826407,-1917.73,"18,738.79",,,,,,,,,,,,,,,,,,,1917.73,,,,,,,,,,,,,,,,,,,,,,,,,,,,,0,,,,,,,,,,,,,,,,
2026-02-18,Payroll Deposit,INTUIT 09826407,-2096.24,"16,642.55",,,,,,,,,,,,,,,,,,,2096.24,,,,,,,,,,,,,,,,,,,,,,,,,,,,,0,,,,,,,,,,,,,,,,
2026-02-18,Payroll Deposit,INTUIT 09826407,-1843.86,"14,798.69",,,,,,,,,,,,,,,,,,,1843.86,,,,,,,,,,,,,,,,,,,,,,,,,,,,,0,,,,,,,,,,,,,,,,
2026-02-18,Payroll Deposit,INTUIT 09826407,-4966.34,"9,832.35",,,,,,,,,,,,,,,,,,,4966.34,,,,,,,,,,,,,,,,,,,,,,,,,,,,,0,,,,,,,,,,,,,,,,
2026-02-18,Payroll Deposit,INTUIT 09826407,-1511.26,"8,321.09",,,,,,,,,,,,,,,,,,,1511.26,,,,,,,,,,,,,,,,,,,,,,,,,,,,,0,,,,,,,,,,,,,,,,
2026-02-18,Payroll Deposit,INTUIT 09826407,-1797.07,"6,524.02",,,,,,,,,,,,,,,,,,,1797.07,,,,,,,,,,,,,,,,,,,,,,,,,,,,,0,,,,,,,,,,,,,,,,
2026-02-18,Payroll Deposit,INTUIT 09826407,-837.79,"5,686.23",,,,,,,,,,,,,,,,,,,837.79,,,,,,,,,,,,,,,,,,,,,,,,,,,,,0,,,,,,,,,,,,,,,,
2026-02-18,Payroll Deposit,INTUIT 09826407,-3397.35,"2,288.88",,,,,,,,,,,,,,,,,,,3397.35,,,,,,,,,,,,,,,,,,,,,,,,,,,,,0,,,,,,,,,,,,,,,,
2026-02-18,Payroll Deposit,INTUIT 09826407,-1843.86,445.02,,,,,,,,,,,,,,,,,,,1843.86,,,,,,,,,,,,,,,,,,,,,,,,,,,,,0,,,,,,,,,,,,,,,,
2026-02-18,Payroll Deposit,INTUIT 09826407,-1797.07,"-1,352.05",,,,,,,,,,,,,,,,,,,1797.07,,,,,,,,,,,,,,,,,,,,,,,,,,,,,0,,,,,,,,,,,,,,,,
2026-02-18,Payroll Deposit,INTUIT 09826407,-1550.16,"-2,902.21",,,,,,,,,,,,,,,,,,,1550.16,,,,,,,,,,,,,,,,,,,,,,,,,,,,,0,,,,,,,,,,,,,,,,
2026-02-18,Payroll Deposit,INTUIT 09826407,-4277.18,"-7,179.39",,,,,,,,,,,,,,,,,,,4277.18,,,,,,,,,,,,,,,,,,,,,,,,,,,,,0,,,,,,,,,,,,,,,,
2026-02-18,Payroll Deposit,INTUIT 09826407,-2594.32,"-9,773.71",,,,,,,,,,,,,,,,,,,2594.32,,,,,,,,,,,,,,,,,,,,,,,,,,,,,0,,,,,,,,,,,,,,,,
2026-02-18,Payroll Deposit,INTUIT 09826407,-1445.43,"-11,219.14",,,,,,,,,,,,,,,,,,,1445.43,,,,,,,,,,,,,,,,,,,,,,,,,,,,,0,,,,,,,,,,,,,,,,
2026-02-18,Payroll Deposit,INTUIT 09826407,-1970.11,"-13,189.25",,,,,,,,,,,,,,,,,,,1970.11,,,,,,,,,,,,,,,,,,,,,,,,,,,,,0,,,,,,,,,,,,,,,,
2026-02-18,Payroll Deposit,INTUIT 09826407,-1739.32,"-14,928.57",,,,,,,,,,,,,,,,,,,1739.32,,,,,,,,,,,,,,,,,,,,,,,,,,,,,0,,,,,,,,,,,,,,,,
2026-02-18,Payroll Deposit,INTUIT 09826407,-1970.11,"-16,898.68",,,,,,,,,,,,,,,,,,,1970.11,,,,,,,,,,,,,,,,,,,,,,,,,,,,,0,,,,,,,,,,,,,,,,
2026-02-18,Payroll Deposit,INTUIT 09826407,-1397.61,"-18,296.29",,,,,,,,,,,,,,,,,,,1397.61,,,,,,,,,,,,,,,,,,,,,,,,,,,,,0,,,,,,,,,,,,,,,,
2026-02-18,MC DEP 12233920,,1537.89,"-16,758.40",,-1537.89,,,,,,,,,,,,,,,,,,,,,,,,,,,,,,,,,,,,,,,,,,,,,,0,,,,,,,,,,,,,,,,
2026-02-18,MC FEE 12233920,,-34.38,"-16,792.78",,,,,,,,,,,,,,,,,,,34.38,,,,,,,,,,,,,,,,,,,,,,,,,,,,,0,,,,,,,,,,,,,,,,
2026-02-18,VSA DEP12233920,,8021.45,"-8,771.33",,-8021.45,,,,,,,,,,,,,,,,,,,,,,,,,,,,,,,,,,,,,,,,,,,,,,0,,,,,,,,,,,,,,,,
2026-02-18,VSA DEP12374336,,38.42,"-8,732.91",,-38.42,,,,,,,,,,,,,,,,,,,,,,,,,,,,,,,,,,,,,,,,,,,,,,0,,,,,,,,,,,,,,,,
2026-02-18,VSA FEE12233920,,-189.1,"-8,922.01",,,,,,,,,,,,,,,,,,,189.1,,,,,,,,,,,,,,,,,,,,,,,,,,,,,0,,,,,,,,,,,,,,,,
2026-02-19,Misc Payment,PAYPAL,98.79,"-8,823.22",,-98.79,,,,,,,,,,,,,,,,,,,,,,,,,,,,,,,,,,,,,,,,,,,,,,0,,,,,,,,,,,,,,,,
2026-02-19,LOAN CREDIT,,10000,"1,176.78",,,,,,,,,,,,,,,,,,,,,,,,,,-10000,,,,,,,,,,,,,,,,,,,,,,0,,TRF-028,CAN 1050 CAD$,N,7270,,,,,,,,,,,68
2026-02-19,MC DEP 12233920,,2311.72,"3,488.50",,-2311.72,,,,,,,,,,,,,,,,,,,,,,,,,,,,,,,,,,,,,,,,,,,,,,0,,,,,,,,,,,,,,,,
2026-02-19,MC FEE 12233920,,-48.18,"3,440.32",,,,,,,,,,,,,,,,,,,48.18,,,,,,,,,,,,,,,,,,,,,,,,,,,,,0,,,,,,,,,,,,,,,,
2026-02-19,VSA FEE12233920,,-0.2,"3,440.12",,,,,,,,,,,,,,,,,,,0.2,,,,,,,,,,,,,,,,,,,,,,,,,,,,,0,,,,,,,,,,,,,,,,
2026-02-20,e-Transfer sent,Waveform Media Group,-945,"2,495.12",,,,,,,,,,,,,,,,,,,945,,,,,,,,,,,,,,,,,,,,,,,,,,,,,0,,,,,,,,,,,,,,,,
2026-02-20,MC DEP 12233920,,2918.92,"5,414.04",,-2918.92,,,,,,,,,,,,,,,,,,,,,,,,,,,,,,,,,,,,,,,,,,,,,,0,,,,,,,,,,,,,,,,
2026-02-20,MC FEE 12233920,,-83.52,"5,330.52",,,,,,,,,,,,,,,,,,,83.52,,,,,,,,,,,,,,,,,,,,,,,,,,,,,0,,,,,,,,,,,,,,,,
2026-02-20,VSA DEP12233920,,955.6,"6,286.12",,-955.6,,,,,,,,,,,,,,,,,,,,,,,,,,,,,,,,,,,,,,,,,,,,,,0,,,,,,,,,,,,,,,,
2026-02-20,VSA FEE12233920,,-24.09,"6,262.03",,,,,,,,,,,,,,,,,,,24.09,,,,,,,,,,,,,,,,,,,,,,,,,,,,,0,,,,,,,,,,,,,,,,
2026-02-23,Online Banking payment - 5711,CYCLES LAMBERT,-529.13,"5,732.90",,,,,,,,,,,,,,,,,,,,,,,,,,,,,,,,,529.13,,,,,,,,,,,,,,,0,,,,,,,,,,,,,,,,
2026-02-23,Misc Payment,HSA CAD CAN,-10.95,"5,721.95",,,,,,,,,,,,,,,,,,,10.95,,,,,,,,,,,,,,,,,,,,,,,,,,,,,0,,,,,,,,,,,,,,,,
2026-02-23,Other loan,Loan interest,-21.86,"5,700.09",,,,,,,,,,,,,,,,,,,21.86,,,,,,,,,,,,,,,,,,,,,,,,,,,,,0,,,,,,,,,,,,,,,,
2026-02-23,Misc Payment,PAYPAL,448.56,"6,148.65",,-448.56,,,,,,,,,,,,,,,,,,,,,,,,,,,,,,,,,,,,,,,,,,,,,,0,,,,,,,,,,,,,,,,
2026-02-23,LOAN PAYMENT,,-5000,"1,148.65",,,,,,,,,,,,,,,,,,,,,,,,,,,5000,,,,,,,,,,,,,,,,,,,,,0,,TRF-029,CAN 1050 CAD$,N,-3635,,,,,,,,,,,69
2026-02-23,MC DEP 12233920,,4465.6,"5,614.25",,-4465.6,,,,,,,,,,,,,,,,,,,,,,,,,,,,,,,,,,,,,,,,,,,,,,0,,,,,,,,,,,,,,,,
2026-02-23,MC FEE 12233920,,-94.7,"5,519.55",,,,,,,,,,,,,,,,,,,94.7,,,,,,,,,,,,,,,,,,,,,,,,,,,,,0,,,,,,,,,,,,,,,,
2026-02-23,VSA DEP12233920,,1620.9,"7,140.45",,-1620.9,,,,,,,,,,,,,,,,,,,,,,,,,,,,,,,,,,,,,,,,,,,,,,0,,,,,,,,,,,,,,,,
2026-02-23,VSA FEE12233920,,-31.09,"7,109.36",,,,,,,,,,,,,,,,,,,31.09,,,,,,,,,,,,,,,,,,,,,,,,,,,,,0,,,,,,,,,,,,,,,,
2026-02-23,VSA FEE12233920,,-0.19,"7,109.17",,,,,,,,,,,,,,,,,,,0.19,,,,,,,,,,,,,,,,,,,,,,,,,,,,,0,,,,,,,,,,,,,,,,
2026-02-24,LOAN PAYMENT,,-5000,"2,109.17",,,,,,,,,,,,,,,,,,,,,,,,,,,5000,,,,,,,,,,,,,,,,,,,,,0,,TRF-030,CAN 1050 CAD$,N,-3635,,,,,,,,,,,70
2026-02-24,VSA DEP12233920,,1734.51,"3,843.68",,-1734.51,,,,,,,,,,,,,,,,,,,,,,,,,,,,,,,,,,,,,,,,,,,,,,0,,,,,,,,,,,,,,,,
2026-02-24,VSA FEE12233920,,-46.47,"3,797.21",,,,,,,,,,,,,,,,,,,46.47,,,,,,,,,,,,,,,,,,,,,,,,,,,,,0,,,,,,,,,,,,,,,,
2026-02-25,PAD CCRA,CANADA,-6296.75,"-2,499.54",,,,,,,,,,,,,,,,,,,6296.75,,,,,,,,,,,,,,,,,,,,,,,,,,,,,0,,,,,,,,,,,,,,,,
2026-02-25,e-Transfer sent,Waveform Media Group,-945,"-3,444.54",,,,,,,,,,,,,,,,,,,945,,,,,,,,,,,,,,,,,,,,,,,,,,,,,0,,,,,,,,,,,,,,,,
2026-02-25,AMX DEP12233920,,179.82,"-3,264.72",,-179.82,,,,,,,,,,,,,,,,,,,,,,,,,,,,,,,,,,,,,,,,,,,,,,0,,,,,,,,,,,,,,,,
2026-02-25,VSA DEP12233920,,2194.75,"-1,069.97",,-2194.75,,,,,,,,,,,,,,,,,,,,,,,,,,,,,,,,,,,,,,,,,,,,,,0,,,,,,,,,,,,,,,,
2026-02-25,VSA FEE12233920,,-41.69,"-1,111.66",,,,,,,,,,,,,,,,,,,41.69,,,,,,,,,,,,,,,,,,,,,,,,,,,,,0,,,,,,,,,,,,,,,,
2026-02-26,e-Transfer sent,lissimorephoto@gmail.com,-210,"-1,321.66",,,,,,,,,,,,,,,,,,,210,,,,,,,,,,,,,,,,,,,,,,,,,,,,,0,,,,,,,,,,,,,,,,
2026-02-26,AMX DEP12233920,,13.28,"-1,308.38",,-13.28,,,,,,,,,,,,,,,,,,,,,,,,,,,,,,,,,,,,,,,,,,,,,,0,,,,,,,,,,,,,,,,
2026-02-26,BR TO BR - 1280,,1900,591.62,,,,,,,,,,,,,,,,,,,,,,,,,,-1900,,,,,,,,,,,,,,,,,,,,,,0,,,,,1381.3,,,,,,,,,,,
2026-02-26,LOAN CREDIT,,5000,"5,591.62",,,,,,,,,,,,,,,,,,,,,,,,,,-5000,,,,,,,,,,,,,,,,,,,,,,0,,TRF-031,CAN 1050 CAD$,N,3635,,,,,,,,,,,71
2026-02-26,VSA DEP12233920,,4445.79,"10,037.41",,-4445.79,,,,,,,,,,,,,,,,,,,,,,,,,,,,,,,,,,,,,,,,,,,,,,0,,,,,,,,,,,,,,,,
2026-02-26,VSA FEE12233920,,-79.01,"9,958.40",,,,,,,,,,,,,,,,,,,79.01,,,,,,,,,,,,,,,,,,,,,,,,,,,,,0,,,,,,,,,,,,,,,,
2026-02-27,LOAN PAYMENT,,-5000,"4,958.40",,,,,,,,,,,,,,,,,,,,,,,,,,,5000,,,,,,,,,,,,,,,,,,,,,0,,TRF-032,CAN 1050 CAD$,N,-3635,,,,,,,,,,,72
2026-02-27,MC DEP 12374336,,100.68,"5,059.08",,-100.68,,,,,,,,,,,,,,,,,,,,,,,,,,,,,,,,,,,,,,,,,,,,,,0,,,,,,,,,,,,,,,,
2026-02-27,MC FEE 12233920,,-0.14,"5,058.94",,,,,,,,,,,,,,,,,,,0.14,,,,,,,,,,,,,,,,,,,,,,,,,,,,,0,,,,,,,,,,,,,,,,
2026-02-27,VSA FEE12233920,,-0.08,"5,058.86",,,,,,,,,,,,,,,,,,,0.08,,,,,,,,,,,,,,,,,,,,,,,,,,,,,0,,,,,,,,,,,,,,,,
2026-03-02,Credit memo,FT916846582,40914,"45,972.86",,,,,,,,,,,,,,,,,,,,,,,,,,-40914,,,,,,,,,,,,,,,,,,,,,,0,,TRF-097,CAN 1015 USD,Y,29744.478,,,,,,,,,,,73
2026-03-02,AMX DEP12233920,,-0.7,"45,972.16",,0.7,,,,,,,,,,,,,,,,,,,,,,,,,,,,,,,,,,,,,,,,,,,,,,0,,,,,,,,,,,,,,,,
2026-03-02,AMX FEE12233920,,-5.65,"45,966.51",,,,,,,,,,,,,,,,,,,5.65,,,,,,,,,,,,,,,,,,,,,,,,,,,,,0,,,,,,,,,,,,,,,,
2026-03-02,AMX FEE12374336,,-9.21,"45,957.30",,,,,,,,,,,,,,,,,,,9.21,,,,,,,,,,,,,,,,,,,,,,,,,,,,,0,,,,,,,,,,,,,,,,
2026-03-02,INT FEE12374336,,-0.34,"45,956.96",,,,,,,,,,,,,,,,,,,0.34,,,,,,,,,,,,,,,,,,,,,,,,,,,,,0,,,,,,,,,,,,,,,,
2026-03-02,LOAN PAYMENT,,-5000,"40,956.96",,,,,,,,,,,,,,,,,,,,,,,,,,,5000,,,,,,,,,,,,,,,,,,,,,0,,TRF-033,CAN 1050 CAD$,N,-3635,,,,,,,,,,,74
2026-03-02,MC DEP 12233920,,492.15,"41,449.11",,-492.15,,,,,,,,,,,,,,,,,,,,,,,,,,,,,,,,,,,,,,,,,,,,,,0,,,,,,,,,,,,,,,,
2026-03-02,MC DEP 12233920,,1946.46,"43,395.57",,-1946.46,,,,,,,,,,,,,,,,,,,,,,,,,,,,,,,,,,,,,,,,,,,,,,0,,,,,,,,,,,,,,,,
2026-03-02,MC FEE 12233920,,-43.41,"43,352.16",,,,,,,,,,,,,,,,,,,43.41,,,,,,,,,,,,,,,,,,,,,,,,,,,,,0,,,,,,,,,,,,,,,,
2026-03-02,MC FEE 12233920,,-31.54,"43,320.62",,,,,,,,,,,,,,,,,,,31.54,,,,,,,,,,,,,,,,,,,,,,,,,,,,,0,,,,,,,,,,,,,,,,
2026-03-02,MC FEE 12374336,,-1.88,"43,318.74",,,,,,,,,,,,,,,,,,,1.88,,,,,,,,,,,,,,,,,,,,,,,,,,,,,0,,,,,,,,,,,,,,,,
2026-03-02,MON FEE12233920,,-27.3,"43,291.44",,,,,,,,,,,,,,,,,,,27.3,,,,,,,,,,,,,,,,,,,,,,,,,,,,,0,,,,,,,,,,,,,,,,
2026-03-02,MON FEE12344503,,-27.3,"43,264.14",,,,,,,,,,,,,,,,,,,27.3,,,,,,,,,,,,,,,,,,,,,,,,,,,,,0,,,,,,,,,,,,,,,,
2026-03-02,MON FEE12374336,,-45.5,"43,218.64",,,,,,,,,,,,,,,,,,,45.5,,,,,,,,,,,,,,,,,,,,,,,,,,,,,0,,,,,,,,,,,,,,,,
2026-03-02,VSA DEP12233920,,4844.65,"48,063.29",,-4844.65,,,,,,,,,,,,,,,,,,,,,,,,,,,,,,,,,,,,,,,,,,,,,,0,,,,,,,,,,,,,,,,
2026-03-02,VSA DEP12374336,,26.97,"48,090.26",,-26.97,,,,,,,,,,,,,,,,,,,,,,,,,,,,,,,,,,,,,,,,,,,,,,0,,,,,,,,,,,,,,,,
2026-03-02,VSA FEE12233920,,-0.14,"48,090.12",,,,,,,,,,,,,,,,,,,0.14,,,,,,,,,,,,,,,,,,,,,,,,,,,,,0,,,,,,,,,,,,,,,,
2026-03-02,VSA FEE12233920,,-0.42,"48,089.70",,,,,,,,,,,,,,,,,,,0.42,,,,,,,,,,,,,,,,,,,,,,,,,,,,,0,,,,,,,,,,,,,,,,
2026-03-02,VSA FEE12233920,,-86.85,"48,002.85",,,,,,,,,,,,,,,,,,,86.85,,,,,,,,,,,,,,,,,,,,,,,,,,,,,0,,,,,,,,,,,,,,,,
2026-03-02,VSA FEE12374336,,-4.33,"47,998.52",,,,,,,,,,,,,,,,,,,4.33,,,,,,,,,,,,,,,,,,,,,,,,,,,,,0,,,,,,,,,,,,,,,,
2026-03-03,Regular transaction fee,1  Cr  @  2.50,-2.5,"47,996.02",,,,,,,,,,,,,,,,,,,2.5,,,,,,,,,,,,,,,,,,,,,,,,,,,,,0,,,,,,,,,,,,,,,,
2026-03-03,Business PAD,Clearbridge Bus,-1223.61,"46,772.41",,,,,,,,,,,,,,,,,,,1223.61,,,,,,,,,,,,,,,,,,,,,,,,,,,,,0,,,,,,,,,,,,,,,,
2026-03-03,Direct Deposits (PDS) service total,GRADS8318600000,-489.3,"46,283.11",,,,,,,,,,,,,,,,,,,489.3,,,,,,,,,,,,,,,,,,,,,,,,,,,,,0,,,,,,,,,,,,,,,,
2026-03-03,Payroll Deposit,INTUIT 09992338,-1315.03,"44,968.08",,,,,,,,,,,,,,,,,,,1315.03,,,,,,,,,,,,,,,,,,,,,,,,,,,,,0,,,,,,,,,,,,,,,,
2026-03-03,Payroll Deposit,INTUIT 09992338,-2096.24,"42,871.84",,,,,,,,,,,,,,,,,,,2096.24,,,,,,,,,,,,,,,,,,,,,,,,,,,,,0,,,,,,,,,,,,,,,,
2026-03-03,Payroll Deposit,INTUIT 09992338,-1843.86,"41,027.98",,,,,,,,,,,,,,,,,,,1843.86,,,,,,,,,,,,,,,,,,,,,,,,,,,,,0,,,,,,,,,,,,,,,,
2026-03-03,Payroll Deposit,INTUIT 09992338,-2594.32,"38,433.66",,,,,,,,,,,,,,,,,,,2594.32,,,,,,,,,,,,,,,,,,,,,,,,,,,,,0,,,,,,,,,,,,,,,,
2026-03-03,Payroll Deposit,INTUIT 09992338,-2096.76,"36,336.90",,,,,,,,,,,,,,,,,,,2096.76,,,,,,,,,,,,,,,,,,,,,,,,,,,,,0,,,,,,,,,,,,,,,,
2026-03-03,Payroll Deposit,INTUIT 09992338,-1550.16,"34,786.74",,,,,,,,,,,,,,,,,,,1550.16,,,,,,,,,,,,,,,,,,,,,,,,,,,,,0,,,,,,,,,,,,,,,,
2026-03-03,Payroll Deposit,INTUIT 09992338,-3397.35,"31,389.39",,,,,,,,,,,,,,,,,,,3397.35,,,,,,,,,,,,,,,,,,,,,,,,,,,,,0,,,,,,,,,,,,,,,,
2026-03-03,Payroll Deposit,INTUIT 09992338,-857.62,"30,531.77",,,,,,,,,,,,,,,,,,,857.62,,,,,,,,,,,,,,,,,,,,,,,,,,,,,0,,,,,,,,,,,,,,,,
2026-03-03,Payroll Deposit,INTUIT 09992338,-2728.21,"27,803.56",,,,,,,,,,,,,,,,,,,2728.21,,,,,,,,,,,,,,,,,,,,,,,,,,,,,0,,,,,,,,,,,,,,,,
2026-03-03,Payroll Deposit,INTUIT 09992338,-1874.31,"25,929.25",,,,,,,,,,,,,,,,,,,1874.31,,,,,,,,,,,,,,,,,,,,,,,,,,,,,0,,,,,,,,,,,,,,,,
2026-03-03,Payroll Deposit,INTUIT 09992338,-1511.26,"24,417.99",,,,,,,,,,,,,,,,,,,1511.26,,,,,,,,,,,,,,,,,,,,,,,,,,,,,0,,,,,,,,,,,,,,,,
2026-03-03,Payroll Deposit,INTUIT 09992338,-1797.07,"22,620.92",,,,,,,,,,,,,,,,,,,1797.07,,,,,,,,,,,,,,,,,,,,,,,,,,,,,0,,,,,,,,,,,,,,,,
2026-03-03,Payroll Deposit,INTUIT 09992338,-2296.34,"20,324.58",,,,,,,,,,,,,,,,,,,2296.34,,,,,,,,,,,,,,,,,,,,,,,,,,,,,0,,,,,,,,,,,,,,,,
2026-03-03,Payroll Deposit,INTUIT 09992338,-1970.11,"18,354.47",,,,,,,,,,,,,,,,,,,1970.11,,,,,,,,,,,,,,,,,,,,,,,,,,,,,0,,,,,,,,,,,,,,,,
2026-03-03,Payroll Deposit,INTUIT 09992338,-1739.32,"16,615.15",,,,,,,,,,,,,,,,,,,1739.32,,,,,,,,,,,,,,,,,,,,,,,,,,,,,0,,,,,,,,,,,,,,,,
2026-03-03,Payroll Deposit,INTUIT 09992338,-2440.77,"14,174.38",,,,,,,,,,,,,,,,,,,2440.77,,,,,,,,,,,,,,,,,,,,,,,,,,,,,0,,,,,,,,,,,,,,,,
2026-03-03,Payroll Deposit,INTUIT 09992338,-1717.04,"12,457.34",,,,,,,,,,,,,,,,,,,1717.04,,,,,,,,,,,,,,,,,,,,,,,,,,,,,0,,,,,,,,,,,,,,,,
2026-03-03,Payroll Deposit,INTUIT 09992338,-1970.11,"10,487.23",,,,,,,,,,,,,,,,,,,1970.11,,,,,,,,,,,,,,,,,,,,,,,,,,,,,0,,,,,,,,,,,,,,,,
2026-03-03,Payroll Deposit,INTUIT 09992338,-1397.61,"9,089.62",,,,,,,,,,,,,,,,,,,1397.61,,,,,,,,,,,,,,,,,,,,,,,,,,,,,0,,,,,,,,,,,,,,,,
2026-03-03,LOAN PAYMENT,,-10000,-910.38,,,,,,,,,,,,,,,,,,,,,,,,,,,10000,,,,,,,,,,,,,,,,,,,,,0,,TRF-034,CAN 1050 CAD$,N,-7270,,,,,,,,,,,75
2026-03-03,MC FEE 12233920,,-0.06,-910.44,,,,,,,,,,,,,,,,,,,0.06,,,,,,,,,,,,,,,,,,,,,,,,,,,,,0,,,,,,,,,,,,,,,,
2026-03-03,Monthly fee,,-6,-916.44,,,,,,,,,,,,,,,,,,,6,,,,,,,,,,,,,,,,,,,,,,,,,,,,,0,,,,,,,,,,,,,,,,
2026-03-03,VSA DEP12233920,,4616.58,"3,700.14",,-4616.58,,,,,,,,,,,,,,,,,,,,,,,,,,,,,,,,,,,,,,,,,,,,,,0,,,,,,,,,,,,,,,,
2026-03-03,VSA FEE12233920,,-74.98,"3,625.16",,,,,,,,,,,,,,,,,,,74.98,,,,,,,,,,,,,,,,,,,,,,,,,,,,,0,,,,,,,,,,,,,,,,
2026-03-04,Misc Payment,HSA CAD CAN,-158.7,"3,466.46",,,,,,,,,,,,,,,,,,,158.7,,,,,,,,,,,,,,,,,,,,,,,,,,,,,0,,,,,,,,,,,,,,,,
2026-03-04,EF0304 12374336,,124.98,"3,591.44",,-124.98,,,,,,,,,,,,,,,,,,,,,,,,,,,,,,,,,,,,,,,,,,,,,,0,,,,,,,,,,,,,,,,
2026-03-04,MC DEP 12233920,,139.93,"3,731.37",,-139.93,,,,,,,,,,,,,,,,,,,,,,,,,,,,,,,,,,,,,,,,,,,,,,0,,,,,,,,,,,,,,,,
2026-03-04,MC FEE 12233920,,-4.34,"3,727.03",,,,,,,,,,,,,,,,,,,4.34,,,,,,,,,,,,,,,,,,,,,,,,,,,,,0,,,,,,,,,,,,,,,,
2026-03-04,VSA DEP12233920,,5866.6,"9,593.63",,-5866.6,,,,,,,,,,,,,,,,,,,,,,,,,,,,,,,,,,,,,,,,,,,,,,0,,,,,,,,,,,,,,,,
2026-03-04,VSA DEP12374336,,209,"9,802.63",,-209,,,,,,,,,,,,,,,,,,,,,,,,,,,,,,,,,,,,,,,,,,,,,,0,,,,,,,,,,,,,,,,
2026-03-04,VSA FEE12233920,,-137.01,"9,665.62",,,,,,,,,,,,,,,,,,,137.01,,,,,,,,,,,,,,,,,,,,,,,,,,,,,0,,,,,,,,,,,,,,,,
2026-03-05,Direct Deposits (PDS) service total,GRADS8318600000,-818.3,"8,847.32",,,,,,,,,,,,,,,,,,,818.3,,,,,,,,,,,,,,,,,,,,,,,,,,,,,0,,,,,,,,,,,,,,,,
2026-03-05,e-Transfer sent,Max McCulloch,-1575,"7,272.32",,,,,,,,,,,,,,,,,,,1575,,,,,,,,,,,,,,,,,,,,,,,,,,,,,0,,,,,,,,,,,,,,,,
2026-03-05,Misc Payment,PAYPAL,2090.91,"9,363.23",,-2090.91,,,,,,,,,,,,,,,,,,,,,,,,,,,,,,,,,,,,,,,,,,,,,,0,,,,,,,,,,,,,,,,
2026-03-05,Activity fee,,-506,"8,857.23",,,,,,,,,,,,,,,,,,,506,,,,,,,,,,,,,,,,,,,,,,,,,,,,,0,,,,,,,,,,,,,,,,
2026-03-05,AMX DEP12374336,,27.09,"8,884.32",,-27.09,,,,,,,,,,,,,,,,,,,,,,,,,,,,,,,,,,,,,,,,,,,,,,0,,,,,,,,,,,,,,,,
2026-03-05,MC DEP 12233920,,2218.28,"11,102.60",,-2218.28,,,,,,,,,,,,,,,,,,,,,,,,,,,,,,,,,,,,,,,,,,,,,,0,,,,,,,,,,,,,,,,
2026-03-05,MC FEE 12233920,,-45.02,"11,057.58",,,,,,,,,,,,,,,,,,,45.02,,,,,,,,,,,,,,,,,,,,,,,,,,,,,0,,,,,,,,,,,,,,,,
2026-03-05,VSA DEP12233920,,4136.07,"15,193.65",,-4136.07,,,,,,,,,,,,,,,,,,,,,,,,,,,,,,,,,,,,,,,,,,,,,,0,,,,,,,,,,,,,,,,
2026-03-05,VSA FEE12233920,,-86.14,"15,107.51",,,,,,,,,,,,,,,,,,,86.14,,,,,,,,,,,,,,,,,,,,,,,,,,,,,0,,,,,,,,,,,,,,,,
2026-03-06,Misc Payment,HSA CAD CAN,-158.7,"14,948.81",,,,,,,,,,,,,,,,,,,158.7,,,,,,,,,,,,,,,,,,,,,,,,,,,,,0,,,,,,,,,,,,,,,,
2026-03-06,AMX DEP12233920,,2714.66,"17,663.47",,-2714.66,,,,,,,,,,,,,,,,,,,,,,,,,,,,,,,,,,,,,,,,,,,,,,0,,,,,,,,,,,,,,,,
2026-03-06,VSA DEP12233920,,982.31,"18,645.78",,-982.31,,,,,,,,,,,,,,,,,,,,,,,,,,,,,,,,,,,,,,,,,,,,,,0,,,,,,,,,,,,,,,,
2026-03-06,VSA DEP12374336,,123.56,"18,769.34",,-123.56,,,,,,,,,,,,,,,,,,,,,,,,,,,,,,,,,,,,,,,,,,,,,,0,,,,,,,,,,,,,,,,
2026-03-06,VSA FEE12233920,,-38.02,"18,731.32",,,,,,,,,,,,,,,,,,,38.02,,,,,,,,,,,,,,,,,,,,,,,,,,,,,0,,,,,,,,,,,,,,,,
2026-03-09,Federal Payment,CANADA,-3821.12,"14,910.20",,,,,,,,,,,,,,,,,,,3821.12,,,,,,,,,,,,,,,,,,,,,,,,,,,,,0,,,,,,,,,,,,,,,,
2026-03-09,Misc Payment,PAYPAL,2113.17,"17,023.37",,-2113.17,,,,,,,,,,,,,,,,,,,,,,,,,,,,,,,,,,,,,,,,,,,,,,0,,,,,,,,,,,,,,,,
2026-03-09,Payroll Deposit,PAYROLL,-31153.95,"-14,130.58",,,,,,,,,,,,,,,,,,,31153.95,,,,,,,,,,,,,,,,,,,,,,,,,,,,,0,,,,,,,,,,,,,,,,
2026-03-09,e-Transfer sent,Shipco,-655.06,"-14,785.64",,,,,,,,,,,,,,,,,,,655.06,,,,,,,,,,,,,,,,,,,,,,,,,,,,,0,,,,,,,,,,,,,,,,
2026-03-09,MC DEP 12233920,,2065.45,"-12,720.19",,-2065.45,,,,,,,,,,,,,,,,,,,,,,,,,,,,,,,,,,,,,,,,,,,,,,0,,,,,,,,,,,,,,,,
2026-03-09,MC DEP 12233920,,2524.18,"-10,196.01",,-2524.18,,,,,,,,,,,,,,,,,,,,,,,,,,,,,,,,,,,,,,,,,,,,,,0,,,,,,,,,,,,,,,,
2026-03-09,MC FEE 12233920,,-56.3,"-10,252.31",,,,,,,,,,,,,,,,,,,56.3,,,,,,,,,,,,,,,,,,,,,,,,,,,,,0,,,,,,,,,,,,,,,,
2026-03-09,MC FEE 12233920,,-46.1,"-10,298.41",,,,,,,,,,,,,,,,,,,46.1,,,,,,,,,,,,,,,,,,,,,,,,,,,,,0,,,,,,,,,,,,,,,,
2026-03-09,VSA DEP12233920,,4982.14,"-5,316.27",,-4982.14,,,,,,,,,,,,,,,,,,,,,,,,,,,,,,,,,,,,,,,,,,,,,,0,,,,,,,,,,,,,,,,
2026-03-09,VSA DEP12233920,,160.5,"-5,155.77",,-160.5,,,,,,,,,,,,,,,,,,,,,,,,,,,,,,,,,,,,,,,,,,,,,,0,,,,,,,,,,,,,,,,
2026-03-09,VSA DEP12374336,,47.13,"-5,108.64",,-47.13,,,,,,,,,,,,,,,,,,,,,,,,,,,,,,,,,,,,,,,,,,,,,,0,,,,,,,,,,,,,,,,
2026-03-09,VSA FEE12233920,,-0.06,"-5,108.70",,,,,,,,,,,,,,,,,,,0.06,,,,,,,,,,,,,,,,,,,,,,,,,,,,,0,,,,,,,,,,,,,,,,
2026-03-09,VSA FEE12233920,,-108.79,"-5,217.49",,,,,,,,,,,,,,,,,,,108.79,,,,,,,,,,,,,,,,,,,,,,,,,,,,,0,,,,,,,,,,,,,,,,
2026-03-09,VSA FEE12233920,,-3.1,"-5,220.59",,,,,,,,,,,,,,,,,,,3.1,,,,,,,,,,,,,,,,,,,,,,,,,,,,,0,,,,,,,,,,,,,,,,
2026-03-10,LOAN CREDIT,,10000,"4,779.41",,,,,,,,,,,,,,,,,,,,,,,,,,-10000,,,,,,,,,,,,,,,,,,,,,,0,,TRF-035,CAN 1050 CAD$,N,7270,,,,,,,,,,,76
2026-03-10,MC DEP 12233920,,1419.62,"6,199.03",,-1419.62,,,,,,,,,,,,,,,,,,,,,,,,,,,,,,,,,,,,,,,,,,,,,,0,,,,,,,,,,,,,,,,
2026-03-10,MC FEE 12233920,,-33.14,"6,165.89",,,,,,,,,,,,,,,,,,,33.14,,,,,,,,,,,,,,,,,,,,,,,,,,,,,0,,,,,,,,,,,,,,,,
2026-03-10,Online transfer sent - 8823,,-8000,"-1,834.11",,,,,,,,,,,,,,,,,,,8000,,,,,,,,,,,,,,,,,,,,,,,,,,,,,0,,,,,,,,,,,,,,,,
2026-03-10,VSA DEP12233920,,4405.25,"2,571.14",,-4405.25,,,,,,,,,,,,,,,,,,,,,,,,,,,,,,,,,,,,,,,,,,,,,,0,,,,,,,,,,,,,,,,
2026-03-10,VSA FEE12233920,,-91.55,"2,479.59",,,,,,,,,,,,,,,,,,,91.55,,,,,,,,,,,,,,,,,,,,,,,,,,,,,0,,,,,,,,,,,,,,,,
2026-03-11,Misc Payment,HSA CAD CAN,-136.81,"2,342.78",,,,,,,,,,,,,,,,,,,136.81,,,,,,,,,,,,,,,,,,,,,,,,,,,,,0,,,,,,,,,,,,,,,,
2026-03-11,e-Transfer sent,Mark Matthews,-2493.54,-150.76,,,,,,,,,,,,,,,,,,,2493.54,,,,,,,,,,,,,,,,,,,,,,,,,,,,,0,,,,,,,,,,,,,,,,
2026-03-11,MC DEP 12233920,,121.78,-28.98,,-121.78,,,,,,,,,,,,,,,,,,,,,,,,,,,,,,,,,,,,,,,,,,,,,,0,,,,,,,,,,,,,,,,
2026-03-11,MC DEP 12374336,,12.59,-16.39,,-12.59,,,,,,,,,,,,,,,,,,,,,,,,,,,,,,,,,,,,,,,,,,,,,,0,,,,,,,,,,,,,,,,
2026-03-11,MC FEE 12233920,,-2.55,-18.94,,,,,,,,,,,,,,,,,,,2.55,,,,,,,,,,,,,,,,,,,,,,,,,,,,,0,,,,,,,,,,,,,,,,
2026-03-11,VSA DEP12233920,,5397.78,"5,378.84",,-5397.78,,,,,,,,,,,,,,,,,,,,,,,,,,,,,,,,,,,,,,,,,,,,,,0,,,,,,,,,,,,,,,,
2026-03-11,VSA FEE12233920,,-117.31,"5,261.53",,,,,,,,,,,,,,,,,,,117.31,,,,,,,,,,,,,,,,,,,,,,,,,,,,,0,,,,,,,,,,,,,,,,
2026-03-12,Business PAD,Clearbridge Bus,-921.38,"4,340.15",,,,,,,,,,,,,,,,,,,921.38,,,,,,,,,,,,,,,,,,,,,,,,,,,,,0,,,,,,,,,,,,,,,,
2026-03-12,Bill Payment,FortisBC Energy,-640.2,"3,699.95",,,,,,,,,,,,,,,,,,,640.2,,,,,,,,,,,,,,,,,,,,,,,,,,,,,0,,,,,,,,,,,,,,,,
2026-03-12,Misc Payment,PAYPAL,7533.63,"11,233.58",,-7533.63,,,,,,,,,,,,,,,,,,,,,,,,,,,,,,,,,,,,,,,,,,,,,,0,,,,,,,,,,,,,,,,
2026-03-12,LOAN PAYMENT,,-5000,"6,233.58",,,,,,,,,,,,,,,,,,,,,,,,,,,5000,,,,,,,,,,,,,,,,,,,,,0,,TRF-036,CAN 1050 CAD$,N,-3635,,,,,,,,,,,77
2026-03-12,MC DEP 12233920,,907.62,"7,141.20",,-907.62,,,,,,,,,,,,,,,,,,,,,,,,,,,,,,,,,,,,,,,,,,,,,,0,,,,,,,,,,,,,,,,
2026-03-12,MC FEE 12233920,,-20.39,"7,120.81",,,,,,,,,,,,,,,,,,,20.39,,,,,,,,,,,,,,,,,,,,,,,,,,,,,0,,,,,,,,,,,,,,,,
2026-03-12,Online transfer sent - 3037,,-8000,-879.19,,,,,,,,,,,,,,,,,,,8000,,,,,,,,,,,,,,,,,,,,,,,,,,,,,0,,,,,,,,,,,,,,,,
2026-03-12,VSA DEP12233920,,5549.32,"4,670.13",,-5549.32,,,,,,,,,,,,,,,,,,,,,,,,,,,,,,,,,,,,,,,,,,,,,,0,,,,,,,,,,,,,,,,
2026-03-12,VSA FEE12233920,,-121.78,"4,548.35",,,,,,,,,,,,,,,,,,,121.78,,,,,,,,,,,,,,,,,,,,,,,,,,,,,0,,,,,,,,,,,,,,,,
2026-03-13,Credit memo,FT916889156,41142,"45,690.35",,,,,,,,,,,,,,,,,,,,,,,,,,-41142,,,,,,,,,,,,,,,,,,,,,,0,,TRF-098,CAN 1015 USD,Y,29910.234,,,,,,,,,,,78
2026-03-13,Misc Payment,HSA CAD CAN,-345.52,"45,344.83",,,,,,,,,,,,,,,,,,,345.52,,,,,,,,,,,,,,,,,,,,,,,,,,,,,0,,,,,,,,,,,,,,,,
2026-03-13,MC DEP 12233920,,503.99,"45,848.82",,-503.99,,,,,,,,,,,,,,,,,,,,,,,,,,,,,,,,,,,,,,,,,,,,,,0,,,,,,,,,,,,,,,,
2026-03-13,MC DEP 12374336,,158.1,"46,006.92",,-158.1,,,,,,,,,,,,,,,,,,,,,,,,,,,,,,,,,,,,,,,,,,,,,,0,,,,,,,,,,,,,,,,
2026-03-13,MC FEE 12233920,,-10.28,"45,996.64",,,,,,,,,,,,,,,,,,,10.28,,,,,,,,,,,,,,,,,,,,,,,,,,,,,0,,,,,,,,,,,,,,,,
2026-03-13,VSA DEP12233920,,1189.41,"47,186.05",,-1189.41,,,,,,,,,,,,,,,,,,,,,,,,,,,,,,,,,,,,,,,,,,,,,,0,,,,,,,,,,,,,,,,
2026-03-13,VSA FEE12233920,,-26.51,"47,159.54",,,,,,,,,,,,,,,,,,,26.51,,,,,,,,,,,,,,,,,,,,,,,,,,,,,0,,,,,,,,,,,,,,,,
2026-03-16,Misc Payment,HSA CAD CAN,-10.95,"47,148.59",,,,,,,,,,,,,,,,,,,10.95,,,,,,,,,,,,,,,,,,,,,,,,,,,,,0,,,,,,,,,,,,,,,,
2026-03-16,Misc Payment,PAYPAL,3961.1,"51,109.69",,-3961.1,,,,,,,,,,,,,,,,,,,,,,,,,,,,,,,,,,,,,,,,,,,,,,0,,,,,,,,,,,,,,,,
2026-03-16,LOAN PAYMENT,,-5000,"46,109.69",,,,,,,,,,,,,,,,,,,,,,,,,,,5000,,,,,,,,,,,,,,,,,,,,,0,,TRF-037,CAN 1050 CAD$,N,-3635,,,,,,,,,,,79
2026-03-16,MC DEP 12233920,,1033.92,"47,143.61",,-1033.92,,,,,,,,,,,,,,,,,,,,,,,,,,,,,,,,,,,,,,,,,,,,,,0,,,,,,,,,,,,,,,,
2026-03-16,MC DEP 12233920,,541.21,"47,684.82",,-541.21,,,,,,,,,,,,,,,,,,,,,,,,,,,,,,,,,,,,,,,,,,,,,,0,,,,,,,,,,,,,,,,
2026-03-16,MC FEE 12233920,,-23.41,"47,661.41",,,,,,,,,,,,,,,,,,,23.41,,,,,,,,,,,,,,,,,,,,,,,,,,,,,0,,,,,,,,,,,,,,,,
2026-03-16,MC FEE 12233920,,-10.14,"47,651.27",,,,,,,,,,,,,,,,,,,10.14,,,,,,,,,,,,,,,,,,,,,,,,,,,,,0,,,,,,,,,,,,,,,,
2026-03-16,MC FEE 12233920,,-0.31,"47,650.96",,,,,,,,,,,,,,,,,,,0.31,,,,,,,,,,,,,,,,,,,,,,,,,,,,,0,,,,,,,,,,,,,,,,
2026-03-16,VSA DEP12233920,,3015.13,"50,666.09",,-3015.13,,,,,,,,,,,,,,,,,,,,,,,,,,,,,,,,,,,,,,,,,,,,,,0,,,,,,,,,,,,,,,,
2026-03-16,VSA DEP12233920,,1642.94,"52,309.03",,-1642.94,,,,,,,,,,,,,,,,,,,,,,,,,,,,,,,,,,,,,,,,,,,,,,0,,,,,,,,,,,,,,,,
2026-03-16,VSA DEP12233920,,23.24,"52,332.27",,-23.24,,,,,,,,,,,,,,,,,,,,,,,,,,,,,,,,,,,,,,,,,,,,,,0,,,,,,,,,,,,,,,,
2026-03-16,VSA DEP12374336,,117.54,"52,449.81",,-117.54,,,,,,,,,,,,,,,,,,,,,,,,,,,,,,,,,,,,,,,,,,,,,,0,,,,,,,,,,,,,,,,
2026-03-16,VSA FEE12233920,,-51.42,"52,398.39",,,,,,,,,,,,,,,,,,,51.42,,,,,,,,,,,,,,,,,,,,,,,,,,,,,0,,,,,,,,,,,,,,,,
2026-03-16,VSA FEE12233920,,-30,"52,368.39",,,,,,,,,,,,,,,,,,,30,,,,,,,,,,,,,,,,,,,,,,,,,,,,,0,,,,,,,,,,,,,,,,
2026-03-16,VSA FEE12233920,,-1.76,"52,366.63",,,,,,,,,,,,,,,,,,,1.76,,,,,,,,,,,,,,,,,,,,,,,,,,,,,0,,,,,,,,,,,,,,,,
2026-03-17,Business PAD,Clearbridge Bus,-86.63,"52,280.00",,,,,,,,,,,,,,,,,,,86.63,,,,,,,,,,,,,,,,,,,,,,,,,,,,,0,,,,,,,,,,,,,,,,
2026-03-17,Payroll Deposit,INTUIT 10177997,-3130.21,"49,149.79",,,,,,,,,,,,,,,,,,,3130.21,,,,,,,,,,,,,,,,,,,,,,,,,,,,,0,,,,,,,,,,,,,,,,
2026-03-17,Payroll Deposit,INTUIT 10177997,-2728.21,"46,421.58",,,,,,,,,,,,,,,,,,,2728.21,,,,,,,,,,,,,,,,,,,,,,,,,,,,,0,,,,,,,,,,,,,,,,
2026-03-17,Payroll Deposit,INTUIT 10177997,-2594.32,"43,827.26",,,,,,,,,,,,,,,,,,,2594.32,,,,,,,,,,,,,,,,,,,,,,,,,,,,,0,,,,,,,,,,,,,,,,
2026-03-17,Payroll Deposit,INTUIT 10177997,-2096.76,"41,730.50",,,,,,,,,,,,,,,,,,,2096.76,,,,,,,,,,,,,,,,,,,,,,,,,,,,,0,,,,,,,,,,,,,,,,
2026-03-17,Payroll Deposit,INTUIT 10177997,-2096.24,"39,634.26",,,,,,,,,,,,,,,,,,,2096.24,,,,,,,,,,,,,,,,,,,,,,,,,,,,,0,,,,,,,,,,,,,,,,
2026-03-17,Payroll Deposit,INTUIT 10177997,-1970.11,"37,664.15",,,,,,,,,,,,,,,,,,,1970.11,,,,,,,,,,,,,,,,,,,,,,,,,,,,,0,,,,,,,,,,,,,,,,
2026-03-17,Payroll Deposit,INTUIT 10177997,-1970.11,"35,694.04",,,,,,,,,,,,,,,,,,,1970.11,,,,,,,,,,,,,,,,,,,,,,,,,,,,,0,,,,,,,,,,,,,,,,
2026-03-17,Payroll Deposit,INTUIT 10177997,-1874.31,"33,819.73",,,,,,,,,,,,,,,,,,,1874.31,,,,,,,,,,,,,,,,,,,,,,,,,,,,,0,,,,,,,,,,,,,,,,
2026-03-17,Payroll Deposit,INTUIT 10177997,-1843.86,"31,975.87",,,,,,,,,,,,,,,,,,,1843.86,,,,,,,,,,,,,,,,,,,,,,,,,,,,,0,,,,,,,,,,,,,,,,
2026-03-17,Payroll Deposit,INTUIT 10177997,-1843.86,"30,132.01",,,,,,,,,,,,,,,,,,,1843.86,,,,,,,,,,,,,,,,,,,,,,,,,,,,,0,,,,,,,,,,,,,,,,
2026-03-17,Payroll Deposit,INTUIT 10177997,-1843.86,"28,288.15",,,,,,,,,,,,,,,,,,,1843.86,,,,,,,,,,,,,,,,,,,,,,,,,,,,,0,,,,,,,,,,,,,,,,
2026-03-17,Payroll Deposit,INTUIT 10177997,-1797.07,"26,491.08",,,,,,,,,,,,,,,,,,,1797.07,,,,,,,,,,,,,,,,,,,,,,,,,,,,,0,,,,,,,,,,,,,,,,
2026-03-17,Payroll Deposit,INTUIT 10177997,-1739.32,"24,751.76",,,,,,,,,,,,,,,,,,,1739.32,,,,,,,,,,,,,,,,,,,,,,,,,,,,,0,,,,,,,,,,,,,,,,
2026-03-17,Payroll Deposit,INTUIT 10177997,-1717.04,"23,034.72",,,,,,,,,,,,,,,,,,,1717.04,,,,,,,,,,,,,,,,,,,,,,,,,,,,,0,,,,,,,,,,,,,,,,
2026-03-17,Payroll Deposit,INTUIT 10177997,-1550.16,"21,484.56",,,,,,,,,,,,,,,,,,,1550.16,,,,,,,,,,,,,,,,,,,,,,,,,,,,,0,,,,,,,,,,,,,,,,
2026-03-17,Payroll Deposit,INTUIT 10177997,-1511.26,"19,973.30",,,,,,,,,,,,,,,,,,,1511.26,,,,,,,,,,,,,,,,,,,,,,,,,,,,,0,,,,,,,,,,,,,,,,
2026-03-17,Payroll Deposit,INTUIT 10177997,-1397.61,"18,575.69",,,,,,,,,,,,,,,,,,,1397.61,,,,,,,,,,,,,,,,,,,,,,,,,,,,,0,,,,,,,,,,,,,,,,
2026-03-17,Payroll Deposit,INTUIT 10177997,-902.6,"17,673.09",,,,,,,,,,,,,,,,,,,902.6,,,,,,,,,,,,,,,,,,,,,,,,,,,,,0,,,,,,,,,,,,,,,,
2026-03-17,Payroll Deposit,INTUIT 10177997,-803,"16,870.09",,,,,,,,,,,,,,,,,,,803,,,,,,,,,,,,,,,,,,,,,,,,,,,,,0,,,,,,,,,,,,,,,,
2026-03-17,Misc Payment,RBC CREDIT CARD,-18120.91,"-1,250.82",,,,,,,,,,,,,,,,,,,,,,,,,,,,18120.91,,,,,,,,,,,,,,,,,,,,0,,TRF-V4-008,CAN 2110 CAD,N,,,,,,,,,,,,80
2026-03-17,Misc Payment,RBC CREDIT CARD,-177.66,"-1,428.48",,,,,,,,,,,,,,,,,,,,,,,,,,,,177.66,,,,,,,,,,,,,,,,,,,,0,,TRF-V5-009,CAN 2130 CAD,N,,,,,,,,,,,,81
2026-03-17,Misc Payment,RBC CREDIT CARD,-34,"-1,462.48",,,,,,,,,,,,,,,,,,,,,,,,,,,,34,,,,,,,,,,,,,,,,,,,,0,,TRF-V7-005,CAN 2190 CAD,,,,,,,,,,,,,82
2026-03-17,AMX DEP12233920,,1772.94,310.46,,-1772.94,,,,,,,,,,,,,,,,,,,,,,,,,,,,,,,,,,,,,,,,,,,,,,0,,,,,,,,,,,,,,,,
2026-03-17,MC DEP 12233920,,9617.39,"9,927.85",,-9617.39,,,,,,,,,,,,,,,,,,,,,,,,,,,,,,,,,,,,,,,,,,,,,,0,,,,,,,,,,,,,,,,
2026-03-17,MC FEE 12233920,,-195.46,"9,732.39",,,,,,,,,,,,,,,,,,,195.46,,,,,,,,,,,,,,,,,,,,,,,,,,,,,0,,,,,,,,,,,,,,,,
2026-03-17,VSA DEP12233920,,158.51,"9,890.90",,-158.51,,,,,,,,,,,,,,,,,,,,,,,,,,,,,,,,,,,,,,,,,,,,,,0,,,,,,,,,,,,,,,,
2026-03-17,VSA DEP12374336,,44.8,"9,935.70",,-44.8,,,,,,,,,,,,,,,,,,,,,,,,,,,,,,,,,,,,,,,,,,,,,,0,,,,,,,,,,,,,,,,
2026-03-17,VSA FEE12233920,,-2.95,"9,932.75",,,,,,,,,,,,,,,,,,,2.95,,,,,,,,,,,,,,,,,,,,,,,,,,,,,0,,,,,,,,,,,,,,,,
2026-03-18,Misc Payment,HSA CAD CAN,-311.82,"9,620.93",,,,,,,,,,,,,,,,,,,311.82,,,,,,,,,,,,,,,,,,,,,,,,,,,,,0,,,,,,,,,,,,,,,,
2026-03-18,MC DEP 12233920,,1865.69,"11,486.62",,-1865.69,,,,,,,,,,,,,,,,,,,,,,,,,,,,,,,,,,,,,,,,,,,,,,0,,,,,,,,,,,,,,,,
2026-03-18,MC FEE 12233920,,-39.87,"11,446.75",,,,,,,,,,,,,,,,,,,39.87,,,,,,,,,,,,,,,,,,,,,,,,,,,,,0,,,,,,,,,,,,,,,,
2026-03-18,VSA DEP12233920,,462.27,"11,909.02",,-462.27,,,,,,,,,,,,,,,,,,,,,,,,,,,,,,,,,,,,,,,,,,,,,,0,,,,,,,,,,,,,,,,
2026-03-18,VSA DEP12374336,,44.79,"11,953.81",,-44.79,,,,,,,,,,,,,,,,,,,,,,,,,,,,,,,,,,,,,,,,,,,,,,0,,,,,,,,,,,,,,,,
2026-03-18,VSA FEE12233920,,-8.49,"11,945.32",,,,,,,,,,,,,,,,,,,8.49,,,,,,,,,,,,,,,,,,,,,,,,,,,,,0,,,,,,,,,,,,,,,,
2026-03-19,e-Transfer sent,Lief Rodgers,-2000,"9,945.32",,,,,,,,,,,,,,,,,,,2000,,,,,,,,,,,,,,,,,,,,,,,,,,,,,0,,,,,,,,,,,,,,,,
2026-03-19,Misc Payment,PAYPAL,1597.55,"11,542.87",,-1597.55,,,,,,,,,,,,,,,,,,,,,,,,,,,,,,,,,,,,,,,,,,,,,,0,,,,,,,,,,,,,,,,
2026-03-19,e-Transfer sent,Shipco,-405,"11,137.87",,,,,,,,,,,,,,,,,,,405,,,,,,,,,,,,,,,,,,,,,,,,,,,,,0,,,,,,,,,,,,,,,,
2026-03-19,AMX DEP12233920,,521.17,"11,659.04",,-521.17,,,,,,,,,,,,,,,,,,,,,,,,,,,,,,,,,,,,,,,,,,,,,,0,,,,,,,,,,,,,,,,
2026-03-19,EF0319 12374336,,22.04,"11,681.08",,-22.04,,,,,,,,,,,,,,,,,,,,,,,,,,,,,,,,,,,,,,,,,,,,,,0,,,,,,,,,,,,,,,,
2026-03-19,MC DEP 12233920,,114.31,"11,795.39",,-114.31,,,,,,,,,,,,,,,,,,,,,,,,,,,,,,,,,,,,,,,,,,,,,,0,,,,,,,,,,,,,,,,
2026-03-19,MC FEE 12233920,,-2.23,"11,793.16",,,,,,,,,,,,,,,,,,,2.23,,,,,,,,,,,,,,,,,,,,,,,,,,,,,0,,,,,,,,,,,,,,,,
2026-03-19,VSA DEP12233920,,794.52,"12,587.68",,-794.52,,,,,,,,,,,,,,,,,,,,,,,,,,,,,,,,,,,,,,,,,,,,,,0,,,,,,,,,,,,,,,,
2026-03-19,VSA FEE12233920,,-15.54,"12,572.14",,,,,,,,,,,,,,,,,,,15.54,,,,,,,,,,,,,,,,,,,,,,,,,,,,,0,,,,,,,,,,,,,,,,
2026-03-20,Misc Payment,HSA CAD CAN,-147.54,"12,424.60",,,,,,,,,,,,,,,,,,,147.54,,,,,,,,,,,,,,,,,,,,,,,,,,,,,0,,,,,,,,,,,,,,,,
2026-03-20,MC DEP 12233920,,304.26,"12,728.86",,-304.26,,,,,,,,,,,,,,,,,,,,,,,,,,,,,,,,,,,,,,,,,,,,,,0,,,,,,,,,,,,,,,,
2026-03-20,MC DEP 12374336,,280.11,"13,008.97",,-280.11,,,,,,,,,,,,,,,,,,,,,,,,,,,,,,,,,,,,,,,,,,,,,,0,,,,,,,,,,,,,,,,
2026-03-20,MC FEE 12233920,,-5.6,"13,003.37",,,,,,,,,,,,,,,,,,,5.6,,,,,,,,,,,,,,,,,,,,,,,,,,,,,0,,,,,,,,,,,,,,,,
2026-03-20,VSA DEP12233920,,186.97,"13,190.34",,-186.97,,,,,,,,,,,,,,,,,,,,,,,,,,,,,,,,,,,,,,,,,,,,,,0,,,,,,,,,,,,,,,,
2026-03-20,VSA FEE12233920,,-4.04,"13,186.30",,,,,,,,,,,,,,,,,,,4.04,,,,,,,,,,,,,,,,,,,,,,,,,,,,,0,,,,,,,,,,,,,,,,
2026-03-23,COMM HYDRO BILL PMT,B.C. HYDRO-PAP,-495.06,"12,691.24",,,,,,,,,,,,,,,,,,,495.06,,,,,,,,,,,,,,,,,,,,,,,,,,,,,0,,,,,,,,,,,,,,,,
2026-03-23,Direct Deposits (PDS) service total,GRADS8318600000,-817.88,"11,873.36",,,,,,,,,,,,,,,,,,,817.88,,,,,,,,,,,,,,,,,,,,,,,,,,,,,0,,,,,,,,,,,,,,,,
2026-03-23,Misc Payment,HSA CAD CAN,-456.23,"11,417.13",,,,,,,,,,,,,,,,,,,456.23,,,,,,,,,,,,,,,,,,,,,,,,,,,,,0,,,,,,,,,,,,,,,,
2026-03-23,Other loan,Loan interest,-19.53,"11,397.60",,,,,,,,,,,,,,,,,,,19.53,,,,,,,,,,,,,,,,,,,,,,,,,,,,,0,,,,,,,,,,,,,,,,
2026-03-23,e-Transfer sent,Remy's e-transfer,-9006.9,"2,390.70",,,,,,,,,,,,,,,,,,,9006.9,,,,,,,,,,,,,,,,,,,,,,,,,,,,,0,,,,,,,,,,,,,,,,
2026-03-23,AMX DEP12233920,,1448.31,"3,839.01",,-1448.31,,,,,,,,,,,,,,,,,,,,,,,,,,,,,,,,,,,,,,,,,,,,,,0,,,,,,,,,,,,,,,,
2026-03-23,MC DEP 12233920,,1773.36,"5,612.37",,-1773.36,,,,,,,,,,,,,,,,,,,,,,,,,,,,,,,,,,,,,,,,,,,,,,0,,,,,,,,,,,,,,,,
2026-03-23,MC DEP 12233920,,171.18,"5,783.55",,-171.18,,,,,,,,,,,,,,,,,,,,,,,,,,,,,,,,,,,,,,,,,,,,,,0,,,,,,,,,,,,,,,,
2026-03-23,MC DEP 12233920,,17.31,"5,800.86",,-17.31,,,,,,,,,,,,,,,,,,,,,,,,,,,,,,,,,,,,,,,,,,,,,,0,,,,,,,,,,,,,,,,
2026-03-23,MC FEE 12233920,,-38.95,"5,761.91",,,,,,,,,,,,,,,,,,,38.95,,,,,,,,,,,,,,,,,,,,,,,,,,,,,0,,,,,,,,,,,,,,,,
2026-03-23,MC FEE 12233920,,-4.86,"5,757.05",,,,,,,,,,,,,,,,,,,4.86,,,,,,,,,,,,,,,,,,,,,,,,,,,,,0,,,,,,,,,,,,,,,,
2026-03-23,MC FEE 12233920,,-0.6,"5,756.45",,,,,,,,,,,,,,,,,,,0.6,,,,,,,,,,,,,,,,,,,,,,,,,,,,,0,,,,,,,,,,,,,,,,
2026-03-23,VSA DEP12233920,,4700.18,"10,456.63",,-4700.18,,,,,,,,,,,,,,,,,,,,,,,,,,,,,,,,,,,,,,,,,,,,,,0,,,,,,,,,,,,,,,,
2026-03-23,VSA DEP12233920,,2104.09,"12,560.72",,-2104.09,,,,,,,,,,,,,,,,,,,,,,,,,,,,,,,,,,,,,,,,,,,,,,0,,,,,,,,,,,,,,,,
2026-03-23,VSA DEP12374336,,15.75,"12,576.47",,-15.75,,,,,,,,,,,,,,,,,,,,,,,,,,,,,,,,,,,,,,,,,,,,,,0,,,,,,,,,,,,,,,,
2026-03-23,VSA FEE12233920,,-96.68,"12,479.79",,,,,,,,,,,,,,,,,,,96.68,,,,,,,,,,,,,,,,,,,,,,,,,,,,,0,,,,,,,,,,,,,,,,
2026-03-23,VSA FEE12233920,,-56.32,"12,423.47",,,,,,,,,,,,,,,,,,,56.32,,,,,,,,,,,,,,,,,,,,,,,,,,,,,0,,,,,,,,,,,,,,,,
2026-03-24,MC DEP 12233920,,31.87,"12,455.34",,-31.87,,,,,,,,,,,,,,,,,,,,,,,,,,,,,,,,,,,,,,,,,,,,,,0,,,,,,,,,,,,,,,,
2026-03-24,MC DEP 12374336,,69.03,"12,524.37",,-69.03,,,,,,,,,,,,,,,,,,,,,,,,,,,,,,,,,,,,,,,,,,,,,,0,,,,,,,,,,,,,,,,
2026-03-24,MC FEE 12233920,,-0.9,"12,523.47",,,,,,,,,,,,,,,,,,,0.9,,,,,,,,,,,,,,,,,,,,,,,,,,,,,0,,,,,,,,,,,,,,,,
2026-03-24,VSA DEP12233920,,1867.5,"14,390.97",,-1867.5,,,,,,,,,,,,,,,,,,,,,,,,,,,,,,,,,,,,,,,,,,,,,,0,,,,,,,,,,,,,,,,
2026-03-24,VSA FEE12233920,,-36.15,"14,354.82",,,,,,,,,,,,,,,,,,,36.15,,,,,,,,,,,,,,,,,,,,,,,,,,,,,0,,,,,,,,,,,,,,,,
2026-03-25,Insurance Loan,FIRST INSURANCE,-7150,"7,204.82",,,,,,,,,,,,,,,,,,,7150,,,,,,,,,,,,,,,,,,,,,,,,,,,,,0,,,,,,,,,,,,,,,,
2026-03-25,Online Banking transfer - 4417,,100000,"107,204.82",,,,,,,,,,,,,,,,,,,,,,,,,,-100000,,,,,,,,,,,,,,,,,,,,,,0,,TRF-108,CAN 1050 CAD,N,72700,,,,,,,,,,,83
2026-03-25,Misc Payment,HSA CAD CAN,-1006.98,"106,197.84",,,,,,,,,,,,,,,,,,,1006.98,,,,,,,,,,,,,,,,,,,,,,,,,,,,,0,,,,,,,,,,,,,,,,
2026-03-25,MC DEP 12233920,,1759.93,"107,957.77",,-1759.93,,,,,,,,,,,,,,,,,,,,,,,,,,,,,,,,,,,,,,,,,,,,,,0,,,,,,,,,,,,,,,,
2026-03-25,MC FEE 12233920,,-41.71,"107,916.06",,,,,,,,,,,,,,,,,,,41.71,,,,,,,,,,,,,,,,,,,,,,,,,,,,,0,,,,,,,,,,,,,,,,
2026-03-25,Scheduled payment,FT916928818,-100000,"7,916.06",,,,,,,,,,,,,,,,,,,,,,,,,,,100000,,,,,,,,,,,,,,,,,,,,,0,,TRF-099,CAN 1015 USD,Y,-72700,,,,,,,,,,,84
2026-03-25,VSA DEP12233920,,101.48,"8,017.54",,-101.48,,,,,,,,,,,,,,,,,,,,,,,,,,,,,,,,,,,,,,,,,,,,,,0,,,,,,,,,,,,,,,,
2026-03-25,VSA DEP12374336,,1435.94,"9,453.48",,-1435.94,,,,,,,,,,,,,,,,,,,,,,,,,,,,,,,,,,,,,,,,,,,,,,0,,,,,,,,,,,,,,,,
2026-03-25,VSA FEE12233920,,-2.48,"9,451.00",,,,,,,,,,,,,,,,,,,2.48,,,,,,,,,,,,,,,,,,,,,,,,,,,,,0,,,,,,,,,,,,,,,,
2026-03-26,Misc Payment,PAYPAL,2899.08,"12,350.08",,-2899.08,,,,,,,,,,,,,,,,,,,,,,,,,,,,,,,,,,,,,,,,,,,,,,0,,,,,,,,,,,,,,,,
2026-03-26,LOAN PAYMENT,,-5000,"7,350.08",,,,,,,,,,,,,,,,,,,,,,,,,,,5000,,,,,,,,,,,,,,,,,,,,,0,,TRF-038,CAN 1050 CAD$,N,-3635,,,,,,,,,,,85
2026-03-26,MC DEP 12233920,,3250.65,"10,600.73",,-3250.65,,,,,,,,,,,,,,,,,,,,,,,,,,,,,,,,,,,,,,,,,,,,,,0,,,,,,,,,,,,,,,,
2026-03-26,MC FEE 12233920,,-62.25,"10,538.48",,,,,,,,,,,,,,,,,,,62.25,,,,,,,,,,,,,,,,,,,,,,,,,,,,,0,,,,,,,,,,,,,,,,
2026-03-26,VSA DEP12233920,,1913.97,"12,452.45",,-1913.97,,,,,,,,,,,,,,,,,,,,,,,,,,,,,,,,,,,,,,,,,,,,,,0,,,,,,,,,,,,,,,,
2026-03-26,VSA FEE12233920,,-43.62,"12,408.83",,,,,,,,,,,,,,,,,,,43.62,,,,,,,,,,,,,,,,,,,,,,,,,,,,,0,,,,,,,,,,,,,,,,
2026-03-27,Misc Payment,HSA CAD CAN,-69.66,"12,339.17",,,,,,,,,,,,,,,,,,,69.66,,,,,,,,,,,,,,,,,,,,,,,,,,,,,0,,,,,,,,,,,,,,,,
2026-03-27,AMX DEP12233920,,2612.79,"14,951.96",,-2612.79,,,,,,,,,,,,,,,,,,,,,,,,,,,,,,,,,,,,,,,,,,,,,,0,,,,,,,,,,,,,,,,
2026-03-27,LOAN PAYMENT,,-10000,"4,951.96",,,,,,,,,,,,,,,,,,,,,,,,,,,10000,,,,,,,,,,,,,,,,,,,,,0,,TRF-040,CAN 1050 CAD$,N,-7270,,,,,,,,,,,86
2026-03-27,VSA DEP12233920,,736.47,"5,688.43",,-736.47,,,,,,,,,,,,,,,,,,,,,,,,,,,,,,,,,,,,,,,,,,,,,,0,,,,,,,,,,,,,,,,
2026-03-27,VSA FEE12233920,,-14.37,"5,674.06",,,,,,,,,,,,,,,,,,,14.37,,,,,,,,,,,,,,,,,,,,,,,,,,,,,0,,,,,,,,,,,,,,,,
2026-03-30,Misc Payment,PAYPAL,2045.37,"7,719.43",,-2045.37,,,,,,,,,,,,,,,,,,,,,,,,,,,,,,,,,,,,,,,,,,,,,,0,,,,,,,,,,,,,,,,
2026-03-30,AMX DEP12233920,,2470.31,"10,189.74",,-2470.31,,,,,,,,,,,,,,,,,,,,,,,,,,,,,,,,,,,,,,,,,,,,,,0,,,,,,,,,,,,,,,,
2026-03-30,AMX DEP12233920,,649.14,"10,838.88",,-649.14,,,,,,,,,,,,,,,,,,,,,,,,,,,,,,,,,,,,,,,,,,,,,,0,,,,,,,,,,,,,,,,
2026-03-30,LOAN PAYMENT,,-5000,"5,838.88",,,,,,,,,,,,,,,,,,,,,,,,,,,5000,,,,,,,,,,,,,,,,,,,,,0,,TRF-041,CAN 1050 CAD$,N,-3635,,,,,,,,,,,87
2026-03-30,MC DEP 12233920,,2378.4,"8,217.28",,-2378.4,,,,,,,,,,,,,,,,,,,,,,,,,,,,,,,,,,,,,,,,,,,,,,0,,,,,,,,,,,,,,,,
2026-03-30,MC DEP 12233920,,1949.18,"10,166.46",,-1949.18,,,,,,,,,,,,,,,,,,,,,,,,,,,,,,,,,,,,,,,,,,,,,,0,,,,,,,,,,,,,,,,
2026-03-30,MC FEE 12233920,,-49.04,"10,117.42",,,,,,,,,,,,,,,,,,,49.04,,,,,,,,,,,,,,,,,,,,,,,,,,,,,0,,,,,,,,,,,,,,,,
2026-03-30,MC FEE 12233920,,-0.19,"10,117.23",,,,,,,,,,,,,,,,,,,0.19,,,,,,,,,,,,,,,,,,,,,,,,,,,,,0,,,,,,,,,,,,,,,,
2026-03-30,MC FEE 12233920,,-43.42,"10,073.81",,,,,,,,,,,,,,,,,,,43.42,,,,,,,,,,,,,,,,,,,,,,,,,,,,,0,,,,,,,,,,,,,,,,
2026-03-30,VSA DEP12233920,,6605.27,"16,679.08",,-6605.27,,,,,,,,,,,,,,,,,,,,,,,,,,,,,,,,,,,,,,,,,,,,,,0,,,,,,,,,,,,,,,,
2026-03-30,VSA DEP12233920,,633.45,"17,312.53",,-633.45,,,,,,,,,,,,,,,,,,,,,,,,,,,,,,,,,,,,,,,,,,,,,,0,,,,,,,,,,,,,,,,
2026-03-30,VSA DEP12233920,,61.89,"17,374.42",,-61.89,,,,,,,,,,,,,,,,,,,,,,,,,,,,,,,,,,,,,,,,,,,,,,0,,,,,,,,,,,,,,,,
2026-03-30,VSA FEE12233920,,-12.33,"17,362.09",,,,,,,,,,,,,,,,,,,12.33,,,,,,,,,,,,,,,,,,,,,,,,,,,,,0,,,,,,,,,,,,,,,,
2026-03-30,VSA FEE12233920,,-1.35,"17,360.74",,,,,,,,,,,,,,,,,,,1.35,,,,,,,,,,,,,,,,,,,,,,,,,,,,,0,,,,,,,,,,,,,,,,
2026-03-30,VSA FEE12233920,,-151.97,"17,208.77",,,,,,,,,,,,,,,,,,,151.97,,,,,,,,,,,,,,,,,,,,,,,,,,,,,0,,,,,,,,,,,,,,,,
2026-03-31,Online Banking payment - 9305,CYCLES LAMBERT,-176.36,"17,032.41",,,,,,,,,,,,,,,,,,,,,,,,,,,,,,,,,176.36,,,,,,,,,,,,,,,0,,,,,,,,,,,,,,,,
2026-03-31,Payroll Deposit,INTUIT 10348559,-1797.07,"15,235.34",,,,,,,,,,,,,,,,,,,1797.07,,,,,,,,,,,,,,,,,,,,,,,,,,,,,0,,,,,,,,,,,,,,,,
2026-03-31,Payroll Deposit,INTUIT 10348559,-1739.32,"13,496.02",,,,,,,,,,,,,,,,,,,1739.32,,,,,,,,,,,,,,,,,,,,,,,,,,,,,0,,,,,,,,,,,,,,,,
2026-03-31,Payroll Deposit,INTUIT 10348559,-2111.72,"11,384.30",,,,,,,,,,,,,,,,,,,2111.72,,,,,,,,,,,,,,,,,,,,,,,,,,,,,0,,,,,,,,,,,,,,,,
2026-03-31,Payroll Deposit,INTUIT 10348559,-2004.51,"9,379.79",,,,,,,,,,,,,,,,,,,2004.51,,,,,,,,,,,,,,,,,,,,,,,,,,,,,0,,,,,,,,,,,,,,,,
2026-03-31,Payroll Deposit,INTUIT 10348559,-1970.11,"7,409.68",,,,,,,,,,,,,,,,,,,1970.11,,,,,,,,,,,,,,,,,,,,,,,,,,,,,0,,,,,,,,,,,,,,,,
2026-03-31,Payroll Deposit,INTUIT 10348559,-1397.61,"6,012.07",,,,,,,,,,,,,,,,,,,1397.61,,,,,,,,,,,,,,,,,,,,,,,,,,,,,0,,,,,,,,,,,,,,,,
2026-03-31,Payroll Deposit,INTUIT 10348559,-2728.21,"3,283.86",,,,,,,,,,,,,,,,,,,2728.21,,,,,,,,,,,,,,,,,,,,,,,,,,,,,0,,,,,,,,,,,,,,,,
2026-03-31,Payroll Deposit,INTUIT 10348559,-2594.32,689.54,,,,,,,,,,,,,,,,,,,2594.32,,,,,,,,,,,,,,,,,,,,,,,,,,,,,0,,,,,,,,,,,,,,,,
2026-03-31,Payroll Deposit,INTUIT 10348559,-1843.86,"-1,154.32",,,,,,,,,,,,,,,,,,,1843.86,,,,,,,,,,,,,,,,,,,,,,,,,,,,,0,,,,,,,,,,,,,,,,
2026-03-31,Payroll Deposit,INTUIT 10348559,-1506.95,"-2,661.27",,,,,,,,,,,,,,,,,,,1506.95,,,,,,,,,,,,,,,,,,,,,,,,,,,,,0,,,,,,,,,,,,,,,,
2026-03-31,Payroll Deposit,INTUIT 10348559,-2096.76,"-4,758.03",,,,,,,,,,,,,,,,,,,2096.76,,,,,,,,,,,,,,,,,,,,,,,,,,,,,0,,,,,,,,,,,,,,,,
2026-03-31,Payroll Deposit,INTUIT 10348559,-1843.86,"-6,601.89",,,,,,,,,,,,,,,,,,,1843.86,,,,,,,,,,,,,,,,,,,,,,,,,,,,,0,,,,,,,,,,,,,,,,
2026-03-31,Payroll Deposit,INTUIT 10348559,-2096.76,"-8,698.65",,,,,,,,,,,,,,,,,,,2096.76,,,,,,,,,,,,,,,,,,,,,,,,,,,,,0,,,,,,,,,,,,,,,,
2026-03-31,Payroll Deposit,INTUIT 10348559,-1717.04,"-10,415.69",,,,,,,,,,,,,,,,,,,1717.04,,,,,,,,,,,,,,,,,,,,,,,,,,,,,0,,,,,,,,,,,,,,,,
2026-03-31,Payroll Deposit,INTUIT 10348559,-1970.11,"-12,385.80",,,,,,,,,,,,,,,,,,,1970.11,,,,,,,,,,,,,,,,,,,,,,,,,,,,,0,,,,,,,,,,,,,,,,
2026-03-31,Payroll Deposit,INTUIT 10348559,-1550.16,"-13,935.96",,,,,,,,,,,,,,,,,,,1550.16,,,,,,,,,,,,,,,,,,,,,,,,,,,,,0,,,,,,,,,,,,,,,,
2026-03-31,Payroll Deposit,INTUIT 10348559,-910.09,"-14,846.05",,,,,,,,,,,,,,,,,,,910.09,,,,,,,,,,,,,,,,,,,,,,,,,,,,,0,,,,,,,,,,,,,,,,
2026-03-31,Payroll Deposit,INTUIT 10348559,-2096.24,"-16,942.29",,,,,,,,,,,,,,,,,,,2096.24,,,,,,,,,,,,,,,,,,,,,,,,,,,,,0,,,,,,,,,,,,,,,,
2026-03-31,Payroll Deposit,INTUIT 10348559,-1445.43,"-18,387.72",,,,,,,,,,,,,,,,,,,1445.43,,,,,,,,,,,,,,,,,,,,,,,,,,,,,0,,,,,,,,,,,,,,,,
2026-03-31,AMX FEE12233920,,-361.8,"-18,749.52",,,,,,,,,,,,,,,,,,,361.8,,,,,,,,,,,,,,,,,,,,,,,,,,,,,0,,,,,,,,,,,,,,,,
2026-03-31,AMX FEE12374336,,-0.62,"-18,750.14",,,,,,,,,,,,,,,,,,,0.62,,,,,,,,,,,,,,,,,,,,,,,,,,,,,0,,,,,,,,,,,,,,,,
2026-03-31,INT FEE12374336,,-0.33,"-18,750.47",,,,,,,,,,,,,,,,,,,0.33,,,,,,,,,,,,,,,,,,,,,,,,,,,,,0,,,,,,,,,,,,,,,,
2026-03-31,LOAN PAYMENT,,-15000,"-33,750.47",,,,,,,,,,,,,,,,,,,,,,,,,,,15000,,,,,,,,,,,,,,,,,,,,,0,,TRF-042,CAN 1050 CAD$,N,-10905,,,,,,,,,,,88
2026-03-31,MC FEE 12233920,,-10.26,"-33,760.73",,,,,,,,,,,,,,,,,,,10.26,,,,,,,,,,,,,,,,,,,,,,,,,,,,,0,,,,,,,,,,,,,,,,
2026-03-31,MC FEE 12374336,,-6.87,"-33,767.60",,,,,,,,,,,,,,,,,,,6.87,,,,,,,,,,,,,,,,,,,,,,,,,,,,,0,,,,,,,,,,,,,,,,
2026-03-31,MON FEE12233920,,-27.3,"-33,794.90",,,,,,,,,,,,,,,,,,,27.3,,,,,,,,,,,,,,,,,,,,,,,,,,,,,0,,,,,,,,,,,,,,,,
2026-03-31,MON FEE12344503,,-27.3,"-33,822.20",,,,,,,,,,,,,,,,,,,27.3,,,,,,,,,,,,,,,,,,,,,,,,,,,,,0,,,,,,,,,,,,,,,,
2026-03-31,MON FEE12374336,,-45.5,"-33,867.70",,,,,,,,,,,,,,,,,,,45.5,,,,,,,,,,,,,,,,,,,,,,,,,,,,,0,,,,,,,,,,,,,,,,
2026-03-31,VSA DEP12233920,,1829.12,"-32,038.58",,-1829.12,,,,,,,,,,,,,,,,,,,,,,,,,,,,,,,,,,,,,,,,,,,,,,0,,,,,,,,,,,,,,,,
2026-03-31,VSA FEE12233920,,-44.76,"-32,083.34",,,,,,,,,,,,,,,,,,,44.76,,,,,,,,,,,,,,,,,,,,,,,,,,,,,0,,,,,,,,,,,,,,,,
2026-03-31,VSA FEE12374336,,-24.35,"-32,107.69",,,,,,,,,,,,,,,,,,,24.35,,,,,,,,,,,,,,,,,,,,,,,,,,,,,0,,,,,,,,,,,,,,,,
2026-04-01,Insurance Loan,FIRST INSURANCE,-3210.9,"-35,318.59",,,,,,,,,,,,,,,,,,,3210.9,,,,,,,,,,,,,,,,,,,,,,,,,,,,,0,,,,,,,,,,,,,,,,
2026-04-01,Misc Payment,HSA CAD CAN,-164.18,"-35,482.77",,,,,,,,,,,,,,,,,,,164.18,,,,,,,,,,,,,,,,,,,,,,,,,,,,,0,,,,,,,,,,,,,,,,
2026-04-01,LOAN CREDIT,,35000,-482.77,,,,,,,,,,,,,,,,,,,,,,,,,,-35000,,,,,,,,,,,,,,,,,,,,,,0,,TRF-043,CAN 1050 CAD$,N,25445,,,,,,,,,,,89
2026-04-01,MC DEP 12233920,,37.79,-444.98,,-37.79,,,,,,,,,,,,,,,,,,,,,,,,,,,,,,,,,,,,,,,,,,,,,,0,,,,,,,,,,,,,,,,
2026-04-01,MC DEP 12374336,,1242.98,798.00,,-1242.98,,,,,,,,,,,,,,,,,,,,,,,,,,,,,,,,,,,,,,,,,,,,,,0,,,,,,,,,,,,,,,,
2026-04-01,MC FEE 12233920,,-0.79,797.21,,,,,,,,,,,,,,,,,,,0.79,,,,,,,,,,,,,,,,,,,,,,,,,,,,,0,,,,,,,,,,,,,,,,
2026-04-01,VSA DEP12233920,,2529.02,"3,326.23",,-2529.02,,,,,,,,,,,,,,,,,,,,,,,,,,,,,,,,,,,,,,,,,,,,,,0,,,,,,,,,,,,,,,,
2026-04-01,VSA DEP12374336,,91.55,"3,417.78",,-91.55,,,,,,,,,,,,,,,,,,,,,,,,,,,,,,,,,,,,,,,,,,,,,,0,,,,,,,,,,,,,,,,
2026-04-01,VSA FEE12233920,,-57.07,"3,360.71",,,,,,,,,,,,,,,,,,,57.07,,,,,,,,,,,,,,,,,,,,,,,,,,,,,0,,,,,,,,,,,,,,,,
2026-04-02,Misc Payment,PAYPAL,45.58,"3,406.29",,-45.58,,,,,,,,,,,,,,,,,,,,,,,,,,,,,,,,,,,,,,,,,,,,,,0,,,,,,,,,,,,,,,,
2026-04-02,MC DEP 12233920,,6981.55,"10,387.84",,-6981.55,,,,,,,,,,,,,,,,,,,,,,,,,,,,,,,,,,,,,,,,,,,,,,0,,,,,,,,,,,,,,,,
2026-04-02,MC FEE 12233920,,-166.83,"10,221.01",,,,,,,,,,,,,,,,,,,166.83,,,,,,,,,,,,,,,,,,,,,,,,,,,,,0,,,,,,,,,,,,,,,,
2026-04-02,Monthly fee,,-6,"10,215.01",,,,,,,,,,,,,,,,,,,6,,,,,,,,,,,,,,,,,,,,,,,,,,,,,0,,,,,,,,,,,,,,,,
2026-04-02,VSA DEP12233920,,2053.25,"12,268.26",,-2053.25,,,,,,,,,,,,,,,,,,,,,,,,,,,,,,,,,,,,,,,,,,,,,,0,,,,,,,,,,,,,,,,
2026-04-02,VSA FEE12233920,,-34.18,"12,234.08",,,,,,,,,,,,,,,,,,,34.18,,,,,,,,,,,,,,,,,,,,,,,,,,,,,0,,,,,,,,,,,,,,,,
2026-04-06,Business PAD,Clearbridge Bus,-39.38,"12,194.70",,,,,,,,,,,,,,,,,,,39.38,,,,,,,,,,,,,,,,,,,,,,,,,,,,,0,,,,,,,,,,,,,,,,
2026-04-06,Online Banking payment - 5827,CYCLES LAMBERT,-821.94,"11,372.76",,,,,,,,,,,,,,,,,,,,,,,,,,,,,,,,,821.94,,,,,,,,,,,,,,,0,,,,,,,,,,,,,,,,
2026-04-06,Online Banking payment - 5973,CYCLES LAMBERT,-821.94,"10,550.82",,,,,,,,,,,,,,,,,,,,,,,,,,,,,,,,,821.94,,,,,,,,,,,,,,,0,,,,,,,,,,,,,,,,
2026-04-06,Misc Payment,HSA CAD CAN,-446.78,"10,104.04",,,,,,,,,,,,,,,,,,,446.78,,,,,,,,,,,,,,,,,,,,,,,,,,,,,0,,,,,,,,,,,,,,,,
2026-04-06,Misc Payment,HSA CAD CAN,-10.95,"10,093.09",,,,,,,,,,,,,,,,,,,10.95,,,,,,,,,,,,,,,,,,,,,,,,,,,,,0,,,,,,,,,,,,,,,,
2026-04-06,Misc Payment,PAYPAL,648.45,"10,741.54",,-648.45,,,,,,,,,,,,,,,,,,,,,,,,,,,,,,,,,,,,,,,,,,,,,,0,,,,,,,,,,,,,,,,
2026-04-06,LOAN PAYMENT,,-10000,741.54,,,,,,,,,,,,,,,,,,,,,,,,,,,10000,,,,,,,,,,,,,,,,,,,,,0,,TRF-044,CAN 1050 CAD$,N,-7270,,,,,,,,,,,90
2026-04-06,MC DEP 12233920,,1086.84,"1,828.38",,-1086.84,,,,,,,,,,,,,,,,,,,,,,,,,,,,,,,,,,,,,,,,,,,,,,0,,,,,,,,,,,,,,,,
2026-04-06,MC DEP 12374336,,2968.66,"4,797.04",,-2968.66,,,,,,,,,,,,,,,,,,,,,,,,,,,,,,,,,,,,,,,,,,,,,,0,,,,,,,,,,,,,,,,
2026-04-06,MC FEE 12233920,,-0.06,"4,796.98",,,,,,,,,,,,,,,,,,,0.06,,,,,,,,,,,,,,,,,,,,,,,,,,,,,0,,,,,,,,,,,,,,,,
2026-04-06,MC FEE 12233920,,-24.33,"4,772.65",,,,,,,,,,,,,,,,,,,24.33,,,,,,,,,,,,,,,,,,,,,,,,,,,,,0,,,,,,,,,,,,,,,,
2026-04-06,VSA DEP12233920,,777.73,"5,550.38",,-777.73,,,,,,,,,,,,,,,,,,,,,,,,,,,,,,,,,,,,,,,,,,,,,,0,,,,,,,,,,,,,,,,
2026-04-06,VSA DEP12233920,,63.92,"5,614.30",,-63.92,,,,,,,,,,,,,,,,,,,,,,,,,,,,,,,,,,,,,,,,,,,,,,0,,,,,,,,,,,,,,,,
2026-04-06,VSA FEE12233920,,-0.06,"5,614.24",,,,,,,,,,,,,,,,,,,0.06,,,,,,,,,,,,,,,,,,,,,,,,,,,,,0,,,,,,,,,,,,,,,,
2026-04-06,VSA FEE12233920,,-0.06,"5,614.18",,,,,,,,,,,,,,,,,,,0.06,,,,,,,,,,,,,,,,,,,,,,,,,,,,,0,,,,,,,,,,,,,,,,
2026-04-06,VSA FEE12233920,,-1.41,"5,612.77",,,,,,,,,,,,,,,,,,,1.41,,,,,,,,,,,,,,,,,,,,,,,,,,,,,0,,,,,,,,,,,,,,,,
2026-04-06,VSA FEE12233920,,-14.98,"5,597.79",,,,,,,,,,,,,,,,,,,14.98,,,,,,,,,,,,,,,,,,,,,,,,,,,,,0,,,,,,,,,,,,,,,,
2026-04-07,Federal Payment,CANADA,-1378.43,"4,219.36",,,,,,,,,,,,,,,,,,,1378.43,,,,,,,,,,,,,,,,,,,,,,,,,,,,,0,,,,,,,,,,,,,,,,
2026-04-07,Business PAD,Clearbridge Bus,-1223.61,"2,995.75",,,,,,,,,,,,,,,,,,,1223.61,,,,,,,,,,,,,,,,,,,,,,,,,,,,,0,,,,,,,,,,,,,,,,
2026-04-07,Business PAD,Clearbridge Bus,-94.5,"2,901.25",,,,,,,,,,,,,,,,,,,94.5,,,,,,,,,,,,,,,,,,,,,,,,,,,,,0,,,,,,,,,,,,,,,,
2026-04-07,Online Banking payment - 6357,OUTDOOR GEAR,-183.98,"2,717.27",,,,,,,,,,,,,,,,,,,,,,,,,,,,,,,,,183.98,,,,,,,,,,,,,,,0,,,,,,,,,,,,,,,,
2026-04-07,AMX DEP12233920,,609.56,"3,326.83",,-609.56,,,,,,,,,,,,,,,,,,,,,,,,,,,,,,,,,,,,,,,,,,,,,,0,,,,,,,,,,,,,,,,
2026-04-07,LOAN PAYMENT,,-5000,"-1,673.17",,,,,,,,,,,,,,,,,,,,,,,,,,,5000,,,,,,,,,,,,,,,,,,,,,0,,TRF-045,CAN 1050 CAD$,N,-3635,,,,,,,,,,,91
2026-04-07,MC DEP 12233920,,110.25,"-1,562.92",,-110.25,,,,,,,,,,,,,,,,,,,,,,,,,,,,,,,,,,,,,,,,,,,,,,0,,,,,,,,,,,,,,,,
2026-04-07,MC FEE 12233920,,-1.55,"-1,564.47",,,,,,,,,,,,,,,,,,,1.55,,,,,,,,,,,,,,,,,,,,,,,,,,,,,0,,,,,,,,,,,,,,,,
2026-04-07,VSA DEP12233920,,779.56,-784.91,,-779.56,,,,,,,,,,,,,,,,,,,,,,,,,,,,,,,,,,,,,,,,,,,,,,0,,,,,,,,,,,,,,,,
2026-04-07,VSA DEP12374336,,2192.59,"1,407.68",,-2192.59,,,,,,,,,,,,,,,,,,,,,,,,,,,,,,,,,,,,,,,,,,,,,,0,,,,,,,,,,,,,,,,
2026-04-07,VSA FEE12233920,,-13.06,"1,394.62",,,,,,,,,,,,,,,,,,,13.06,,,,,,,,,,,,,,,,,,,,,,,,,,,,,0,,,,,,,,,,,,,,,,
2026-04-08,Direct Deposits (PDS) service total,GRADS8318600000,-1245.64,148.98,,,,,,,,,,,,,,,,,,,1245.64,,,,,,,,,,,,,,,,,,,,,,,,,,,,,0,,,,,,,,,,,,,,,,
2026-04-08,Payroll Deposit,PAYROLL,-26231.93,"-26,082.95",,,,,,,,,,,,,,,,,,,26231.93,,,,,,,,,,,,,,,,,,,,,,,,,,,,,0,,,,,,,,,,,,,,,,
2026-04-08,Activity fee,,-346,"-26,428.95",,,,,,,,,,,,,,,,,,,346,,,,,,,,,,,,,,,,,,,,,,,,,,,,,0,,,,,,,,,,,,,,,,
2026-04-08,Expired INTERAC e-Transfer credit,,945,"-25,483.95",,-945,,,,,,,,,,,,,,,,,,,,,,,,,,,,,,,,,,,,,,,,,,,,,,0,,,,,,,,,,,,,,,,
2026-04-08,INTERAC e-Transfer reclaim fee,,-5,"-25,488.95",,,,,,,,,,,,,,,,,,,5,,,,,,,,,,,,,,,,,,,,,,,,,,,,,0,,,,,,,,,,,,,,,,
2026-04-08,MC DEP 12374336,,2403.01,"-23,085.94",,-2403.01,,,,,,,,,,,,,,,,,,,,,,,,,,,,,,,,,,,,,,,,,,,,,,0,,,,,,,,,,,,,,,,
2026-04-08,MC FEE 12233920,,-0.06,"-23,086.00",,,,,,,,,,,,,,,,,,,0.06,,,,,,,,,,,,,,,,,,,,,,,,,,,,,0,,,,,,,,,,,,,,,,
2026-04-08,VSA DEP12233920,,4907.73,"-18,178.27",,-4907.73,,,,,,,,,,,,,,,,,,,,,,,,,,,,,,,,,,,,,,,,,,,,,,0,,,,,,,,,,,,,,,,
2026-04-08,VSA DEP12374336,,-219.26,"-18,397.53",,219.26,,,,,,,,,,,,,,,,,,,,,,,,,,,,,,,,,,,,,,,,,,,,,,0,,,,,,,,,,,,,,,,
2026-04-08,VSA FEE12233920,,-102.77,"-18,500.30",,,,,,,,,,,,,,,,,,,102.77,,,,,,,,,,,,,,,,,,,,,,,,,,,,,0,,,,,,,,,,,,,,,,
2026-04-09,Bill Payment,FortisBC Energy,-589.03,"-19,089.33",,,,,,,,,,,,,,,,,,,589.03,,,,,,,,,,,,,,,,,,,,,,,,,,,,,0,,,,,,,,,,,,,,,,
2026-04-09,Misc Payment,PAYPAL,2698.37,"-16,390.96",,-2698.37,,,,,,,,,,,,,,,,,,,,,,,,,,,,,,,,,,,,,,,,,,,,,,0,,,,,,,,,,,,,,,,
2026-04-09,e-Transfer sent,Remy's e-transfer,-9154.64,"-25,545.60",,,,,,,,,,,,,,,,,,,9154.64,,,,,,,,,,,,,,,,,,,,,,,,,,,,,0,,,,,,,,,,,,,,,,
2026-04-09,LOAN CREDIT,,20000,"-5,545.60",,,,,,,,,,,,,,,,,,,,,,,,,,-20000,,,,,,,,,,,,,,,,,,,,,,0,,TRF-046,CAN 1050 CAD$,N,14540,,,,,,,,,,,92
2026-04-09,MC DEP 12233920,,26.07,"-5,519.53",,-26.07,,,,,,,,,,,,,,,,,,,,,,,,,,,,,,,,,,,,,,,,,,,,,,0,,,,,,,,,,,,,,,,
2026-04-09,MC FEE 12233920,,-0.67,"-5,520.20",,,,,,,,,,,,,,,,,,,0.67,,,,,,,,,,,,,,,,,,,,,,,,,,,,,0,,,,,,,,,,,,,,,,
2026-04-09,VSA DEP12233920,,5675.03,154.83,,-5675.03,,,,,,,,,,,,,,,,,,,,,,,,,,,,,,,,,,,,,,,,,,,,,,0,,,,,,,,,,,,,,,,
2026-04-09,VSA FEE12233920,,-108.28,46.55,,,,,,,,,,,,,,,,,,,108.28,,,,,,,,,,,,,,,,,,,,,,,,,,,,,0,,,,,,,,,,,,,,,,
2026-04-10,Misc Payment,HSA CAD CAN,-402.24,-355.69,,,,,,,,,,,,,,,,,,,402.24,,,,,,,,,,,,,,,,,,,,,,,,,,,,,0,,,,,,,,,,,,,,,,
2026-04-10,AMX DEP12233920,,1229.94,874.25,,-1229.94,,,,,,,,,,,,,,,,,,,,,,,,,,,,,,,,,,,,,,,,,,,,,,0,,,,,,,,,,,,,,,,
2026-04-10,EF0410 12374336,,349.89,"1,224.14",,-349.89,,,,,,,,,,,,,,,,,,,,,,,,,,,,,,,,,,,,,,,,,,,,,,0,,,,,,,,,,,,,,,,
2026-04-10,MC FEE 12233920,,-0.05,"1,224.09",,,,,,,,,,,,,,,,,,,0.05,,,,,,,,,,,,,,,,,,,,,,,,,,,,,0,,,,,,,,,,,,,,,,
2026-04-10,Online transfer sent - 3976,,-8000,"-6,775.91",,,,,,,,,,,,,,,,,,,8000,,,,,,,,,,,,,,,,,,,,,,,,,,,,,0,,,,,,,,,,,,,,,,
2026-04-10,VSA DEP12233920,,2549.52,"-4,226.39",,-2549.52,,,,,,,,,,,,,,,,,,,,,,,,,,,,,,,,,,,,,,,,,,,,,,0,,,,,,,,,,,,,,,,
2026-04-10,VSA DEP12374336,,136.26,"-4,090.13",,-136.26,,,,,,,,,,,,,,,,,,,,,,,,,,,,,,,,,,,,,,,,,,,,,,0,,,,,,,,,,,,,,,,
2026-04-10,VSA FEE12233920,,-51.95,"-4,142.08",,,,,,,,,,,,,,,,,,,51.95,,,,,,,,,,,,,,,,,,,,,,,,,,,,,0,,,,,,,,,,,,,,,,
2026-04-13,Misc Payment,HSA CAD CAN,-137.91,"-4,279.99",,,,,,,,,,,,,,,,,,,137.91,,,,,,,,,,,,,,,,,,,,,,,,,,,,,0,,,,,,,,,,,,,,,,
2026-04-13,Misc Payment,PAYPAL,79.38,"-4,200.61",,-79.38,,,,,,,,,,,,,,,,,,,,,,,,,,,,,,,,,,,,,,,,,,,,,,0,,,,,,,,,,,,,,,,
2026-04-13,LOAN CREDIT,,5000,799.39,,,,,,,,,,,,,,,,,,,,,,,,,,-5000,,,,,,,,,,,,,,,,,,,,,,0,,TRF-047,CAN 1050 CAD$,N,3635,,,,,,,,,,,93
2026-04-13,MC DEP 12233920,,1280.65,"2,080.04",,-1280.65,,,,,,,,,,,,,,,,,,,,,,,,,,,,,,,,,,,,,,,,,,,,,,0,,,,,,,,,,,,,,,,
2026-04-13,MC DEP 12233920,,1557.67,"3,637.71",,-1557.67,,,,,,,,,,,,,,,,,,,,,,,,,,,,,,,,,,,,,,,,,,,,,,0,,,,,,,,,,,,,,,,
2026-04-13,MC DEP 12374336,,24.14,"3,661.85",,-24.14,,,,,,,,,,,,,,,,,,,,,,,,,,,,,,,,,,,,,,,,,,,,,,0,,,,,,,,,,,,,,,,
2026-04-13,MC FEE 12233920,,-29.64,"3,632.21",,,,,,,,,,,,,,,,,,,29.64,,,,,,,,,,,,,,,,,,,,,,,,,,,,,0,,,,,,,,,,,,,,,,
2026-04-13,MC FEE 12233920,,-26,"3,606.21",,,,,,,,,,,,,,,,,,,26,,,,,,,,,,,,,,,,,,,,,,,,,,,,,0,,,,,,,,,,,,,,,,
2026-04-13,Online transfer sent - 0643,,-8000,"-4,393.79",,,,,,,,,,,,,,,,,,,8000,,,,,,,,,,,,,,,,,,,,,,,,,,,,,0,,,,,,,,,,,,,,,,
2026-04-13,VSA DEP12233920,,4917.08,523.29,,-4917.08,,,,,,,,,,,,,,,,,,,,,,,,,,,,,,,,,,,,,,,,,,,,,,0,,,,,,,,,,,,,,,,
2026-04-13,VSA DEP12233920,,4090.4,"4,613.69",,-4090.4,,,,,,,,,,,,,,,,,,,,,,,,,,,,,,,,,,,,,,,,,,,,,,0,,,,,,,,,,,,,,,,
2026-04-13,VSA DEP12233920,,1756.91,"6,370.60",,-1756.91,,,,,,,,,,,,,,,,,,,,,,,,,,,,,,,,,,,,,,,,,,,,,,0,,,,,,,,,,,,,,,,
2026-04-13,VSA FEE12233920,,-34.03,"6,336.57",,,,,,,,,,,,,,,,,,,34.03,,,,,,,,,,,,,,,,,,,,,,,,,,,,,0,,,,,,,,,,,,,,,,
2026-04-13,VSA FEE12233920,,-64.12,"6,272.45",,,,,,,,,,,,,,,,,,,64.12,,,,,,,,,,,,,,,,,,,,,,,,,,,,,0,,,,,,,,,,,,,,,,
2026-04-13,VSA FEE12233920,,-96.28,"6,176.17",,,,,,,,,,,,,,,,,,,96.28,,,,,,,,,,,,,,,,,,,,,,,,,,,,,0,,,,,,,,,,,,,,,,
2026-04-14,Online Banking payment - 7479,CYCLES LAMBERT,-714.04,"5,462.13",,,,,,,,,,,,,,,,,,,,,,,,,,,,,,,,,714.04,,,,,,,,,,,,,,,0,,,,,,,,,,,,,,,,
2026-04-14,Payroll Deposit,INTUIT 10510834,-2594.32,"2,867.81",,,,,,,,,,,,,,,,,,,2594.32,,,,,,,,,,,,,,,,,,,,,,,,,,,,,0,,,,,,,,,,,,,,,,
2026-04-14,Payroll Deposit,INTUIT 10510834,-1511.26,"1,356.55",,,,,,,,,,,,,,,,,,,1511.26,,,,,,,,,,,,,,,,,,,,,,,,,,,,,0,,,,,,,,,,,,,,,,
2026-04-14,Payroll Deposit,INTUIT 10510834,-2096.76,-740.21,,,,,,,,,,,,,,,,,,,2096.76,,,,,,,,,,,,,,,,,,,,,,,,,,,,,0,,,,,,,,,,,,,,,,
2026-04-14,Payroll Deposit,INTUIT 10510834,-1550.16,"-2,290.37",,,,,,,,,,,,,,,,,,,1550.16,,,,,,,,,,,,,,,,,,,,,,,,,,,,,0,,,,,,,,,,,,,,,,
2026-04-14,Payroll Deposit,INTUIT 10510834,-928.09,"-3,218.46",,,,,,,,,,,,,,,,,,,928.09,,,,,,,,,,,,,,,,,,,,,,,,,,,,,0,,,,,,,,,,,,,,,,
2026-04-14,Payroll Deposit,INTUIT 10510834,-1970.11,"-5,188.57",,,,,,,,,,,,,,,,,,,1970.11,,,,,,,,,,,,,,,,,,,,,,,,,,,,,0,,,,,,,,,,,,,,,,
2026-04-14,Payroll Deposit,INTUIT 10510834,-1843.86,"-7,032.43",,,,,,,,,,,,,,,,,,,1843.86,,,,,,,,,,,,,,,,,,,,,,,,,,,,,0,,,,,,,,,,,,,,,,
2026-04-14,Payroll Deposit,INTUIT 10510834,-2335.65,"-9,368.08",,,,,,,,,,,,,,,,,,,2335.65,,,,,,,,,,,,,,,,,,,,,,,,,,,,,0,,,,,,,,,,,,,,,,
2026-04-14,Payroll Deposit,INTUIT 10510834,-2096.24,"-11,464.32",,,,,,,,,,,,,,,,,,,2096.24,,,,,,,,,,,,,,,,,,,,,,,,,,,,,0,,,,,,,,,,,,,,,,
2026-04-14,Payroll Deposit,INTUIT 10510834,-2728.21,"-14,192.53",,,,,,,,,,,,,,,,,,,2728.21,,,,,,,,,,,,,,,,,,,,,,,,,,,,,0,,,,,,,,,,,,,,,,
2026-04-14,Payroll Deposit,INTUIT 10510834,-1843.86,"-16,036.39",,,,,,,,,,,,,,,,,,,1843.86,,,,,,,,,,,,,,,,,,,,,,,,,,,,,0,,,,,,,,,,,,,,,,
2026-04-14,Payroll Deposit,INTUIT 10510834,-2219.18,"-18,255.57",,,,,,,,,,,,,,,,,,,2219.18,,,,,,,,,,,,,,,,,,,,,,,,,,,,,0,,,,,,,,,,,,,,,,
2026-04-14,Payroll Deposit,INTUIT 10510834,-1874.31,"-20,129.88",,,,,,,,,,,,,,,,,,,1874.31,,,,,,,,,,,,,,,,,,,,,,,,,,,,,0,,,,,,,,,,,,,,,,
2026-04-14,Payroll Deposit,INTUIT 10510834,-1739.32,"-21,869.20",,,,,,,,,,,,,,,,,,,1739.32,,,,,,,,,,,,,,,,,,,,,,,,,,,,,0,,,,,,,,,,,,,,,,
2026-04-14,Payroll Deposit,INTUIT 10510834,-1956.97,"-23,826.17",,,,,,,,,,,,,,,,,,,1956.97,,,,,,,,,,,,,,,,,,,,,,,,,,,,,0,,,,,,,,,,,,,,,,
2026-04-14,Payroll Deposit,INTUIT 10510834,-1397.61,"-25,223.78",,,,,,,,,,,,,,,,,,,1397.61,,,,,,,,,,,,,,,,,,,,,,,,,,,,,0,,,,,,,,,,,,,,,,
2026-04-14,Payroll Deposit,INTUIT 10510834,-1797.07,"-27,020.85",,,,,,,,,,,,,,,,,,,1797.07,,,,,,,,,,,,,,,,,,,,,,,,,,,,,0,,,,,,,,,,,,,,,,
2026-04-14,Payroll Deposit,INTUIT 10510834,-1753.35,"-28,774.20",,,,,,,,,,,,,,,,,,,1753.35,,,,,,,,,,,,,,,,,,,,,,,,,,,,,0,,,,,,,,,,,,,,,,
2026-04-14,Payroll Deposit,INTUIT 10510834,-1445.43,"-30,219.63",,,,,,,,,,,,,,,,,,,1445.43,,,,,,,,,,,,,,,,,,,,,,,,,,,,,0,,,,,,,,,,,,,,,,
2026-04-14,Misc Payment,RBC CREDIT CARD,-17731.69,"-47,951.32",,,,,,,,,,,,,,,,,,,,,,,,,,,,17731.69,,,,,,,,,,,,,,,,,,,,0,,TRF-V4-009,CAN 2110 CAD,,,,,,,,,,,,,94
2026-04-14,Misc Payment,RBC CREDIT CARD,-1673.41,"-49,624.73",,,,,,,,,,,,,,,,,,,,,,,,,,,,1673.41,,,,,,,,,,,,,,,,,,,,0,,TRF-V7-006,CAN 2190 CAD,,,,,,,,,,,,,95
2026-04-14,Misc Payment,RBC CREDIT CARD,-9.1,"-49,633.83",,,,,,,,,,,,,,,,,,,,,,,,,,,,9.1,,,,,,,,,,,,,,,,,,,,0,,TRF-V5-010,CAN 2130 CAD,,,,,,,,,,,,,96
2026-04-14,EF0414 12374336,,116.11,"-49,517.72",,-116.11,,,,,,,,,,,,,,,,,,,,,,,,,,,,,,,,,,,,,,,,,,,,,,0,,,,,,,,,,,,,,,,
2026-04-14,LOAN PAYMENT,,-5000,"-54,517.72",,,,,,,,,,,,,,,,,,,,,,,,,,,5000,,,,,,,,,,,,,,,,,,,,,0,,TRF-048,CAN 1050 CAD$,N,-3635,,,,,,,,,,,97
2026-04-14,MC DEP 12374336,,110.43,"-54,407.29",,-110.43,,,,,,,,,,,,,,,,,,,,,,,,,,,,,,,,,,,,,,,,,,,,,,0,,,,,,,,,,,,,,,,
2026-04-14,VSA DEP12233920,,6431.06,"-47,976.23",,-6431.06,,,,,,,,,,,,,,,,,,,,,,,,,,,,,,,,,,,,,,,,,,,,,,0,,,,,,,,,,,,,,,,
2026-04-14,VSA DEP12374336,,304.09,"-47,672.14",,-304.09,,,,,,,,,,,,,,,,,,,,,,,,,,,,,,,,,,,,,,,,,,,,,,0,,,,,,,,,,,,,,,,
2026-04-14,VSA FEE12233920,,-116.15,"-47,788.29",,,,,,,,,,,,,,,,,,,116.15,,,,,,,,,,,,,,,,,,,,,,,,,,,,,0,,,,,,,,,,,,,,,,
2026-04-15,Misc Payment,HSA CAD CAN,-153.23,"-47,941.52",,,,,,,,,,,,,,,,,,,153.23,,,,,,,,,,,,,,,,,,,,,,,,,,,,,0,,,,,,,,,,,,,,,,
2026-04-15,Web payment,WIRE7610504817,-2201.95,"-50,143.47",,,,,,,,,,,,,,,,,,,,,,,,,,,,,,,,,2201.95,,,,,,,,,,,,,,,0,,,,,,,,,,,,,,,,
2026-04-15,AMX DEP12233920,,152.01,"-49,991.46",,-152.01,,,,,,,,,,,,,,,,,,,,,,,,,,,,,,,,,,,,,,,,,,,,,,0,,,,,,,,,,,,,,,,
2026-04-15,LOAN CREDIT,,50000,8.54,,,,,,,,,,,,,,,,,,,,,,,,,,-50000,,,,,,,,,,,,,,,,,,,,,,0,,TRF-049,CAN 1050 CAD$,N,36350,,,,,,,,,,,98
2026-04-15,MC FEE 12233920,,-0.03,8.51,,,,,,,,,,,,,,,,,,,0.03,,,,,,,,,,,,,,,,,,,,,,,,,,,,,0,,,,,,,,,,,,,,,,
2026-04-15,VSA DEP12233920,,8972.22,"8,980.73",,-8972.22,,,,,,,,,,,,,,,,,,,,,,,,,,,,,,,,,,,,,,,,,,,,,,0,,,,,,,,,,,,,,,,
2026-04-15,VSA FEE12233920,,-182.85,"8,797.88",,,,,,,,,,,,,,,,,,,182.85,,,,,,,,,,,,,,,,,,,,,,,,,,,,,0,,,,,,,,,,,,,,,,
2026-04-16,Misc Payment,PAYPAL,777.75,"9,575.63",,-777.75,,,,,,,,,,,,,,,,,,,,,,,,,,,,,,,,,,,,,,,,,,,,,,0,,,,,,,,,,,,,,,,
2026-04-16,AMX DEP12233920,,610.43,"10,186.06",,-610.43,,,,,,,,,,,,,,,,,,,,,,,,,,,,,,,,,,,,,,,,,,,,,,0,,,,,,,,,,,,,,,,
2026-04-16,AMX DEP12374336,,2172.45,"12,358.51",,-2172.45,,,,,,,,,,,,,,,,,,,,,,,,,,,,,,,,,,,,,,,,,,,,,,0,,,,,,,,,,,,,,,,
2026-04-16,EF0416 12374336,,72.02,"12,430.53",,-72.02,,,,,,,,,,,,,,,,,,,,,,,,,,,,,,,,,,,,,,,,,,,,,,0,,,,,,,,,,,,,,,,
2026-04-16,LOAN PAYMENT,,-5000,"7,430.53",,,,,,,,,,,,,,,,,,,,,,,,,,,5000,,,,,,,,,,,,,,,,,,,,,0,,TRF-050,CAN 1050 CAD$,N,-3635,,,,,,,,,,,99
2026-04-16,MC DEP 12233920,,3773.65,"11,204.18",,-3773.65,,,,,,,,,,,,,,,,,,,,,,,,,,,,,,,,,,,,,,,,,,,,,,0,,,,,,,,,,,,,,,,
2026-04-16,MC DEP 12374336,,74.59,"11,278.77",,-74.59,,,,,,,,,,,,,,,,,,,,,,,,,,,,,,,,,,,,,,,,,,,,,,0,,,,,,,,,,,,,,,,
2026-04-16,MC FEE 12233920,,-84.38,"11,194.39",,,,,,,,,,,,,,,,,,,84.38,,,,,,,,,,,,,,,,,,,,,,,,,,,,,0,,,,,,,,,,,,,,,,
2026-04-16,VSA DEP12233920,,6542.96,"17,737.35",,-6542.96,,,,,,,,,,,,,,,,,,,,,,,,,,,,,,,,,,,,,,,,,,,,,,0,,,,,,,,,,,,,,,,
2026-04-16,VSA DEP12374336,,22.39,"17,759.74",,-22.39,,,,,,,,,,,,,,,,,,,,,,,,,,,,,,,,,,,,,,,,,,,,,,0,,,,,,,,,,,,,,,,
2026-04-16,VSA FEE12233920,,-161.57,"17,598.17",,,,,,,,,,,,,,,,,,,161.57,,,,,,,,,,,,,,,,,,,,,,,,,,,,,0,,,,,,,,,,,,,,,,
2026-04-17,Misc Payment,HSA CAD CAN,-413.67,"17,184.50",,,,,,,,,,,,,,,,,,,413.67,,,,,,,,,,,,,,,,,,,,,,,,,,,,,0,,,,,,,,,,,,,,,,
2026-04-17,AMX DEP12233920,,239.44,"17,423.94",,-239.44,,,,,,,,,,,,,,,,,,,,,,,,,,,,,,,,,,,,,,,,,,,,,,0,,,,,,,,,,,,,,,,
2026-04-17,AMX DEP12374336,,50.4,"17,474.34",,-50.4,,,,,,,,,,,,,,,,,,,,,,,,,,,,,,,,,,,,,,,,,,,,,,0,,,,,,,,,,,,,,,,
2026-04-17,ATM deposit - BC708621,,146.23,"17,620.57",,,,,,,,,,,,,,,,,,,-146.23,,,,,,,,,,,,,,,,,,,,,,,,,,,,,0,,,,,,,,,,,,,,,,
2026-04-17,LOAN PAYMENT,,-15000,"2,620.57",,,,,,,,,,,,,,,,,,,,,,,,,,,15000,,,,,,,,,,,,,,,,,,,,,0,,TRF-051,CAN 1050 CAD$,N,-10905,,,,,,,,,,,100
2026-04-17,MC DEP 12233920,,4148.98,"6,769.55",,-4148.98,,,,,,,,,,,,,,,,,,,,,,,,,,,,,,,,,,,,,,,,,,,,,,0,,,,,,,,,,,,,,,,
2026-04-17,MC FEE 12233920,,-86.95,"6,682.60",,,,,,,,,,,,,,,,,,,86.95,,,,,,,,,,,,,,,,,,,,,,,,,,,,,0,,,,,,,,,,,,,,,,
2026-04-17,VSA DEP12233920,,2287.09,"8,969.69",,-2287.09,,,,,,,,,,,,,,,,,,,,,,,,,,,,,,,,,,,,,,,,,,,,,,0,,,,,,,,,,,,,,,,
2026-04-17,VSA DEP12374336,,118.65,"9,088.34",,-118.65,,,,,,,,,,,,,,,,,,,,,,,,,,,,,,,,,,,,,,,,,,,,,,0,,,,,,,,,,,,,,,,
2026-04-17,VSA FEE12233920,,-43.9,"9,044.44",,,,,,,,,,,,,,,,,,,43.9,,,,,,,,,,,,,,,,,,,,,,,,,,,,,0,,,,,,,,,,,,,,,,
2026-04-20,e-Transfer sent,Mark Matthews,-2540.12,"6,504.32",,,,,,,,,,,,,,,,,,,2540.12,,,,,,,,,,,,,,,,,,,,,,,,,,,,,0,,,,,,,,,,,,,,,,
2026-04-20,Misc Payment,PAYPAL,3737.27,"10,241.59",,-3737.27,,,,,,,,,,,,,,,,,,,,,,,,,,,,,,,,,,,,,,,,,,,,,,0,,,,,,,,,,,,,,,,
2026-04-20,EF0420 12374336,,33.59,"10,275.18",,-33.59,,,,,,,,,,,,,,,,,,,,,,,,,,,,,,,,,,,,,,,,,,,,,,0,,,,,,,,,,,,,,,,
2026-04-20,LOAN PAYMENT,,-5000,"5,275.18",,,,,,,,,,,,,,,,,,,,,,,,,,,5000,,,,,,,,,,,,,,,,,,,,,0,,TRF-052,CAN 1050 CAD$,N,-3635,,,,,,,,,,,101
2026-04-20,MC DEP 12233920,,4386.36,"9,661.54",,-4386.36,,,,,,,,,,,,,,,,,,,,,,,,,,,,,,,,,,,,,,,,,,,,,,0,,,,,,,,,,,,,,,,
2026-04-20,MC DEP 12374336,,447.99,"10,109.53",,-447.99,,,,,,,,,,,,,,,,,,,,,,,,,,,,,,,,,,,,,,,,,,,,,,0,,,,,,,,,,,,,,,,
2026-04-20,MC FEE 12233920,,-0.95,"10,108.58",,,,,,,,,,,,,,,,,,,0.95,,,,,,,,,,,,,,,,,,,,,,,,,,,,,0,,,,,,,,,,,,,,,,
2026-04-20,MC FEE 12233920,,-103.3,"10,005.28",,,,,,,,,,,,,,,,,,,103.3,,,,,,,,,,,,,,,,,,,,,,,,,,,,,0,,,,,,,,,,,,,,,,
2026-04-20,VSA DEP12233920,,3431.42,"13,436.70",,-3431.42,,,,,,,,,,,,,,,,,,,,,,,,,,,,,,,,,,,,,,,,,,,,,,0,,,,,,,,,,,,,,,,
2026-04-20,VSA DEP12374336,,20.06,"13,456.76",,-20.06,,,,,,,,,,,,,,,,,,,,,,,,,,,,,,,,,,,,,,,,,,,,,,0,,,,,,,,,,,,,,,,
2026-04-20,VSA FEE12233920,,-0.42,"13,456.34",,,,,,,,,,,,,,,,,,,0.42,,,,,,,,,,,,,,,,,,,,,,,,,,,,,0,,,,,,,,,,,,,,,,
2026-04-20,VSA FEE12233920,,-77.55,"13,378.79",,,,,,,,,,,,,,,,,,,77.55,,,,,,,,,,,,,,,,,,,,,,,,,,,,,0,,,,,,,,,,,,,,,,
2026-04-21,Other loan,Loan interest,-438.82,"12,939.97",,,,,,,,,,,,,,,,,,,438.82,,,,,,,,,,,,,,,,,,,,,,,,,,,,,0,,,,,,,,,,,,,,,,
2026-04-21,LOAN PAYMENT,,-10000,"2,939.97",,,,,,,,,,,,,,,,,,,,,,,,,,,10000,,,,,,,,,,,,,,,,,,,,,0,,TRF-053,CAN 1050 CAD$,N,-7270,,,,,,,,,,,102
2026-04-21,MC DEP 12233920,,140.7,"3,080.67",,-140.7,,,,,,,,,,,,,,,,,,,,,,,,,,,,,,,,,,,,,,,,,,,,,,0,,,,,,,,,,,,,,,,
2026-04-21,MC DEP 12374336,,427,"3,507.67",,-427,,,,,,,,,,,,,,,,,,,,,,,,,,,,,,,,,,,,,,,,,,,,,,0,,,,,,,,,,,,,,,,
2026-04-21,MC FEE 12233920,,-2.99,"3,504.68",,,,,,,,,,,,,,,,,,,2.99,,,,,,,,,,,,,,,,,,,,,,,,,,,,,0,,,,,,,,,,,,,,,,
2026-04-21,VSA DEP12233920,,4118.48,"7,623.16",,-4118.48,,,,,,,,,,,,,,,,,,,,,,,,,,,,,,,,,,,,,,,,,,,,,,0,,,,,,,,,,,,,,,,
2026-04-21,VSA FEE12233920,,-79.31,"7,543.85",,,,,,,,,,,,,,,,,,,79.31,,,,,,,,,,,,,,,,,,,,,,,,,,,,,0,,,,,,,,,,,,,,,,
2026-04-22,Online Banking payment - 2088,CUMBERLAND-UTIL,-440.35,"7,103.50",,,,,,,,,,,,,,,,,,,,,,,,,,,,,,,,,440.35,,,,,,,,,,,,,,,0,,,,,,,,,,,,,,,,
2026-04-22,Misc Payment,HSA CAD CAN,-134.2,"6,969.30",,,,,,,,,,,,,,,,,,,134.2,,,,,,,,,,,,,,,,,,,,,,,,,,,,,0,,,,,,,,,,,,,,,,
2026-04-22,EF0422 12374336,,224,"7,193.30",,-224,,,,,,,,,,,,,,,,,,,,,,,,,,,,,,,,,,,,,,,,,,,,,,0,,,,,,,,,,,,,,,,
2026-04-22,LOAN PAYMENT,,-5000,"2,193.30",,,,,,,,,,,,,,,,,,,,,,,,,,,5000,,,,,,,,,,,,,,,,,,,,,0,,TRF-054,CAN 1050 CAD$,N,-3635,,,,,,,,,,,103
2026-04-22,MC DEP 12233920,,153.86,"2,347.16",,-153.86,,,,,,,,,,,,,,,,,,,,,,,,,,,,,,,,,,,,,,,,,,,,,,0,,,,,,,,,,,,,,,,
2026-04-22,MC DEP 12374336,,38.42,"2,385.58",,-38.42,,,,,,,,,,,,,,,,,,,,,,,,,,,,,,,,,,,,,,,,,,,,,,0,,,,,,,,,,,,,,,,
2026-04-22,MC FEE 12233920,,-3.83,"2,381.75",,,,,,,,,,,,,,,,,,,3.83,,,,,,,,,,,,,,,,,,,,,,,,,,,,,0,,,,,,,,,,,,,,,,
2026-04-22,VSA DEP12233920,,1581.68,"3,963.43",,-1581.68,,,,,,,,,,,,,,,,,,,,,,,,,,,,,,,,,,,,,,,,,,,,,,0,,,,,,,,,,,,,,,,
2026-04-22,VSA DEP12374336,,30.22,"3,993.65",,-30.22,,,,,,,,,,,,,,,,,,,,,,,,,,,,,,,,,,,,,,,,,,,,,,0,,,,,,,,,,,,,,,,
2026-04-22,VSA FEE12233920,,-30.65,"3,963.00",,,,,,,,,,,,,,,,,,,30.65,,,,,,,,,,,,,,,,,,,,,,,,,,,,,0,,,,,,,,,,,,,,,,
2026-04-23,Misc Payment,PAYPAL,3418.06,"7,381.06",,-3418.06,,,,,,,,,,,,,,,,,,,,,,,,,,,,,,,,,,,,,,,,,,,,,,0,,,,,,,,,,,,,,,,
2026-04-23,AMX DEP12233920,,1364.63,"8,745.69",,-1364.63,,,,,,,,,,,,,,,,,,,,,,,,,,,,,,,,,,,,,,,,,,,,,,0,,,,,,,,,,,,,,,,
2026-04-23,EF0423 12374336,,33.58,"8,779.27",,-33.58,,,,,,,,,,,,,,,,,,,,,,,,,,,,,,,,,,,,,,,,,,,,,,0,,,,,,,,,,,,,,,,
2026-04-23,MC DEP 12233920,,2407.09,"11,186.36",,-2407.09,,,,,,,,,,,,,,,,,,,,,,,,,,,,,,,,,,,,,,,,,,,,,,0,,,,,,,,,,,,,,,,
2026-04-23,MC FEE 12233920,,-69.35,"11,117.01",,,,,,,,,,,,,,,,,,,69.35,,,,,,,,,,,,,,,,,,,,,,,,,,,,,0,,,,,,,,,,,,,,,,
2026-04-23,VSA DEP12233920,,1870.73,"12,987.74",,-1870.73,,,,,,,,,,,,,,,,,,,,,,,,,,,,,,,,,,,,,,,,,,,,,,0,,,,,,,,,,,,,,,,
2026-04-23,VSA FEE12233920,,-34.1,"12,953.64",,,,,,,,,,,,,,,,,,,34.1,,,,,,,,,,,,,,,,,,,,,,,,,,,,,0,,,,,,,,,,,,,,,,
2026-04-24,Direct Deposits (PDS) service total,GRADS8318600000,-847.48,"12,106.16",,,,,,,,,,,,,,,,,,,847.48,,,,,,,,,,,,,,,,,,,,,,,,,,,,,0,,,,,,,,,,,,,,,,
2026-04-24,Misc Payment,HSA CAD CAN,-201.12,"11,905.04",,,,,,,,,,,,,,,,,,,201.12,,,,,,,,,,,,,,,,,,,,,,,,,,,,,0,,,,,,,,,,,,,,,,
2026-04-24,EF0424 12374336,,93.08,"11,998.12",,-93.08,,,,,,,,,,,,,,,,,,,,,,,,,,,,,,,,,,,,,,,,,,,,,,0,,,,,,,,,,,,,,,,
2026-04-24,LOAN PAYMENT,,-10000,"1,998.12",,,,,,,,,,,,,,,,,,,,,,,,,,,10000,,,,,,,,,,,,,,,,,,,,,0,,TRF-055,CAN 1050 CAD$,N,-7270,,,,,,,,,,,104
2026-04-24,MC DEP 12233920,,883.2,"2,881.32",,-883.2,,,,,,,,,,,,,,,,,,,,,,,,,,,,,,,,,,,,,,,,,,,,,,0,,,,,,,,,,,,,,,,
2026-04-24,MC FEE 12233920,,-17.94,"2,863.38",,,,,,,,,,,,,,,,,,,17.94,,,,,,,,,,,,,,,,,,,,,,,,,,,,,0,,,,,,,,,,,,,,,,
2026-04-24,VSA DEP12233920,,6865.19,"9,728.57",,-6865.19,,,,,,,,,,,,,,,,,,,,,,,,,,,,,,,,,,,,,,,,,,,,,,0,,,,,,,,,,,,,,,,
2026-04-24,VSA FEE12233920,,-147.97,"9,580.60",,,,,,,,,,,,,,,,,,,147.97,,,,,,,,,,,,,,,,,,,,,,,,,,,,,0,,,,,,,,,,,,,,,,
2026-04-27,Misc Payment,HSA CAD CAN,-547.25,"9,033.35",,,,,,,,,,,,,,,,,,,547.25,,,,,,,,,,,,,,,,,,,,,,,,,,,,,0,,,,,,,,,,,,,,,,
2026-04-27,e-Transfer sent,info@crossbordervisas.com,-1680,"7,353.35",,,,,,,,,,,,,,,,,,,1680,,,,,,,,,,,,,,,,,,,,,,,,,,,,,0,,,,,,,,,,,,,,,,
2026-04-27,Misc Payment,PAYPAL,2822.34,"10,175.69",,-2822.34,,,,,,,,,,,,,,,,,,,,,,,,,,,,,,,,,,,,,,,,,,,,,,0,,,,,,,,,,,,,,,,
2026-04-27,EF0427 12374336,,65.78,"10,241.47",,-65.78,,,,,,,,,,,,,,,,,,,,,,,,,,,,,,,,,,,,,,,,,,,,,,0,,,,,,,,,,,,,,,,
2026-04-27,LOAN PAYMENT,,-5000,"5,241.47",,,,,,,,,,,,,,,,,,,,,,,,,,,5000,,,,,,,,,,,,,,,,,,,,,0,,TRF-056,CAN 1050 CAD$,N,-3635,,,,,,,,,,,105
2026-04-27,MC DEP 12233920,,3175.94,"8,417.41",,-3175.94,,,,,,,,,,,,,,,,,,,,,,,,,,,,,,,,,,,,,,,,,,,,,,0,,,,,,,,,,,,,,,,
2026-04-27,MC DEP 12233920,,-38.63,"8,378.78",,38.63,,,,,,,,,,,,,,,,,,,,,,,,,,,,,,,,,,,,,,,,,,,,,,0,,,,,,,,,,,,,,,,
2026-04-27,MC DEP 12374336,,13.43,"8,392.21",,-13.43,,,,,,,,,,,,,,,,,,,,,,,,,,,,,,,,,,,,,,,,,,,,,,0,,,,,,,,,,,,,,,,
2026-04-27,MC FEE 12233920,,-0.13,"8,392.08",,,,,,,,,,,,,,,,,,,0.13,,,,,,,,,,,,,,,,,,,,,,,,,,,,,0,,,,,,,,,,,,,,,,
2026-04-27,MC FEE 12233920,,-70.62,"8,321.46",,,,,,,,,,,,,,,,,,,70.62,,,,,,,,,,,,,,,,,,,,,,,,,,,,,0,,,,,,,,,,,,,,,,
2026-04-27,MC FEE 12233920,,0.51,"8,321.97",,,,,,,,,,,,,,,,,,,-0.51,,,,,,,,,,,,,,,,,,,,,,,,,,,,,0,,,,,,,,,,,,,,,,
2026-04-27,VSA DEP12233920,,743.94,"9,065.91",,-743.94,,,,,,,,,,,,,,,,,,,,,,,,,,,,,,,,,,,,,,,,,,,,,,0,,,,,,,,,,,,,,,,
2026-04-27,VSA DEP12233920,,739.62,"9,805.53",,-739.62,,,,,,,,,,,,,,,,,,,,,,,,,,,,,,,,,,,,,,,,,,,,,,0,,,,,,,,,,,,,,,,
2026-04-27,VSA DEP12233920,,1548.37,"11,353.90",,-1548.37,,,,,,,,,,,,,,,,,,,,,,,,,,,,,,,,,,,,,,,,,,,,,,0,,,,,,,,,,,,,,,,
2026-04-27,VSA DEP12374336,,39.2,"11,393.10",,-39.2,,,,,,,,,,,,,,,,,,,,,,,,,,,,,,,,,,,,,,,,,,,,,,0,,,,,,,,,,,,,,,,
2026-04-27,VSA FEE12233920,,-14.56,"11,378.54",,,,,,,,,,,,,,,,,,,14.56,,,,,,,,,,,,,,,,,,,,,,,,,,,,,0,,,,,,,,,,,,,,,,
2026-04-27,VSA FEE12233920,,-14.31,"11,364.23",,,,,,,,,,,,,,,,,,,14.31,,,,,,,,,,,,,,,,,,,,,,,,,,,,,0,,,,,,,,,,,,,,,,
2026-04-27,VSA FEE12233920,,-35.36,"11,328.87",,,,,,,,,,,,,,,,,,,35.36,,,,,,,,,,,,,,,,,,,,,,,,,,,,,0,,,,,,,,,,,,,,,,
2026-04-28,Tax Refund,CANADA,113952.94,"125,281.81",,,,,,,,,,,,,,,,,,,-113952.94,,,,,,,,,,,,,,,,,,,,,,,,,,,,,0,,,,,,,,,,,,,,,,
2026-04-28,Payroll Deposit,INTUIT 10679525,-1445.43,"123,836.38",,,,,,,,,,,,,,,,,,,1445.43,,,,,,,,,,,,,,,,,,,,,,,,,,,,,0,,,,,,,,,,,,,,,,
2026-04-28,Payroll Deposit,INTUIT 10679525,-2219.18,"121,617.20",,,,,,,,,,,,,,,,,,,2219.18,,,,,,,,,,,,,,,,,,,,,,,,,,,,,0,,,,,,,,,,,,,,,,
2026-04-28,Payroll Deposit,INTUIT 10679525,-1397.61,"120,219.59",,,,,,,,,,,,,,,,,,,1397.61,,,,,,,,,,,,,,,,,,,,,,,,,,,,,0,,,,,,,,,,,,,,,,
2026-04-28,Payroll Deposit,INTUIT 10679525,-1550.16,"118,669.43",,,,,,,,,,,,,,,,,,,1550.16,,,,,,,,,,,,,,,,,,,,,,,,,,,,,0,,,,,,,,,,,,,,,,
2026-04-28,Payroll Deposit,INTUIT 10679525,-1274.02,"117,395.41",,,,,,,,,,,,,,,,,,,1274.02,,,,,,,,,,,,,,,,,,,,,,,,,,,,,0,,,,,,,,,,,,,,,,
2026-04-28,Payroll Deposit,INTUIT 10679525,-3720.2,"113,675.21",,,,,,,,,,,,,,,,,,,3720.2,,,,,,,,,,,,,,,,,,,,,,,,,,,,,0,,,,,,,,,,,,,,,,
2026-04-28,Payroll Deposit,INTUIT 10679525,-2728.21,"110,947.00",,,,,,,,,,,,,,,,,,,2728.21,,,,,,,,,,,,,,,,,,,,,,,,,,,,,0,,,,,,,,,,,,,,,,
2026-04-28,Payroll Deposit,INTUIT 10679525,-2096.76,"108,850.24",,,,,,,,,,,,,,,,,,,2096.76,,,,,,,,,,,,,,,,,,,,,,,,,,,,,0,,,,,,,,,,,,,,,,
2026-04-28,Payroll Deposit,INTUIT 10679525,-1843.86,"107,006.38",,,,,,,,,,,,,,,,,,,1843.86,,,,,,,,,,,,,,,,,,,,,,,,,,,,,0,,,,,,,,,,,,,,,,
2026-04-28,Payroll Deposit,INTUIT 10679525,-2594.32,"104,412.06",,,,,,,,,,,,,,,,,,,2594.32,,,,,,,,,,,,,,,,,,,,,,,,,,,,,0,,,,,,,,,,,,,,,,
2026-04-28,Payroll Deposit,INTUIT 10679525,-2096.24,"102,315.82",,,,,,,,,,,,,,,,,,,2096.24,,,,,,,,,,,,,,,,,,,,,,,,,,,,,0,,,,,,,,,,,,,,,,
2026-04-28,Payroll Deposit,INTUIT 10679525,-1874.31,"100,441.51",,,,,,,,,,,,,,,,,,,1874.31,,,,,,,,,,,,,,,,,,,,,,,,,,,,,0,,,,,,,,,,,,,,,,
2026-04-28,Payroll Deposit,INTUIT 10679525,-842.62,"99,598.89",,,,,,,,,,,,,,,,,,,842.62,,,,,,,,,,,,,,,,,,,,,,,,,,,,,0,,,,,,,,,,,,,,,,
2026-04-28,Payroll Deposit,INTUIT 10679525,-1843.86,"97,755.03",,,,,,,,,,,,,,,,,,,1843.86,,,,,,,,,,,,,,,,,,,,,,,,,,,,,0,,,,,,,,,,,,,,,,
2026-04-28,Payroll Deposit,INTUIT 10679525,-1797.07,"95,957.96",,,,,,,,,,,,,,,,,,,1797.07,,,,,,,,,,,,,,,,,,,,,,,,,,,,,0,,,,,,,,,,,,,,,,
2026-04-28,Payroll Deposit,INTUIT 10679525,-1970.11,"93,987.85",,,,,,,,,,,,,,,,,,,1970.11,,,,,,,,,,,,,,,,,,,,,,,,,,,,,0,,,,,,,,,,,,,,,,
2026-04-28,Payroll Deposit,INTUIT 10679525,-1956.97,"92,030.88",,,,,,,,,,,,,,,,,,,1956.97,,,,,,,,,,,,,,,,,,,,,,,,,,,,,0,,,,,,,,,,,,,,,,
2026-04-28,Payroll Deposit,INTUIT 10679525,-1739.32,"90,291.56",,,,,,,,,,,,,,,,,,,1739.32,,,,,,,,,,,,,,,,,,,,,,,,,,,,,0,,,,,,,,,,,,,,,,
2026-04-28,Payroll Deposit,INTUIT 10679525,-1679.19,"88,612.37",,,,,,,,,,,,,,,,,,,1679.19,,,,,,,,,,,,,,,,,,,,,,,,,,,,,0,,,,,,,,,,,,,,,,
2026-04-28,LOAN PAYMENT,,-10000,"78,612.37",,,,,,,,,,,,,,,,,,,,,,,,,,,10000,,,,,,,,,,,,,,,,,,,,,0,,TRF-057,CAN 1050 CAD$,N,-7270,,,,,,,,,,,106
2026-04-28,MC DEP 12233920,,1563.8,"80,176.17",,-1563.8,,,,,,,,,,,,,,,,,,,,,,,,,,,,,,,,,,,,,,,,,,,,,,0,,,,,,,,,,,,,,,,
2026-04-28,MC DEP 12374336,,72.05,"80,248.22",,-72.05,,,,,,,,,,,,,,,,,,,,,,,,,,,,,,,,,,,,,,,,,,,,,,0,,,,,,,,,,,,,,,,
2026-04-28,MC FEE 12233920,,-40.56,"80,207.66",,,,,,,,,,,,,,,,,,,40.56,,,,,,,,,,,,,,,,,,,,,,,,,,,,,0,,,,,,,,,,,,,,,,
2026-04-28,VSA DEP12233920,,2893.88,"83,101.54",,-2893.88,,,,,,,,,,,,,,,,,,,,,,,,,,,,,,,,,,,,,,,,,,,,,,0,,,,,,,,,,,,,,,,
2026-04-28,VSA FEE12233920,,-77.76,"83,023.78",,,,,,,,,,,,,,,,,,,77.76,,,,,,,,,,,,,,,,,,,,,,,,,,,,,0,,,,,,,,,,,,,,,,
2026-04-29,Misc Payment,HSA CAD CAN,-201.12,"82,822.66",,,,,,,,,,,,,,,,,,,201.12,,,,,,,,,,,,,,,,,,,,,,,,,,,,,0,,,,,,,,,,,,,,,,
2026-04-29,LOAN PAYMENT,,-80000,"2,822.66",,,,,,,,,,,,,,,,,,,,,,,,,,,80000,,,,,,,,,,,,,,,,,,,,,0,,TRF-058,CAN 1050 CAD$,N,-58160,,,,,,,,,,,107
2026-04-29,MC DEP 12233920,,3266.37,"6,089.03",,-3266.37,,,,,,,,,,,,,,,,,,,,,,,,,,,,,,,,,,,,,,,,,,,,,,0,,,,,,,,,,,,,,,,
2026-04-29,MC FEE 12233920,,-76.47,"6,012.56",,,,,,,,,,,,,,,,,,,76.47,,,,,,,,,,,,,,,,,,,,,,,,,,,,,0,,,,,,,,,,,,,,,,
2026-04-29,VSA DEP12233920,,7107.72,"13,120.28",,-7107.72,,,,,,,,,,,,,,,,,,,,,,,,,,,,,,,,,,,,,,,,,,,,,,0,,,,,,,,,,,,,,,,
2026-04-29,VSA DEP12374336,,262.85,"13,383.13",,-262.85,,,,,,,,,,,,,,,,,,,,,,,,,,,,,,,,,,,,,,,,,,,,,,0,,,,,,,,,,,,,,,,
2026-04-29,VSA FEE12233920,,-150.3,"13,232.83",,,,,,,,,,,,,,,,,,,150.3,,,,,,,,,,,,,,,,,,,,,,,,,,,,,0,,,,,,,,,,,,,,,,
2026-04-30,Misc Payment,PAYPAL,2752.53,"15,985.36",,-2752.53,,,,,,,,,,,,,,,,,,,,,,,,,,,,,,,,,,,,,,,,,,,,,,0,,,,,,,,,,,,,,,,
2026-04-30,AMX FEE12233920,,-122.31,"15,863.05",,,,,,,,,,,,,,,,,,,122.31,,,,,,,,,,,,,,,,,,,,,,,,,,,,,0,,,,,,,,,,,,,,,,
2026-04-30,AMX FEE12374336,,-58.64,"15,804.41",,,,,,,,,,,,,,,,,,,58.64,,,,,,,,,,,,,,,,,,,,,,,,,,,,,0,,,,,,,,,,,,,,,,
2026-04-30,INT FEE12374336,,-1.01,"15,803.40",,,,,,,,,,,,,,,,,,,1.01,,,,,,,,,,,,,,,,,,,,,,,,,,,,,0,,,,,,,,,,,,,,,,
2026-04-30,LOAN PAYMENT,,-10000,"5,803.40",,,,,,,,,,,,,,,,,,,,,,,,,,,10000,,,,,,,,,,,,,,,,,,,,,0,,TRF-059,CAN 1050 CAD$,N,-7270,,,,,,,,,,,108
2026-04-30,MC DEP 12233920,,-1123.61,"4,679.79",,1123.61,,,,,,,,,,,,,,,,,,,,,,,,,,,,,,,,,,,,,,,,,,,,,,0,,,,,,,,,,,,,,,,
2026-04-30,MC DEP 12374336,,664.33,"5,344.12",,-664.33,,,,,,,,,,,,,,,,,,,,,,,,,,,,,,,,,,,,,,,,,,,,,,0,,,,,,,,,,,,,,,,
2026-04-30,MC FEE 12233920,,-16.73,"5,327.39",,,,,,,,,,,,,,,,,,,16.73,,,,,,,,,,,,,,,,,,,,,,,,,,,,,0,,,,,,,,,,,,,,,,
2026-04-30,MC FEE 12374336,,-110.74,"5,216.65",,,,,,,,,,,,,,,,,,,110.74,,,,,,,,,,,,,,,,,,,,,,,,,,,,,0,,,,,,,,,,,,,,,,
2026-04-30,MON FEE12233920,,-27.3,"5,189.35",,,,,,,,,,,,,,,,,,,27.3,,,,,,,,,,,,,,,,,,,,,,,,,,,,,0,,,,,,,,,,,,,,,,
2026-04-30,MON FEE12344503,,-27.3,"5,162.05",,,,,,,,,,,,,,,,,,,27.3,,,,,,,,,,,,,,,,,,,,,,,,,,,,,0,,,,,,,,,,,,,,,,
2026-04-30,MON FEE12374336,,-45.5,"5,116.55",,,,,,,,,,,,,,,,,,,45.5,,,,,,,,,,,,,,,,,,,,,,,,,,,,,0,,,,,,,,,,,,,,,,
2026-04-30,VSA DEP12233920,,1520.87,"6,637.42",,-1520.87,,,,,,,,,,,,,,,,,,,,,,,,,,,,,,,,,,,,,,,,,,,,,,0,,,,,,,,,,,,,,,,
2026-04-30,VSA FEE12233920,,-25.02,"6,612.40",,,,,,,,,,,,,,,,,,,25.02,,,,,,,,,,,,,,,,,,,,,,,,,,,,,0,,,,,,,,,,,,,,,,
2026-04-30,VSA FEE12374336,,-37.37,"6,575.03",,,,,,,,,,,,,,,,,,,37.37,,,,,,,,,,,,,,,,,,,,,,,,,,,,,0,,,,,,,,,,,,,,,,
2026-05-01,Insurance Loan,FIRST INSURANCE,-3210.9,"3,364.13",,,,,,,,,,,,,,,,,,,3210.9,,,,,,,,,,,,,,,,,,,,,,,,,,,,,0,,,,,,,,,,,,,,,,
2026-05-01,EF0501 12374336,,47.53,"3,411.66",,-47.53,,,,,,,,,,,,,,,,,,,,,,,,,,,,,,,,,,,,,,,,,,,,,,0,,,,,,,,,,,,,,,,
2026-05-01,MC FEE 12233920,,-0.06,"3,411.60",,,,,,,,,,,,,,,,,,,0.06,,,,,,,,,,,,,,,,,,,,,,,,,,,,,0,,,,,,,,,,,,,,,,
2026-05-01,VSA DEP12233920,,4893.59,"8,305.19",,-4893.59,,,,,,,,,,,,,,,,,,,,,,,,,,,,,,,,,,,,,,,,,,,,,,0,,,,,,,,,,,,,,,,
2026-05-01,VSA DEP12374336,,35.28,"8,340.47",,-35.28,,,,,,,,,,,,,,,,,,,,,,,,,,,,,,,,,,,,,,,,,,,,,,0,,,,,,,,,,,,,,,,
2026-05-01,VSA FEE12233920,,-87.47,"8,253.00",,,,,,,,,,,,,,,,,,,87.47,,,,,,,,,,,,,,,,,,,,,,,,,,,,,0,,,,,,,,,,,,,,,,
2026-05-04,Business PAD,Clearbridge Bus,-1223.61,"7,029.39",,,,,,,,,,,,,,,,,,,1223.61,,,,,,,,,,,,,,,,,,,,,,,,,,,,,0,,,,,,,,,,,,,,,,
2026-05-04,Online Banking payment - 6656,OUTDOOR GEAR,-1545.08,"5,484.31",,,,,,,,,,,,,,,,,,,,,,,,,,,,,,,,,1545.08,,,,,,,,,,,,,,,0,,,,,,,,,,,,,,,,
2026-05-04,EF0504 12374336,,31.5,"5,515.81",,-31.5,,,,,,,,,,,,,,,,,,,,,,,,,,,,,,,,,,,,,,,,,,,,,,0,,,,,,,,,,,,,,,,
2026-05-04,MC DEP 12233920,,2680.45,"8,196.26",,-2680.45,,,,,,,,,,,,,,,,,,,,,,,,,,,,,,,,,,,,,,,,,,,,,,0,,,,,,,,,,,,,,,,
2026-05-04,MC DEP 12374336,,218.73,"8,414.99",,-218.73,,,,,,,,,,,,,,,,,,,,,,,,,,,,,,,,,,,,,,,,,,,,,,0,,,,,,,,,,,,,,,,
2026-05-04,MC FEE 12233920,,-59.63,"8,355.36",,,,,,,,,,,,,,,,,,,59.63,,,,,,,,,,,,,,,,,,,,,,,,,,,,,0,,,,,,,,,,,,,,,,
2026-05-04,MC FEE 12233920,,-0.19,"8,355.17",,,,,,,,,,,,,,,,,,,0.19,,,,,,,,,,,,,,,,,,,,,,,,,,,,,0,,,,,,,,,,,,,,,,
2026-05-04,Monthly fee,,-6,"8,349.17",,,,,,,,,,,,,,,,,,,6,,,,,,,,,,,,,,,,,,,,,,,,,,,,,0,,,,,,,,,,,,,,,,
2026-05-04,VSA DEP12233920,,2698,"11,047.17",,-2698,,,,,,,,,,,,,,,,,,,,,,,,,,,,,,,,,,,,,,,,,,,,,,0,,,,,,,,,,,,,,,,
2026-05-04,VSA DEP12233920,,-15.03,"11,032.14",,15.03,,,,,,,,,,,,,,,,,,,,,,,,,,,,,,,,,,,,,,,,,,,,,,0,,,,,,,,,,,,,,,,
2026-05-04,VSA DEP12374336,,2469.96,"13,502.10",,-2469.96,,,,,,,,,,,,,,,,,,,,,,,,,,,,,,,,,,,,,,,,,,,,,,0,,,,,,,,,,,,,,,,
2026-05-04,VSA FEE12233920,,-51.82,"13,450.28",,,,,,,,,,,,,,,,,,,51.82,,,,,,,,,,,,,,,,,,,,,,,,,,,,,0,,,,,,,,,,,,,,,,
2026-05-04,VSA FEE12233920,,-0.1,"13,450.18",,,,,,,,,,,,,,,,,,,0.1,,,,,,,,,,,,,,,,,,,,,,,,,,,,,0,,,,,,,,,,,,,,,,
2026-05-05,e-Transfer sent,Bob Jones,-2357.79,"11,092.39",,,,,,,,,,,,,,,,,,,2357.79,,,,,,,,,,,,,,,,,,,,,,,,,,,,,0,,,,,,,,,,,,,,,,
2026-05-05,COMMERCIAL TAXES,GST-P 4644794,-1527.34,"9,565.05",,,,,,,,,,,,,,,,,,,1527.34,,,,,,,,,,,,,,,,,,,,,,,,,,,,,0,,,,,,,,,,,,,,,,
2026-05-05,MC DEP 12233920,,4262.39,"13,827.44",,-4262.39,,,,,,,,,,,,,,,,,,,,,,,,,,,,,,,,,,,,,,,,,,,,,,0,,,,,,,,,,,,,,,,
2026-05-05,MC DEP 12374336,,26.87,"13,854.31",,-26.87,,,,,,,,,,,,,,,,,,,,,,,,,,,,,,,,,,,,,,,,,,,,,,0,,,,,,,,,,,,,,,,
2026-05-05,MC FEE 12233920,,-95.7,"13,758.61",,,,,,,,,,,,,,,,,,,95.7,,,,,,,,,,,,,,,,,,,,,,,,,,,,,0,,,,,,,,,,,,,,,,
2026-05-05,VSA DEP12233920,,2757.29,"16,515.90",,-2757.29,,,,,,,,,,,,,,,,,,,,,,,,,,,,,,,,,,,,,,,,,,,,,,0,,,,,,,,,,,,,,,,
2026-05-05,VSA DEP12374336,,234.36,"16,750.26",,-234.36,,,,,,,,,,,,,,,,,,,,,,,,,,,,,,,,,,,,,,,,,,,,,,0,,,,,,,,,,,,,,,,
2026-05-05,VSA FEE12233920,,-58.59,"16,691.67",,,,,,,,,,,,,,,,,,,58.59,,,,,,,,,,,,,,,,,,,,,,,,,,,,,0,,,,,,,,,,,,,,,,
2026-05-06,Misc Payment,HSA CAD CAN,-185.95,"16,505.72",,,,,,,,,,,,,,,,,,,185.95,,,,,,,,,,,,,,,,,,,,,,,,,,,,,0,,,,,,,,,,,,,,,,
2026-05-06,Activity fee,,-480,"16,025.72",,,,,,,,,,,,,,,,,,,480,,,,,,,,,,,,,,,,,,,,,,,,,,,,,0,,,,,,,,,,,,,,,,
2026-05-06,EF0506 12374336,,417.3,"16,443.02",,-417.3,,,,,,,,,,,,,,,,,,,,,,,,,,,,,,,,,,,,,,,,,,,,,,0,,,,,,,,,,,,,,,,
2026-05-06,MC DEP 12233920,,3306.36,"19,749.38",,-3306.36,,,,,,,,,,,,,,,,,,,,,,,,,,,,,,,,,,,,,,,,,,,,,,0,,,,,,,,,,,,,,,,
2026-05-06,MC DEP 12374336,,2.33,"19,751.71",,-2.33,,,,,,,,,,,,,,,,,,,,,,,,,,,,,,,,,,,,,,,,,,,,,,0,,,,,,,,,,,,,,,,
2026-05-06,MC FEE 12233920,,-78.06,"19,673.65",,,,,,,,,,,,,,,,,,,78.06,,,,,,,,,,,,,,,,,,,,,,,,,,,,,0,,,,,,,,,,,,,,,,
2026-05-06,VSA DEP12233920,,4039.42,"23,713.07",,-4039.42,,,,,,,,,,,,,,,,,,,,,,,,,,,,,,,,,,,,,,,,,,,,,,0,,,,,,,,,,,,,,,,
2026-05-06,VSA DEP12374336,,76.05,"23,789.12",,-76.05,,,,,,,,,,,,,,,,,,,,,,,,,,,,,,,,,,,,,,,,,,,,,,0,,,,,,,,,,,,,,,,
2026-05-06,VSA FEE12233920,,-87.63,"23,701.49",,,,,,,,,,,,,,,,,,,87.63,,,,,,,,,,,,,,,,,,,,,,,,,,,,,0,,,,,,,,,,,,,,,,
2026-05-07,Federal Payment,CANADA,-3423.83,"20,277.66",,,,,,,,,,,,,,,,,,,3423.83,,,,,,,,,,,,,,,,,,,,,,,,,,,,,0,,,,,,,,,,,,,,,,
2026-05-07,AMX DEP12374336,,245.69,"20,523.35",,-245.69,,,,,,,,,,,,,,,,,,,,,,,,,,,,,,,,,,,,,,,,,,,,,,0,,,,,,,,,,,,,,,,
2026-05-07,MC DEP 12233920,,2323.6,"22,846.95",,-2323.6,,,,,,,,,,,,,,,,,,,,,,,,,,,,,,,,,,,,,,,,,,,,,,0,,,,,,,,,,,,,,,,
2026-05-07,MC DEP 12374336,,50.4,"22,897.35",,-50.4,,,,,,,,,,,,,,,,,,,,,,,,,,,,,,,,,,,,,,,,,,,,,,0,,,,,,,,,,,,,,,,
2026-05-07,MC FEE 12233920,,-50.48,"22,846.87",,,,,,,,,,,,,,,,,,,50.48,,,,,,,,,,,,,,,,,,,,,,,,,,,,,0,,,,,,,,,,,,,,,,
2026-05-07,VSA DEP12233920,,3848.68,"26,695.55",,-3848.68,,,,,,,,,,,,,,,,,,,,,,,,,,,,,,,,,,,,,,,,,,,,,,0,,,,,,,,,,,,,,,,
2026-05-07,VSA FEE12233920,,-86.41,"26,609.14",,,,,,,,,,,,,,,,,,,86.41,,,,,,,,,,,,,,,,,,,,,,,,,,,,,0,,,,,,,,,,,,,,,,
2026-05-08,Misc Payment,HSA CAD CAN,-142.29,"26,466.85",,,,,,,,,,,,,,,,,,,142.29,,,,,,,,,,,,,,,,,,,,,,,,,,,,,0,,,,,,,,,,,,,,,,
2026-05-08,e-Transfer sent,Remy's e-transfer,-105,"26,361.85",,,,,,,,,,,,,,,,,,,105,,,,,,,,,,,,,,,,,,,,,,,,,,,,,0,,,,,,,,,,,,,,,,
2026-05-08,e-Transfer sent,Squamish Enduro,-1050,"25,311.85",,,,,,,,,,,,,,,,,,,1050,,,,,,,,,,,,,,,,,,,,,,,,,,,,,0,,,,,,,,,,,,,,,,
2026-05-08,EF0508 12374336,,44.8,"25,356.65",,-44.8,,,,,,,,,,,,,,,,,,,,,,,,,,,,,,,,,,,,,,,,,,,,,,0,,,,,,,,,,,,,,,,
2026-05-08,MC DEP 12233920,,1947.31,"27,303.96",,-1947.31,,,,,,,,,,,,,,,,,,,,,,,,,,,,,,,,,,,,,,,,,,,,,,0,,,,,,,,,,,,,,,,
2026-05-08,MC DEP 12374336,,47.13,"27,351.09",,-47.13,,,,,,,,,,,,,,,,,,,,,,,,,,,,,,,,,,,,,,,,,,,,,,0,,,,,,,,,,,,,,,,
2026-05-08,MC FEE 12233920,,-34.51,"27,316.58",,,,,,,,,,,,,,,,,,,34.51,,,,,,,,,,,,,,,,,,,,,,,,,,,,,0,,,,,,,,,,,,,,,,
2026-05-08,VSA DEP12233920,,4179.08,"31,495.66",,-4179.08,,,,,,,,,,,,,,,,,,,,,,,,,,,,,,,,,,,,,,,,,,,,,,0,,,,,,,,,,,,,,,,
2026-05-08,VSA DEP12374336,,427,"31,922.66",,-427,,,,,,,,,,,,,,,,,,,,,,,,,,,,,,,,,,,,,,,,,,,,,,0,,,,,,,,,,,,,,,,
2026-05-08,VSA FEE12233920,,-79.94,"31,842.72",,,,,,,,,,,,,,,,,,,79.94,,,,,,,,,,,,,,,,,,,,,,,,,,,,,0,,,,,,,,,,,,,,,,
2026-05-11,Misc Payment,HSA CAD CAN,-169.65,"31,673.07",,,,,,,,,,,,,,,,,,,169.65,,,,,,,,,,,,,,,,,,,,,,,,,,,,,0,,,,,,,,,,,,,,,,
2026-05-11,Misc Payment,PAYPAL,5984.74,"37,657.81",,-5984.74,,,,,,,,,,,,,,,,,,,,,,,,,,,,,,,,,,,,,,,,,,,,,,0,,,,,,,,,,,,,,,,
2026-05-11,Payroll Deposit,PAYROLL,-38416.94,-759.13,,,,,,,,,,,,,,,,,,,38416.94,,,,,,,,,,,,,,,,,,,,,,,,,,,,,0,,,,,,,,,,,,,,,,
2026-05-11,AMX DEP12233920,,1988.95,"1,229.82",,-1988.95,,,,,,,,,,,,,,,,,,,,,,,,,,,,,,,,,,,,,,,,,,,,,,0,,,,,,,,,,,,,,,,
2026-05-11,MC DEP 12233920,,493.71,"1,723.53",,-493.71,,,,,,,,,,,,,,,,,,,,,,,,,,,,,,,,,,,,,,,,,,,,,,0,,,,,,,,,,,,,,,,
2026-05-11,MC DEP 12374336,,80.08,"1,803.61",,-80.08,,,,,,,,,,,,,,,,,,,,,,,,,,,,,,,,,,,,,,,,,,,,,,0,,,,,,,,,,,,,,,,
2026-05-11,MC FEE 12233920,,-11.55,"1,792.06",,,,,,,,,,,,,,,,,,,11.55,,,,,,,,,,,,,,,,,,,,,,,,,,,,,0,,,,,,,,,,,,,,,,
2026-05-11,MC FEE 12233920,,-0.31,"1,791.75",,,,,,,,,,,,,,,,,,,0.31,,,,,,,,,,,,,,,,,,,,,,,,,,,,,0,,,,,,,,,,,,,,,,
2026-05-11,Online transfer sent - 0288,,-8000,"-6,208.25",,,,,,,,,,,,,,,,,,,8000,,,,,,,,,,,,,,,,,,,,,,,,,,,,,0,,,,,,,,,,,,,,,,
2026-05-11,VSA DEP12233920,,1228.54,"-4,979.71",,-1228.54,,,,,,,,,,,,,,,,,,,,,,,,,,,,,,,,,,,,,,,,,,,,,,0,,,,,,,,,,,,,,,,
2026-05-11,VSA DEP12233920,,2542.71,"-2,437.00",,-2542.71,,,,,,,,,,,,,,,,,,,,,,,,,,,,,,,,,,,,,,,,,,,,,,0,,,,,,,,,,,,,,,,
2026-05-11,VSA DEP12233920,,2217.29,-219.71,,-2217.29,,,,,,,,,,,,,,,,,,,,,,,,,,,,,,,,,,,,,,,,,,,,,,0,,,,,,,,,,,,,,,,
2026-05-11,VSA FEE12233920,,-42.7,-262.41,,,,,,,,,,,,,,,,,,,42.7,,,,,,,,,,,,,,,,,,,,,,,,,,,,,0,,,,,,,,,,,,,,,,
2026-05-11,VSA FEE12233920,,-47.99,-310.40,,,,,,,,,,,,,,,,,,,47.99,,,,,,,,,,,,,,,,,,,,,,,,,,,,,0,,,,,,,,,,,,,,,,
2026-05-11,VSA FEE12233920,,-21.44,-331.84,,,,,,,,,,,,,,,,,,,21.44,,,,,,,,,,,,,,,,,,,,,,,,,,,,,0,,,,,,,,,,,,,,,,
2026-05-12,Direct Deposits (PDS) service total,GRADS8318600000,-908.38,"-1,240.22",,,,,,,,,,,,,,,,,,,908.38,,,,,,,,,,,,,,,,,,,,,,,,,,,,,0,,,,,,,,,,,,,,,,
2026-05-12,Payroll Deposit,INTUIT 11042655,-1797.07,"-3,037.29",,,,,,,,,,,,,,,,,,,1797.07,,,,,,,,,,,,,,,,,,,,,,,,,,,,,0,,,,,,,,,,,,,,,,
2026-05-12,Payroll Deposit,INTUIT 11042655,-2096.24,"-5,133.53",,,,,,,,,,,,,,,,,,,2096.24,,,,,,,,,,,,,,,,,,,,,,,,,,,,,0,,,,,,,,,,,,,,,,
2026-05-12,Payroll Deposit,INTUIT 11042655,-1739.32,"-6,872.85",,,,,,,,,,,,,,,,,,,1739.32,,,,,,,,,,,,,,,,,,,,,,,,,,,,,0,,,,,,,,,,,,,,,,
2026-05-12,Payroll Deposit,INTUIT 11042655,-1717.04,"-8,589.89",,,,,,,,,,,,,,,,,,,1717.04,,,,,,,,,,,,,,,,,,,,,,,,,,,,,0,,,,,,,,,,,,,,,,
2026-05-12,Payroll Deposit,INTUIT 11042655,-2204.88,"-10,794.77",,,,,,,,,,,,,,,,,,,2204.88,,,,,,,,,,,,,,,,,,,,,,,,,,,,,0,,,,,,,,,,,,,,,,
2026-05-12,Payroll Deposit,INTUIT 11042655,-1445.43,"-12,240.20",,,,,,,,,,,,,,,,,,,1445.43,,,,,,,,,,,,,,,,,,,,,,,,,,,,,0,,,,,,,,,,,,,,,,
2026-05-12,Payroll Deposit,INTUIT 11042655,-2667.16,"-14,907.36",,,,,,,,,,,,,,,,,,,2667.16,,,,,,,,,,,,,,,,,,,,,,,,,,,,,0,,,,,,,,,,,,,,,,
2026-05-12,Payroll Deposit,INTUIT 11042655,-1843.86,"-16,751.22",,,,,,,,,,,,,,,,,,,1843.86,,,,,,,,,,,,,,,,,,,,,,,,,,,,,0,,,,,,,,,,,,,,,,
2026-05-12,Payroll Deposit,INTUIT 11042655,-1397.61,"-18,148.83",,,,,,,,,,,,,,,,,,,1397.61,,,,,,,,,,,,,,,,,,,,,,,,,,,,,0,,,,,,,,,,,,,,,,
2026-05-12,Payroll Deposit,INTUIT 11042655,-2628.6,"-20,777.43",,,,,,,,,,,,,,,,,,,2628.6,,,,,,,,,,,,,,,,,,,,,,,,,,,,,0,,,,,,,,,,,,,,,,
2026-05-12,Payroll Deposit,INTUIT 11042655,-3108.87,"-23,886.30",,,,,,,,,,,,,,,,,,,3108.87,,,,,,,,,,,,,,,,,,,,,,,,,,,,,0,,,,,,,,,,,,,,,,
2026-05-12,Payroll Deposit,INTUIT 11042655,-2096.76,"-25,983.06",,,,,,,,,,,,,,,,,,,2096.76,,,,,,,,,,,,,,,,,,,,,,,,,,,,,0,,,,,,,,,,,,,,,,
2026-05-12,Payroll Deposit,INTUIT 11042655,-1550.16,"-27,533.22",,,,,,,,,,,,,,,,,,,1550.16,,,,,,,,,,,,,,,,,,,,,,,,,,,,,0,,,,,,,,,,,,,,,,
2026-05-12,Payroll Deposit,INTUIT 11042655,-1970.11,"-29,503.33",,,,,,,,,,,,,,,,,,,1970.11,,,,,,,,,,,,,,,,,,,,,,,,,,,,,0,,,,,,,,,,,,,,,,
2026-05-12,Payroll Deposit,INTUIT 11042655,-1506.95,"-31,010.28",,,,,,,,,,,,,,,,,,,1506.95,,,,,,,,,,,,,,,,,,,,,,,,,,,,,0,,,,,,,,,,,,,,,,
2026-05-12,Payroll Deposit,INTUIT 11042655,-872.6,"-31,882.88",,,,,,,,,,,,,,,,,,,872.6,,,,,,,,,,,,,,,,,,,,,,,,,,,,,0,,,,,,,,,,,,,,,,
2026-05-12,Payroll Deposit,INTUIT 11042655,-2594.32,"-34,477.20",,,,,,,,,,,,,,,,,,,2594.32,,,,,,,,,,,,,,,,,,,,,,,,,,,,,0,,,,,,,,,,,,,,,,
2026-05-12,Payroll Deposit,INTUIT 11042655,-2501.12,"-36,978.32",,,,,,,,,,,,,,,,,,,2501.12,,,,,,,,,,,,,,,,,,,,,,,,,,,,,0,,,,,,,,,,,,,,,,
2026-05-12,LOAN CREDIT,,5000,"-31,978.32",,,,,,,,,,,,,,,,,,,,,,,,,,-5000,,,,,,,,,,,,,,,,,,,,,,0,,TRF-060,CAN 1050 CAD$,N,3635,,,,,,,,,,,109
2026-05-12,MC DEP 12233920,,5230.32,"-26,748.00",,-5230.32,,,,,,,,,,,,,,,,,,,,,,,,,,,,,,,,,,,,,,,,,,,,,,0,,,,,,,,,,,,,,,,
2026-05-12,MC DEP 12374336,,44.09,"-26,703.91",,-44.09,,,,,,,,,,,,,,,,,,,,,,,,,,,,,,,,,,,,,,,,,,,,,,0,,,,,,,,,,,,,,,,
2026-05-12,MC FEE 12233920,,-115.71,"-26,819.62",,,,,,,,,,,,,,,,,,,115.71,,,,,,,,,,,,,,,,,,,,,,,,,,,,,0,,,,,,,,,,,,,,,,
2026-05-12,Online transfer sent - 3252,,-8000,"-34,819.62",,,,,,,,,,,,,,,,,,,8000,,,,,,,,,,,,,,,,,,,,,,,,,,,,,0,,,,,,,,,,,,,,,,
2026-05-12,VSA DEP12233920,,2921.39,"-31,898.23",,-2921.39,,,,,,,,,,,,,,,,,,,,,,,,,,,,,,,,,,,,,,,,,,,,,,0,,,,,,,,,,,,,,,,
2026-05-12,VSA FEE12233920,,-56.32,"-31,954.55",,,,,,,,,,,,,,,,,,,56.32,,,,,,,,,,,,,,,,,,,,,,,,,,,,,0,,,,,,,,,,,,,,,,
2026-05-13,Bill Payment,FortisBC Energy,-516.85,"-32,471.40",,,,,,,,,,,,,,,,,,,516.85,,,,,,,,,,,,,,,,,,,,,,,,,,,,,0,,,,,,,,,,,,,,,,
2026-05-13,Misc Payment,HSA CAD CAN,-1474.68,"-33,946.08",,,,,,,,,,,,,,,,,,,1474.68,,,,,,,,,,,,,,,,,,,,,,,,,,,,,0,,,,,,,,,,,,,,,,
2026-05-13,LOAN CREDIT,,35000,"1,053.92",,,,,,,,,,,,,,,,,,,,,,,,,,-35000,,,,,,,,,,,,,,,,,,,,,,0,,TRF-061,CAN 1050 CAD$,N,25445,,,,,,,,,,,110
2026-05-13,MC DEP 12233920,,1433.8,"2,487.72",,-1433.8,,,,,,,,,,,,,,,,,,,,,,,,,,,,,,,,,,,,,,,,,,,,,,0,,,,,,,,,,,,,,,,
2026-05-13,MC FEE 12233920,,-31.26,"2,456.46",,,,,,,,,,,,,,,,,,,31.26,,,,,,,,,,,,,,,,,,,,,,,,,,,,,0,,,,,,,,,,,,,,,,
2026-05-13,VSA DEP12374336,,204.73,"2,661.19",,-204.73,,,,,,,,,,,,,,,,,,,,,,,,,,,,,,,,,,,,,,,,,,,,,,0,,,,,,,,,,,,,,,,
2026-05-13,VSA FEE12233920,,-0.3,"2,660.89",,,,,,,,,,,,,,,,,,,0.3,,,,,,,,,,,,,,,,,,,,,,,,,,,,,0,,,,,,,,,,,,,,,,
2026-05-14,MC DEP 12233920,,305.63,"2,966.52",,-305.63,,,,,,,,,,,,,,,,,,,,,,,,,,,,,,,,,,,,,,,,,,,,,,0,,,,,,,,,,,,,,,,
2026-05-14,MC DEP 12374336,,65.78,"3,032.30",,-65.78,,,,,,,,,,,,,,,,,,,,,,,,,,,,,,,,,,,,,,,,,,,,,,0,,,,,,,,,,,,,,,,
2026-05-14,MC FEE 12233920,,-6.28,"3,026.02",,,,,,,,,,,,,,,,,,,6.28,,,,,,,,,,,,,,,,,,,,,,,,,,,,,0,,,,,,,,,,,,,,,,
2026-05-14,VSA DEP12233920,,3935.88,"6,961.90",,-3935.88,,,,,,,,,,,,,,,,,,,,,,,,,,,,,,,,,,,,,,,,,,,,,,0,,,,,,,,,,,,,,,,
2026-05-14,VSA DEP12374336,,54.59,"7,016.49",,-54.59,,,,,,,,,,,,,,,,,,,,,,,,,,,,,,,,,,,,,,,,,,,,,,0,,,,,,,,,,,,,,,,
2026-05-14,VSA FEE12233920,,-80.42,"6,936.07",,,,,,,,,,,,,,,,,,,80.42,,,,,,,,,,,,,,,,,,,,,,,,,,,,,0,,,,,,,,,,,,,,,,
2026-05-15,Misc Payment,RBC CREDIT CARD,-2914.1,"4,021.97",,,,,,,,,,,,,,,,,,,,,,,,,,,,2914.1,,,,,,,,,,,,,,,,,,,,0,,TRF-V7-007,CAN 2190 CAD,,,,,,,,,,,,,111
2026-05-15,Misc Payment,RBC CREDIT CARD,-2103.26,"1,918.71",,,,,,,,,,,,,,,,,,,,,,,,,,,,2103.26,,,,,,,,,,,,,,,,,,,,0,,TRF-V5-011,CAN 2130 CAD,N,,,,,,,,,,,,112
2026-05-15,Misc Payment,RBC CREDIT CARD,-18250.6,"-16,331.89",,,,,,,,,,,,,,,,,,,,,,,,,,,,18250.6,,,,,,,,,,,,,,,,,,,,0,,TRF-V4-010,CAN 2110 CAD,N,,,,,,,,,,,,113
2026-05-15,EF0515 12374336,,493.5,"-15,838.39",,-493.5,,,,,,,,,,,,,,,,,,,,,,,,,,,,,,,,,,,,,,,,,,,,,,0,,,,,,,,,,,,,,,,
2026-05-15,LOAN PAYMENT,,-5000,"-20,838.39",,,,,,,,,,,,,,,,,,,,,,,,,,,5000,,,,,,,,,,,,,,,,,,,,,0,,TRF-062,CAN 1050 CAD$,N,-3635,,,,,,,,,,,114
2026-05-15,MC DEP 12374336,,131.25,"-20,707.14",,-131.25,,,,,,,,,,,,,,,,,,,,,,,,,,,,,,,,,,,,,,,,,,,,,,0,,,,,,,,,,,,,,,,
2026-05-15,VSA DEP12233920,,3142.08,"-17,565.06",,-3142.08,,,,,,,,,,,,,,,,,,,,,,,,,,,,,,,,,,,,,,,,,,,,,,0,,,,,,,,,,,,,,,,
2026-05-15,VSA FEE12233920,,-68.17,"-17,633.23",,,,,,,,,,,,,,,,,,,68.17,,,,,,,,,,,,,,,,,,,,,,,,,,,,,0,,,,,,,,,,,,,,,,
2026-05-19,Credit memo,FT917125903,20593.5,"2,960.27",,,,,,,,,,,,,,,,,,,,,,,,,,-20593.5,,,,,,,,,,,,,,,,,,,,,,0,,TRF-100,CAN 1015 USD,Y,14971.4745,,,,,,,,,,,115
2026-05-19,AMX DEP12233920,,406.29,"3,366.56",,-406.29,,,,,,,,,,,,,,,,,,,,,,,,,,,,,,,,,,,,,,,,,,,,,,0,,,,,,,,,,,,,,,,
2026-05-19,LOAN CREDIT,,20000,"23,366.56",,,,,,,,,,,,,,,,,,,,,,,,,,-20000,,,,,,,,,,,,,,,,,,,,,,0,,TRF-063,CAN 1050 CAD$,N,14540,,,,,,,,,,,116
2026-05-19,MC DEP 12233920,,73.07,"23,439.63",,-73.07,,,,,,,,,,,,,,,,,,,,,,,,,,,,,,,,,,,,,,,,,,,,,,0,,,,,,,,,,,,,,,,
2026-05-19,MC DEP 12233920,,2976.25,"26,415.88",,-2976.25,,,,,,,,,,,,,,,,,,,,,,,,,,,,,,,,,,,,,,,,,,,,,,0,,,,,,,,,,,,,,,,
2026-05-19,MC DEP 12233920,,49.65,"26,465.53",,-49.65,,,,,,,,,,,,,,,,,,,,,,,,,,,,,,,,,,,,,,,,,,,,,,0,,,,,,,,,,,,,,,,
2026-05-19,MC DEP 12374336,,6.99,"26,472.52",,-6.99,,,,,,,,,,,,,,,,,,,,,,,,,,,,,,,,,,,,,,,,,,,,,,0,,,,,,,,,,,,,,,,
2026-05-19,MC FEE 12233920,,-66.21,"26,406.31",,,,,,,,,,,,,,,,,,,66.21,,,,,,,,,,,,,,,,,,,,,,,,,,,,,0,,,,,,,,,,,,,,,,
2026-05-19,MC FEE 12233920,,-1.73,"26,404.58",,,,,,,,,,,,,,,,,,,1.73,,,,,,,,,,,,,,,,,,,,,,,,,,,,,0,,,,,,,,,,,,,,,,
2026-05-19,MC FEE 12233920,,-0.01,"26,404.57",,,,,,,,,,,,,,,,,,,0.01,,,,,,,,,,,,,,,,,,,,,,,,,,,,,0,,,,,,,,,,,,,,,,
2026-05-19,MC FEE 12233920,,-1.2,"26,403.37",,,,,,,,,,,,,,,,,,,1.2,,,,,,,,,,,,,,,,,,,,,,,,,,,,,0,,,,,,,,,,,,,,,,
2026-05-19,VSA DEP12233920,,2892.51,"29,295.88",,-2892.51,,,,,,,,,,,,,,,,,,,,,,,,,,,,,,,,,,,,,,,,,,,,,,0,,,,,,,,,,,,,,,,
2026-05-19,VSA DEP12374336,,58.8,"29,354.68",,-58.8,,,,,,,,,,,,,,,,,,,,,,,,,,,,,,,,,,,,,,,,,,,,,,0,,,,,,,,,,,,,,,,
2026-05-19,VSA FEE12233920,,-56.86,"29,297.82",,,,,,,,,,,,,,,,,,,56.86,,,,,,,,,,,,,,,,,,,,,,,,,,,,,0,,,,,,,,,,,,,,,,
2026-05-19,VSA FEE12233920,,-0.11,"29,297.71",,,,,,,,,,,,,,,,,,,0.11,,,,,,,,,,,,,,,,,,,,,,,,,,,,,0,,,,,,,,,,,,,,,,
2026-05-19,VSA FEE12233920,,-0.24,"29,297.47",,,,,,,,,,,,,,,,,,,0.24,,,,,,,,,,,,,,,,,,,,,,,,,,,,,0,,,,,,,,,,,,,,,,
2026-05-19,VSA FEE12233920,,-0.05,"29,297.42",,,,,,,,,,,,,,,,,,,0.05,,,,,,,,,,,,,,,,,,,,,,,,,,,,,0,,,,,,,,,,,,,,,,
2026-05-20,COMM HYDRO BILL PMT,B.C. HYDRO-PAP,-485.8,"28,811.62",,,,,,,,,,,,,,,,,,,485.8,,,,,,,,,,,,,,,,,,,,,,,,,,,,,0,,,,,,,,,,,,,,,,
2026-05-20,LOAN PAYMENT,,-25000,"3,811.62",,,,,,,,,,,,,,,,,,,,,,,,,,,25000,,,,,,,,,,,,,,,,,,,,,0,,TRF-064,CAN 1050 CAD$,N,-18175,,,,,,,,,,,117
2026-05-20,MC DEP 12233920,,1493.44,"5,305.06",,-1493.44,,,,,,,,,,,,,,,,,,,,,,,,,,,,,,,,,,,,,,,,,,,,,,0,,,,,,,,,,,,,,,,
2026-05-20,MC FEE 12233920,,-30.28,"5,274.78",,,,,,,,,,,,,,,,,,,30.28,,,,,,,,,,,,,,,,,,,,,,,,,,,,,0,,,,,,,,,,,,,,,,
2026-05-20,VSA DEP12233920,,194.08,"5,468.86",,-194.08,,,,,,,,,,,,,,,,,,,,,,,,,,,,,,,,,,,,,,,,,,,,,,0,,,,,,,,,,,,,,,,
2026-05-20,VSA DEP12374336,,12.59,"5,481.45",,-12.59,,,,,,,,,,,,,,,,,,,,,,,,,,,,,,,,,,,,,,,,,,,,,,0,,,,,,,,,,,,,,,,
2026-05-20,VSA FEE12233920,,-4.16,"5,477.29",,,,,,,,,,,,,,,,,,,4.16,,,,,,,,,,,,,,,,,,,,,,,,,,,,,0,,,,,,,,,,,,,,,,
2026-05-21,Other loan,Loan interest,-176.46,"5,300.83",,,,,,,,,,,,,,,,,,,176.46,,,,,,,,,,,,,,,,,,,,,,,,,,,,,0,,,,,,,,,,,,,,,,
2026-05-21,EF0521 12374336,,33.58,"5,334.41",,-33.58,,,,,,,,,,,,,,,,,,,,,,,,,,,,,,,,,,,,,,,,,,,,,,0,,,,,,,,,,,,,,,,
2026-05-21,LOAN PAYMENT,,-5000,334.41,,,,,,,,,,,,,,,,,,,,,,,,,,,5000,,,,,,,,,,,,,,,,,,,,,0,,TRF-065,CAN 1050 CAD$,N,-3635,,,,,,,,,,,118
2026-05-21,MC DEP 12374336,,165.45,499.86,,-165.45,,,,,,,,,,,,,,,,,,,,,,,,,,,,,,,,,,,,,,,,,,,,,,0,,,,,,,,,,,,,,,,
2026-05-21,VSA DEP12233920,,2812.14,"3,312.00",,-2812.14,,,,,,,,,,,,,,,,,,,,,,,,,,,,,,,,,,,,,,,,,,,,,,0,,,,,,,,,,,,,,,,
2026-05-21,VSA DEP12374336,,3030.99,"6,342.99",,-3030.99,,,,,,,,,,,,,,,,,,,,,,,,,,,,,,,,,,,,,,,,,,,,,,0,,,,,,,,,,,,,,,,
2026-05-21,VSA FEE12233920,,-58.88,"6,284.11",,,,,,,,,,,,,,,,,,,58.88,,,,,,,,,,,,,,,,,,,,,,,,,,,,,0,,,,,,,,,,,,,,,,
2026-05-22,Misc Payment,HSA CAD CAN,-872.15,"5,411.96",,,,,,,,,,,,,,,,,,,872.15,,,,,,,,,,,,,,,,,,,,,,,,,,,,,0,,,,,,,,,,,,,,,,
2026-05-22,LOAN PAYMENT,,-5000,411.96,,,,,,,,,,,,,,,,,,,,,,,,,,,5000,,,,,,,,,,,,,,,,,,,,,0,,TRF-066,CAN 1050 CAD$,N,-3635,,,,,,,,,,,119
2026-05-22,MC DEP 12374336,,596.67,"1,008.63",,-596.67,,,,,,,,,,,,,,,,,,,,,,,,,,,,,,,,,,,,,,,,,,,,,,0,,,,,,,,,,,,,,,,
2026-05-22,MC FEE 12233920,,-0.02,"1,008.61",,,,,,,,,,,,,,,,,,,0.02,,,,,,,,,,,,,,,,,,,,,,,,,,,,,0,,,,,,,,,,,,,,,,
2026-05-22,VSA DEP12233920,,3326.83,"4,335.44",,-3326.83,,,,,,,,,,,,,,,,,,,,,,,,,,,,,,,,,,,,,,,,,,,,,,0,,,,,,,,,,,,,,,,
2026-05-22,VSA DEP12374336,,2339.48,"6,674.92",,-2339.48,,,,,,,,,,,,,,,,,,,,,,,,,,,,,,,,,,,,,,,,,,,,,,0,,,,,,,,,,,,,,,,
2026-05-22,VSA FEE12233920,,-71.72,"6,603.20",,,,,,,,,,,,,,,,,,,71.72,,,,,,,,,,,,,,,,,,,,,,,,,,,,,0,,,,,,,,,,,,,,,,
2026-05-25,Misc Payment,HSA CAD CAN,-197.01,"6,406.19",,,,,,,,,,,,,,,,,,,197.01,,,,,,,,,,,,,,,,,,,,,,,,,,,,,0,,,,,,,,,,,,,,,,
2026-05-25,Misc Payment,PAYPAL,2523.49,"8,929.68",,-2523.49,,,,,,,,,,,,,,,,,,,,,,,,,,,,,,,,,,,,,,,,,,,,,,0,,,,,,,,,,,,,,,,
2026-05-25,EF0523 12374336,,605.6,"9,535.28",,-605.6,,,,,,,,,,,,,,,,,,,,,,,,,,,,,,,,,,,,,,,,,,,,,,0,,,,,,,,,,,,,,,,
2026-05-25,EF0525 12374336,,31.5,"9,566.78",,-31.5,,,,,,,,,,,,,,,,,,,,,,,,,,,,,,,,,,,,,,,,,,,,,,0,,,,,,,,,,,,,,,,
2026-05-25,LOAN PAYMENT,,-5000,"4,566.78",,,,,,,,,,,,,,,,,,,,,,,,,,,5000,,,,,,,,,,,,,,,,,,,,,0,,TRF-067,CAN 1050 CAD$,N,-3635,,,,,,,,,,,120
2026-05-25,MC DEP 12233920,,2274.16,"6,840.94",,-2274.16,,,,,,,,,,,,,,,,,,,,,,,,,,,,,,,,,,,,,,,,,,,,,,0,,,,,,,,,,,,,,,,
2026-05-25,MC DEP 12233920,,2607.34,"9,448.28",,-2607.34,,,,,,,,,,,,,,,,,,,,,,,,,,,,,,,,,,,,,,,,,,,,,,0,,,,,,,,,,,,,,,,
2026-05-25,MC DEP 12374336,,292.67,"9,740.95",,-292.67,,,,,,,,,,,,,,,,,,,,,,,,,,,,,,,,,,,,,,,,,,,,,,0,,,,,,,,,,,,,,,,
2026-05-25,MC DEP 12374336,,297.77,"10,038.72",,-297.77,,,,,,,,,,,,,,,,,,,,,,,,,,,,,,,,,,,,,,,,,,,,,,0,,,,,,,,,,,,,,,,
2026-05-25,MC FEE 12233920,,-1.47,"10,037.25",,,,,,,,,,,,,,,,,,,1.47,,,,,,,,,,,,,,,,,,,,,,,,,,,,,0,,,,,,,,,,,,,,,,
2026-05-25,MC FEE 12233920,,-59.5,"9,977.75",,,,,,,,,,,,,,,,,,,59.5,,,,,,,,,,,,,,,,,,,,,,,,,,,,,0,,,,,,,,,,,,,,,,
2026-05-25,MC FEE 12233920,,-50.62,"9,927.13",,,,,,,,,,,,,,,,,,,50.62,,,,,,,,,,,,,,,,,,,,,,,,,,,,,0,,,,,,,,,,,,,,,,
2026-05-25,VSA DEP12233920,,3970.82,"13,897.95",,-3970.82,,,,,,,,,,,,,,,,,,,,,,,,,,,,,,,,,,,,,,,,,,,,,,0,,,,,,,,,,,,,,,,
2026-05-25,VSA DEP12233920,,2625.68,"16,523.63",,-2625.68,,,,,,,,,,,,,,,,,,,,,,,,,,,,,,,,,,,,,,,,,,,,,,0,,,,,,,,,,,,,,,,
2026-05-25,VSA DEP12233920,,869.24,"17,392.87",,-869.24,,,,,,,,,,,,,,,,,,,,,,,,,,,,,,,,,,,,,,,,,,,,,,0,,,,,,,,,,,,,,,,
2026-05-25,VSA DEP12374336,,2998.81,"20,391.68",,-2998.81,,,,,,,,,,,,,,,,,,,,,,,,,,,,,,,,,,,,,,,,,,,,,,0,,,,,,,,,,,,,,,,
2026-05-25,VSA DEP12374336,,3008.71,"23,400.39",,-3008.71,,,,,,,,,,,,,,,,,,,,,,,,,,,,,,,,,,,,,,,,,,,,,,0,,,,,,,,,,,,,,,,
2026-05-25,VSA FEE12233920,,-72.84,"23,327.55",,,,,,,,,,,,,,,,,,,72.84,,,,,,,,,,,,,,,,,,,,,,,,,,,,,0,,,,,,,,,,,,,,,,
2026-05-25,VSA FEE12233920,,-43.97,"23,283.58",,,,,,,,,,,,,,,,,,,43.97,,,,,,,,,,,,,,,,,,,,,,,,,,,,,0,,,,,,,,,,,,,,,,
2026-05-25,VSA FEE12233920,,-22.59,"23,260.99",,,,,,,,,,,,,,,,,,,22.59,,,,,,,,,,,,,,,,,,,,,,,,,,,,,0,,,,,,,,,,,,,,,,
2026-05-26,Credit memo,FT917147600,27562,"50,822.99",,,,,,,,,,,,,,,,,,,,,,,,,,-27562,,,,,,,,,,,,,,,,,,,,,,0,,TRF-101,CAN 1015 USD,Y,20037.574,,,,,,,,,,,121
2026-05-26,Payroll Deposit,INTUIT 10967042,-2096.24,"48,726.75",,,,,,,,,,,,,,,,,,,2096.24,,,,,,,,,,,,,,,,,,,,,,,,,,,,,0,,,,,,,,,,,,,,,,
2026-05-26,Payroll Deposit,INTUIT 10967042,-1498.99,"47,227.76",,,,,,,,,,,,,,,,,,,1498.99,,,,,,,,,,,,,,,,,,,,,,,,,,,,,0,,,,,,,,,,,,,,,,
2026-05-26,Payroll Deposit,INTUIT 10967042,-872.6,"46,355.16",,,,,,,,,,,,,,,,,,,872.6,,,,,,,,,,,,,,,,,,,,,,,,,,,,,0,,,,,,,,,,,,,,,,
2026-05-26,Payroll Deposit,INTUIT 10967042,-1970.11,"44,385.05",,,,,,,,,,,,,,,,,,,1970.11,,,,,,,,,,,,,,,,,,,,,,,,,,,,,0,,,,,,,,,,,,,,,,
2026-05-26,Payroll Deposit,INTUIT 10967042,-1717.04,"42,668.01",,,,,,,,,,,,,,,,,,,1717.04,,,,,,,,,,,,,,,,,,,,,,,,,,,,,0,,,,,,,,,,,,,,,,
2026-05-26,Payroll Deposit,INTUIT 10967042,-1550.16,"41,117.85",,,,,,,,,,,,,,,,,,,1550.16,,,,,,,,,,,,,,,,,,,,,,,,,,,,,0,,,,,,,,,,,,,,,,
2026-05-26,Payroll Deposit,INTUIT 10967042,-1843.86,"39,273.99",,,,,,,,,,,,,,,,,,,1843.86,,,,,,,,,,,,,,,,,,,,,,,,,,,,,0,,,,,,,,,,,,,,,,
2026-05-26,Payroll Deposit,INTUIT 10967042,-1397.61,"37,876.38",,,,,,,,,,,,,,,,,,,1397.61,,,,,,,,,,,,,,,,,,,,,,,,,,,,,0,,,,,,,,,,,,,,,,
2026-05-26,Payroll Deposit,INTUIT 10967042,-2096.76,"35,779.62",,,,,,,,,,,,,,,,,,,2096.76,,,,,,,,,,,,,,,,,,,,,,,,,,,,,0,,,,,,,,,,,,,,,,
2026-05-26,Payroll Deposit,INTUIT 10967042,-2594.32,"33,185.30",,,,,,,,,,,,,,,,,,,2594.32,,,,,,,,,,,,,,,,,,,,,,,,,,,,,0,,,,,,,,,,,,,,,,
2026-05-26,Payroll Deposit,INTUIT 10967042,-1956.97,"31,228.33",,,,,,,,,,,,,,,,,,,1956.97,,,,,,,,,,,,,,,,,,,,,,,,,,,,,0,,,,,,,,,,,,,,,,
2026-05-26,Payroll Deposit,INTUIT 10967042,-1843.86,"29,384.47",,,,,,,,,,,,,,,,,,,1843.86,,,,,,,,,,,,,,,,,,,,,,,,,,,,,0,,,,,,,,,,,,,,,,
2026-05-26,Payroll Deposit,INTUIT 10967042,-1739.32,"27,645.15",,,,,,,,,,,,,,,,,,,1739.32,,,,,,,,,,,,,,,,,,,,,,,,,,,,,0,,,,,,,,,,,,,,,,
2026-05-26,Payroll Deposit,INTUIT 10967042,-1797.07,"25,848.08",,,,,,,,,,,,,,,,,,,1797.07,,,,,,,,,,,,,,,,,,,,,,,,,,,,,0,,,,,,,,,,,,,,,,
2026-05-26,Payroll Deposit,INTUIT 10967042,-4469.6,"21,378.48",,,,,,,,,,,,,,,,,,,4469.6,,,,,,,,,,,,,,,,,,,,,,,,,,,,,0,,,,,,,,,,,,,,,,
2026-05-26,Payroll Deposit,INTUIT 10967042,-2728.21,"18,650.27",,,,,,,,,,,,,,,,,,,2728.21,,,,,,,,,,,,,,,,,,,,,,,,,,,,,0,,,,,,,,,,,,,,,,
2026-05-26,Payroll Deposit,INTUIT 10967042,-1445.43,"17,204.84",,,,,,,,,,,,,,,,,,,1445.43,,,,,,,,,,,,,,,,,,,,,,,,,,,,,0,,,,,,,,,,,,,,,,
2026-05-26,Payroll Deposit,INTUIT 10967042,-2219.18,"14,985.66",,,,,,,,,,,,,,,,,,,2219.18,,,,,,,,,,,,,,,,,,,,,,,,,,,,,0,,,,,,,,,,,,,,,,
2026-05-26,LOAN PAYMENT,,-15000,-14.34,,,,,,,,,,,,,,,,,,,,,,,,,,,15000,,,,,,,,,,,,,,,,,,,,,0,,TRF-068,CAN 1050 CAD$,N,-10905,,,,,,,,,,,122
2026-05-26,MC DEP 12233920,,2590.37,"2,576.03",,-2590.37,,,,,,,,,,,,,,,,,,,,,,,,,,,,,,,,,,,,,,,,,,,,,,0,,,,,,,,,,,,,,,,
2026-05-26,MC FEE 12233920,,-61.07,"2,514.96",,,,,,,,,,,,,,,,,,,61.07,,,,,,,,,,,,,,,,,,,,,,,,,,,,,0,,,,,,,,,,,,,,,,
2026-05-26,VSA DEP12233920,,5926.51,"8,441.47",,-5926.51,,,,,,,,,,,,,,,,,,,,,,,,,,,,,,,,,,,,,,,,,,,,,,0,,,,,,,,,,,,,,,,
2026-05-26,VSA DEP12374336,,208.24,"8,649.71",,-208.24,,,,,,,,,,,,,,,,,,,,,,,,,,,,,,,,,,,,,,,,,,,,,,0,,,,,,,,,,,,,,,,
2026-05-26,VSA FEE12233920,,-151.08,"8,498.63",,,,,,,,,,,,,,,,,,,151.08,,,,,,,,,,,,,,,,,,,,,,,,,,,,,0,,,,,,,,,,,,,,,,
2026-05-27,Misc Payment,HSA CAD CAN,-480.49,"8,018.14",,,,,,,,,,,,,,,,,,,480.49,,,,,,,,,,,,,,,,,,,,,,,,,,,,,0,,,,,,,,,,,,,,,,
2026-05-27,MC DEP 12233920,,6726.18,"14,744.32",,-6726.18,,,,,,,,,,,,,,,,,,,,,,,,,,,,,,,,,,,,,,,,,,,,,,0,,,,,,,,,,,,,,,,
2026-05-27,MC DEP 12374336,,29.39,"14,773.71",,-29.39,,,,,,,,,,,,,,,,,,,,,,,,,,,,,,,,,,,,,,,,,,,,,,0,,,,,,,,,,,,,,,,
2026-05-27,MC FEE 12233920,,-133.83,"14,639.88",,,,,,,,,,,,,,,,,,,133.83,,,,,,,,,,,,,,,,,,,,,,,,,,,,,0,,,,,,,,,,,,,,,,
2026-05-27,VSA DEP12233920,,4340.52,"18,980.40",,-4340.52,,,,,,,,,,,,,,,,,,,,,,,,,,,,,,,,,,,,,,,,,,,,,,0,,,,,,,,,,,,,,,,
2026-05-27,VSA DEP12374336,,126.64,"19,107.04",,-126.64,,,,,,,,,,,,,,,,,,,,,,,,,,,,,,,,,,,,,,,,,,,,,,0,,,,,,,,,,,,,,,,
2026-05-27,VSA FEE12233920,,-98.6,"19,008.44",,,,,,,,,,,,,,,,,,,98.6,,,,,,,,,,,,,,,,,,,,,,,,,,,,,0,,,,,,,,,,,,,,,,
2026-05-28,Misc Payment,PAYPAL,4933.36,"23,941.80",,-4933.36,,,,,,,,,,,,,,,,,,,,,,,,,,,,,,,,,,,,,,,,,,,,,,0,,,,,,,,,,,,,,,,
2026-05-28,MC DEP 12233920,,1361.24,"25,303.04",,-1361.24,,,,,,,,,,,,,,,,,,,,,,,,,,,,,,,,,,,,,,,,,,,,,,0,,,,,,,,,,,,,,,,
2026-05-28,MC DEP 12374336,,27.09,"25,330.13",,-27.09,,,,,,,,,,,,,,,,,,,,,,,,,,,,,,,,,,,,,,,,,,,,,,0,,,,,,,,,,,,,,,,
2026-05-28,MC FEE 12233920,,-27.62,"25,302.51",,,,,,,,,,,,,,,,,,,27.62,,,,,,,,,,,,,,,,,,,,,,,,,,,,,0,,,,,,,,,,,,,,,,
2026-05-28,VSA DEP12233920,,-2329.65,"22,972.86",,2329.65,,,,,,,,,,,,,,,,,,,,,,,,,,,,,,,,,,,,,,,,,,,,,,0,,,,,,,,,,,,,,,,
2026-05-28,VSA DEP12374336,,102.64,"23,075.50",,-102.64,,,,,,,,,,,,,,,,,,,,,,,,,,,,,,,,,,,,,,,,,,,,,,0,,,,,,,,,,,,,,,,
2026-05-28,VSA FEE12233920,,33.7,"23,109.20",,,,,,,,,,,,,,,,,,,-33.7,,,,,,,,,,,,,,,,,,,,,,,,,,,,,0,,,,,,,,,,,,,,,,
2026-05-29,Misc Payment,HSA CAD CAN,-272.49,"22,836.71",,,,,,,,,,,,,,,,,,,272.49,,,,,,,,,,,,,,,,,,,,,,,,,,,,,0,,,,,,,,,,,,,,,,
2026-05-29,EF0529 12374336,,20.15,"22,856.86",,-20.15,,,,,,,,,,,,,,,,,,,,,,,,,,,,,,,,,,,,,,,,,,,,,,0,,,,,,,,,,,,,,,,
2026-05-29,MC DEP 12233920,,44.39,"22,901.25",,-44.39,,,,,,,,,,,,,,,,,,,,,,,,,,,,,,,,,,,,,,,,,,,,,,0,,,,,,,,,,,,,,,,
2026-05-29,MC FEE 12233920,,-1.28,"22,899.97",,,,,,,,,,,,,,,,,,,1.28,,,,,,,,,,,,,,,,,,,,,,,,,,,,,0,,,,,,,,,,,,,,,,
2026-05-29,VSA DEP12233920,,4349.3,"27,249.27",,-4349.3,,,,,,,,,,,,,,,,,,,,,,,,,,,,,,,,,,,,,,,,,,,,,,0,,,,,,,,,,,,,,,,
2026-05-29,VSA DEP12374336,,132.2,"27,381.47",,-132.2,,,,,,,,,,,,,,,,,,,,,,,,,,,,,,,,,,,,,,,,,,,,,,0,,,,,,,,,,,,,,,,
2026-05-29,VSA FEE12233920,,-76.94,"27,304.53",,,,,,,,,,,,,,,,,,,76.94,,,,,,,,,,,,,,,,,,,,,,,,,,,,,0,,,,,,,,,,,,,,,,
2026-06-01,Insurance Loan,FIRST INSURANCE,-3210.9,"24,093.63",,,,,,,,,,,,,,,,,,,3210.9,,,,,,,,,,,,,,,,,,,,,,,,,,,,,0,,,,,,,,,,,,,,,,
2026-06-01,Misc Payment,PAYPAL,353.27,"24,446.90",,-353.27,,,,,,,,,,,,,,,,,,,,,,,,,,,,,,,,,,,,,,,,,,,,,,0,,,,,,,,,,,,,,,,
2026-06-01,AMX DEP12233920,,2080.32,"26,527.22",,-2080.32,,,,,,,,,,,,,,,,,,,,,,,,,,,,,,,,,,,,,,,,,,,,,,0,,,,,,,,,,,,,,,,
2026-06-01,AMX FEE12233920,,-130.58,"26,396.64",,,,,,,,,,,,,,,,,,,130.58,,,,,,,,,,,,,,,,,,,,,,,,,,,,,0,,,,,,,,,,,,,,,,
2026-06-01,AMX FEE12374336,,-5.52,"26,391.12",,,,,,,,,,,,,,,,,,,5.52,,,,,,,,,,,,,,,,,,,,,,,,,,,,,0,,,,,,,,,,,,,,,,
2026-06-01,EF0601 12374336,,22.39,"26,413.51",,-22.39,,,,,,,,,,,,,,,,,,,,,,,,,,,,,,,,,,,,,,,,,,,,,,0,,,,,,,,,,,,,,,,
2026-06-01,INT FEE12374336,,-1.31,"26,412.20",,,,,,,,,,,,,,,,,,,1.31,,,,,,,,,,,,,,,,,,,,,,,,,,,,,0,,,,,,,,,,,,,,,,
2026-06-01,MC DEP 12233920,,174.26,"26,586.46",,-174.26,,,,,,,,,,,,,,,,,,,,,,,,,,,,,,,,,,,,,,,,,,,,,,0,,,,,,,,,,,,,,,,
2026-06-01,MC DEP 12233920,,2073.75,"28,660.21",,-2073.75,,,,,,,,,,,,,,,,,,,,,,,,,,,,,,,,,,,,,,,,,,,,,,0,,,,,,,,,,,,,,,,
2026-06-01,MC DEP 12374336,,485.23,"29,145.44",,-485.23,,,,,,,,,,,,,,,,,,,,,,,,,,,,,,,,,,,,,,,,,,,,,,0,,,,,,,,,,,,,,,,
2026-06-01,MC FEE 12233920,,-3.98,"29,141.46",,,,,,,,,,,,,,,,,,,3.98,,,,,,,,,,,,,,,,,,,,,,,,,,,,,0,,,,,,,,,,,,,,,,
2026-06-01,MC FEE 12233920,,-50.76,"29,090.70",,,,,,,,,,,,,,,,,,,50.76,,,,,,,,,,,,,,,,,,,,,,,,,,,,,0,,,,,,,,,,,,,,,,
2026-06-01,MC FEE 12233920,,-46.65,"29,044.05",,,,,,,,,,,,,,,,,,,46.65,,,,,,,,,,,,,,,,,,,,,,,,,,,,,0,,,,,,,,,,,,,,,,
2026-06-01,MC FEE 12374336,,-32.84,"29,011.21",,,,,,,,,,,,,,,,,,,32.84,,,,,,,,,,,,,,,,,,,,,,,,,,,,,0,,,,,,,,,,,,,,,,
2026-06-01,MON FEE12233920,,-27.3,"28,983.91",,,,,,,,,,,,,,,,,,,27.3,,,,,,,,,,,,,,,,,,,,,,,,,,,,,0,,,,,,,,,,,,,,,,
2026-06-01,MON FEE12344503,,-27.3,"28,956.61",,,,,,,,,,,,,,,,,,,27.3,,,,,,,,,,,,,,,,,,,,,,,,,,,,,0,,,,,,,,,,,,,,,,
2026-06-01,MON FEE12374336,,-45.5,"28,911.11",,,,,,,,,,,,,,,,,,,45.5,,,,,,,,,,,,,,,,,,,,,,,,,,,,,0,,,,,,,,,,,,,,,,
2026-06-01,VSA DEP12233920,,5270.22,"34,181.33",,-5270.22,,,,,,,,,,,,,,,,,,,,,,,,,,,,,,,,,,,,,,,,,,,,,,0,,,,,,,,,,,,,,,,
2026-06-01,VSA DEP12233920,,2267.42,"36,448.75",,-2267.42,,,,,,,,,,,,,,,,,,,,,,,,,,,,,,,,,,,,,,,,,,,,,,0,,,,,,,,,,,,,,,,
2026-06-01,VSA DEP12233920,,1634.42,"38,083.17",,-1634.42,,,,,,,,,,,,,,,,,,,,,,,,,,,,,,,,,,,,,,,,,,,,,,0,,,,,,,,,,,,,,,,
2026-06-01,VSA DEP12374336,,90.28,"38,173.45",,-90.28,,,,,,,,,,,,,,,,,,,,,,,,,,,,,,,,,,,,,,,,,,,,,,0,,,,,,,,,,,,,,,,
2026-06-01,VSA FEE12233920,,-27.92,"38,145.53",,,,,,,,,,,,,,,,,,,27.92,,,,,,,,,,,,,,,,,,,,,,,,,,,,,0,,,,,,,,,,,,,,,,
2026-06-01,VSA FEE12233920,,-43.51,"38,102.02",,,,,,,,,,,,,,,,,,,43.51,,,,,,,,,,,,,,,,,,,,,,,,,,,,,0,,,,,,,,,,,,,,,,
2026-06-01,VSA FEE12233920,,-116.16,"37,985.86",,,,,,,,,,,,,,,,,,,116.16,,,,,,,,,,,,,,,,,,,,,,,,,,,,,0,,,,,,,,,,,,,,,,
2026-06-01,VSA FEE12374336,,-266.18,"37,719.68",,,,,,,,,,,,,,,,,,,266.18,,,,,,,,,,,,,,,,,,,,,,,,,,,,,0,,,,,,,,,,,,,,,,
2026-06-02,Business PAD,Clearbridge Bus,-1223.61,"36,496.07",,,,,,,,,,,,,,,,,,,1223.61,,,,,,,,,,,,,,,,,,,,,,,,,,,,,0,,,,,,,,,,,,,,,,
2026-06-02,Business PAD,SPECIALIZED,-13965,"22,531.07",,,,,,,,,,,,,,,,,,,,,,,,,,,,,,,,13965,,,,,,,,,,,,,,,,0,,,,,,,,,,,,,,,,
2026-06-02,EF0602 12374336,,7.31,"22,538.38",,-7.31,,,,,,,,,,,,,,,,,,,,,,,,,,,,,,,,,,,,,,,,,,,,,,0,,,,,,,,,,,,,,,,
2026-06-02,MC DEP 12233920,,1560.65,"24,099.03",,-1560.65,,,,,,,,,,,,,,,,,,,,,,,,,,,,,,,,,,,,,,,,,,,,,,0,,,,,,,,,,,,,,,,
2026-06-02,MC FEE 12233920,,-34.8,"24,064.23",,,,,,,,,,,,,,,,,,,34.8,,,,,,,,,,,,,,,,,,,,,,,,,,,,,0,,,,,,,,,,,,,,,,
2026-06-02,Monthly fee,,-6,"24,058.23",,,,,,,,,,,,,,,,,,,6,,,,,,,,,,,,,,,,,,,,,,,,,,,,,0,,,,,,,,,,,,,,,,
2026-06-02,VSA DEP12233920,,2449.52,"26,507.75",,-2449.52,,,,,,,,,,,,,,,,,,,,,,,,,,,,,,,,,,,,,,,,,,,,,,0,,,,,,,,,,,,,,,,
2026-06-02,VSA DEP12374336,,6509.47,"33,017.22",,-6509.47,,,,,,,,,,,,,,,,,,,,,,,,,,,,,,,,,,,,,,,,,,,,,,0,,,,,,,,,,,,,,,,
2026-06-02,VSA FEE12233920,,-70.9,"32,946.32",,,,,,,,,,,,,,,,,,,70.9,,,,,,,,,,,,,,,,,,,,,,,,,,,,,0,,,,,,,,,,,,,,,,
2026-06-03,e-Transfer received,BOWHEAD DESIGN CORPORATION,3045.18,"35,991.50",,-3045.18,,,,,,,,,,,,,,,,,,,,,,,,,,,,,,,,,,,,,,,,,,,,,,0,,,,,,,,,,,,,,,,
2026-06-03,Misc Payment,HSA CAD CAN,-290.05,"35,701.45",,,,,,,,,,,,,,,,,,,290.05,,,,,,,,,,,,,,,,,,,,,,,,,,,,,0,,,,,,,,,,,,,,,,
2026-06-03,MC DEP 12233920,,7275.68,"42,977.13",,-7275.68,,,,,,,,,,,,,,,,,,,,,,,,,,,,,,,,,,,,,,,,,,,,,,0,,,,,,,,,,,,,,,,
2026-06-03,MC DEP 12374336,,1913.27,"44,890.40",,-1913.27,,,,,,,,,,,,,,,,,,,,,,,,,,,,,,,,,,,,,,,,,,,,,,0,,,,,,,,,,,,,,,,
2026-06-03,MC FEE 12233920,,-161.63,"44,728.77",,,,,,,,,,,,,,,,,,,161.63,,,,,,,,,,,,,,,,,,,,,,,,,,,,,0,,,,,,,,,,,,,,,,
2026-06-03,VSA DEP12233920,,1424.66,"46,153.43",,-1424.66,,,,,,,,,,,,,,,,,,,,,,,,,,,,,,,,,,,,,,,,,,,,,,0,,,,,,,,,,,,,,,,
2026-06-03,VSA FEE12233920,,-26.54,"46,126.89",,,,,,,,,,,,,,,,,,,26.54,,,,,,,,,,,,,,,,,,,,,,,,,,,,,0,,,,,,,,,,,,,,,,
2026-06-04,Federal Payment,CANADA,-2422.52,"43,704.37",,,,,,,,,,,,,,,,,,,2422.52,,,,,,,,,,,,,,,,,,,,,,,,,,,,,0,,,,,,,,,,,,,,,,
2026-06-04,Direct Deposits (PDS) service total,GRADS8318600000,-785.54,"42,918.83",,,,,,,,,,,,,,,,,,,785.54,,,,,,,,,,,,,,,,,,,,,,,,,,,,,0,,,,,,,,,,,,,,,,
2026-06-04,e-Transfer sent,Nolan Weiss,-785.4,"42,133.43",,,,,,,,,,,,,,,,,,,785.4,,,,,,,,,,,,,,,,,,,,,,,,,,,,,0,,,,,,,,,,,,,,,,
2026-06-04,Activity fee,,-266,"41,867.43",,266,,,,,,,,,,,,,,,,,,,,,,,,,,,,,,,,,,,,,,,,,,,,,,0,,,,,,,,,,,,,,,,
2026-06-04,MC DEP 12233920,,2699.73,"44,567.16",,-2699.73,,,,,,,,,,,,,,,,,,,,,,,,,,,,,,,,,,,,,,,,,,,,,,0,,,,,,,,,,,,,,,,
2026-06-04,MC FEE 12233920,,-49.29,"44,517.87",,,,,,,,,,,,,,,,,,,49.29,,,,,,,,,,,,,,,,,,,,,,,,,,,,,0,,,,,,,,,,,,,,,,
2026-06-04,VSA DEP12233920,,-1381.43,"43,136.44",,1381.43,,,,,,,,,,,,,,,,,,,,,,,,,,,,,,,,,,,,,,,,,,,,,,0,,,,,,,,,,,,,,,,
2026-06-04,VSA DEP12374336,,85.68,"43,222.12",,-85.68,,,,,,,,,,,,,,,,,,,,,,,,,,,,,,,,,,,,,,,,,,,,,,0,,,,,,,,,,,,,,,,
2026-06-04,VSA FEE12233920,,30.46,"43,252.58",,,,,,,,,,,,,,,,,,,-30.46,,,,,,,,,,,,,,,,,,,,,,,,,,,,,0,,,,,,,,,,,,,,,,
2026-06-05,MC DEP 12233920,,38.34,"43,290.92",,-38.34,,,,,,,,,,,,,,,,,,,,,,,,,,,,,,,,,,,,,,,,,,,,,,0,,,,,,,,,,,,,,,,
2026-06-05,MC DEP 12374336,,195.93,"43,486.85",,-195.93,,,,,,,,,,,,,,,,,,,,,,,,,,,,,,,,,,,,,,,,,,,,,,0,,,,,,,,,,,,,,,,
2026-06-05,MC FEE 12233920,,-0.96,"43,485.89",,,,,,,,,,,,,,,,,,,0.96,,,,,,,,,,,,,,,,,,,,,,,,,,,,,0,,,,,,,,,,,,,,,,
2026-06-05,VSA DEP12233920,,2832.97,"46,318.86",,-2832.97,,,,,,,,,,,,,,,,,,,,,,,,,,,,,,,,,,,,,,,,,,,,,,0,,,,,,,,,,,,,,,,
2026-06-05,VSA FEE12233920,,-47.42,"46,271.44",,,,,,,,,,,,,,,,,,,47.42,,,,,,,,,,,,,,,,,,,,,,,,,,,,,0,,,,,,,,,,,,,,,,
2026-06-08,Business PAD,Clearbridge Bus,-748.13,"45,523.31",,,,,,,,,,,,,,,,,,,748.13,,,,,,,,,,,,,,,,,,,,,,,,,,,,,0,,,,,,,,,,,,,,,,
2026-06-08,Online Banking payment - 7238,CYCLES LAMBERT,-461.38,"45,061.93",,,,,,,,,,,,,,,,,,,,,,,,,,,,,,,,461.38,,,,,,,,,,,,,,,,0,,,,,,,,,,,,,,,,
2026-06-08,Misc Payment,PAYPAL,1920.97,"46,982.90",,-1920.97,,,,,,,,,,,,,,,,,,,,,,,,,,,,,,,,,,,,,,,,,,,,,,0,,,,,,,,,,,,,,,,
2026-06-08,MC DEP 12233920,,2442.85,"49,425.75",,-2442.85,,,,,,,,,,,,,,,,,,,,,,,,,,,,,,,,,,,,,,,,,,,,,,0,,,,,,,,,,,,,,,,
2026-06-08,MC DEP 12374336,,1875.13,"51,300.88",,-1875.13,,,,,,,,,,,,,,,,,,,,,,,,,,,,,,,,,,,,,,,,,,,,,,0,,,,,,,,,,,,,,,,
2026-06-08,MC FEE 12233920,,-0.03,"51,300.85",,,,,,,,,,,,,,,,,,,0.03,,,,,,,,,,,,,,,,,,,,,,,,,,,,,0,,,,,,,,,,,,,,,,
2026-06-08,MC FEE 12233920,,-56.78,"51,244.07",,,,,,,,,,,,,,,,,,,56.78,,,,,,,,,,,,,,,,,,,,,,,,,,,,,0,,,,,,,,,,,,,,,,
2026-06-08,VSA DEP12233920,,3221.99,"54,466.06",,-3221.99,,,,,,,,,,,,,,,,,,,,,,,,,,,,,,,,,,,,,,,,,,,,,,0,,,,,,,,,,,,,,,,
2026-06-08,VSA DEP12233920,,2228.14,"56,694.20",,-2228.14,,,,,,,,,,,,,,,,,,,,,,,,,,,,,,,,,,,,,,,,,,,,,,0,,,,,,,,,,,,,,,,
2026-06-08,VSA FEE12233920,,-37.12,"56,657.08",,,,,,,,,,,,,,,,,,,37.12,,,,,,,,,,,,,,,,,,,,,,,,,,,,,0,,,,,,,,,,,,,,,,
2026-06-08,VSA FEE12233920,,-55.78,"56,601.30",,,,,,,,,,,,,,,,,,,55.78,,,,,,,,,,,,,,,,,,,,,,,,,,,,,0,,,,,,,,,,,,,,,,
2026-06-08,VSA FEE12233920,,-0.06,"56,601.24",,,,,,,,,,,,,,,,,,,0.06,,,,,,,,,,,,,,,,,,,,,,,,,,,,,0,,,,,,,,,,,,,,,,
2026-06-09,Payroll Deposit,INTUIT 11243467,-1956.97,"54,644.27",,,,,,,,,,,,,,,,,,,1956.97,,,,,,,,,,,,,,,,,,,,,,,,,,,,,0,,,,,,,,,,,,,,,,
2026-06-09,Payroll Deposit,INTUIT 11243467,-1843.86,"52,800.41",,,,,,,,,,,,,,,,,,,1843.86,,,,,,,,,,,,,,,,,,,,,,,,,,,,,0,,,,,,,,,,,,,,,,
2026-06-09,Payroll Deposit,INTUIT 11243467,-1739.32,"51,061.09",,,,,,,,,,,,,,,,,,,1739.32,,,,,,,,,,,,,,,,,,,,,,,,,,,,,0,,,,,,,,,,,,,,,,
2026-06-09,Payroll Deposit,INTUIT 11243467,-2238.69,"48,822.40",,,,,,,,,,,,,,,,,,,2238.69,,,,,,,,,,,,,,,,,,,,,,,,,,,,,0,,,,,,,,,,,,,,,,
2026-06-09,Payroll Deposit,INTUIT 11243467,-1493.98,"47,328.42",,,,,,,,,,,,,,,,,,,1493.98,,,,,,,,,,,,,,,,,,,,,,,,,,,,,0,,,,,,,,,,,,,,,,
2026-06-09,Payroll Deposit,INTUIT 11243467,-1970.11,"45,358.31",,,,,,,,,,,,,,,,,,,1970.11,,,,,,,,,,,,,,,,,,,,,,,,,,,,,0,,,,,,,,,,,,,,,,
2026-06-09,Payroll Deposit,INTUIT 11243467,-1874.31,"43,484.00",,,,,,,,,,,,,,,,,,,1874.31,,,,,,,,,,,,,,,,,,,,,,,,,,,,,0,,,,,,,,,,,,,,,,
2026-06-09,Payroll Deposit,INTUIT 11243467,-2219.18,"41,264.82",,,,,,,,,,,,,,,,,,,2219.18,,,,,,,,,,,,,,,,,,,,,,,,,,,,,0,,,,,,,,,,,,,,,,
2026-06-09,Payroll Deposit,INTUIT 11243467,-1797.07,"39,467.75",,,,,,,,,,,,,,,,,,,1797.07,,,,,,,,,,,,,,,,,,,,,,,,,,,,,0,,,,,,,,,,,,,,,,
2026-06-09,Payroll Deposit,INTUIT 11243467,-2594.32,"36,873.43",,,,,,,,,,,,,,,,,,,2594.32,,,,,,,,,,,,,,,,,,,,,,,,,,,,,0,,,,,,,,,,,,,,,,
2026-06-09,Payroll Deposit,INTUIT 11243467,-910.09,"35,963.34",,,,,,,,,,,,,,,,,,,910.09,,,,,,,,,,,,,,,,,,,,,,,,,,,,,0,,,,,,,,,,,,,,,,
2026-06-09,Payroll Deposit,INTUIT 11243467,-1843.86,"34,119.48",,,,,,,,,,,,,,,,,,,1843.86,,,,,,,,,,,,,,,,,,,,,,,,,,,,,0,,,,,,,,,,,,,,,,
2026-06-09,Payroll Deposit,INTUIT 11243467,-2096.24,"32,023.24",,,,,,,,,,,,,,,,,,,2096.24,,,,,,,,,,,,,,,,,,,,,,,,,,,,,0,,,,,,,,,,,,,,,,
2026-06-09,Payroll Deposit,INTUIT 11243467,-4721.56,"27,301.68",,,,,,,,,,,,,,,,,,,4721.56,,,,,,,,,,,,,,,,,,,,,,,,,,,,,0,,,,,,,,,,,,,,,,
2026-06-09,Payroll Deposit,INTUIT 11243467,-1717.04,"25,584.64",,,,,,,,,,,,,,,,,,,1717.04,,,,,,,,,,,,,,,,,,,,,,,,,,,,,0,,,,,,,,,,,,,,,,
2026-06-09,Payroll Deposit,INTUIT 11243467,-1445.43,"24,139.21",,,,,,,,,,,,,,,,,,,1445.43,,,,,,,,,,,,,,,,,,,,,,,,,,,,,0,,,,,,,,,,,,,,,,
2026-06-09,Payroll Deposit,INTUIT 11243467,-1550.16,"22,589.05",,,,,,,,,,,,,,,,,,,1550.16,,,,,,,,,,,,,,,,,,,,,,,,,,,,,0,,,,,,,,,,,,,,,,
2026-06-09,Payroll Deposit,INTUIT 11243467,-1397.61,"21,191.44",,,,,,,,,,,,,,,,,,,1397.61,,,,,,,,,,,,,,,,,,,,,,,,,,,,,0,,,,,,,,,,,,,,,,
2026-06-09,MC DEP 12233920,,433.04,"21,624.48",,-433.04,,,,,,,,,,,,,,,,,,,,,,,,,,,,,,,,,,,,,,,,,,,,,,0,,,,,,,,,,,,,,,,
2026-06-09,MC DEP 12374336,,-2750.26,"18,874.22",,2750.26,,,,,,,,,,,,,,,,,,,,,,,,,,,,,,,,,,,,,,,,,,,,,,0,,,,,,,,,,,,,,,,
2026-06-09,MC FEE 12233920,,-7.69,"18,866.53",,,,,,,,,,,,,,,,,,,7.69,,,,,,,,,,,,,,,,,,,,,,,,,,,,,0,,,,,,,,,,,,,,,,
2026-06-09,VSA DEP12233920,,1826.37,"20,692.90",,-1826.37,,,,,,,,,,,,,,,,,,,,,,,,,,,,,,,,,,,,,,,,,,,,,,0,,,,,,,,,,,,,,,,
2026-06-09,VSA FEE12233920,,-34.52,"20,658.38",,,,,,,,,,,,,,,,,,,34.52,,,,,,,,,,,,,,,,,,,,,,,,,,,,,0,,,,,,,,,,,,,,,,
2026-06-10,AMX DEP12233920,,164.03,"20,822.41",,-164.03,,,,,,,,,,,,,,,,,,,,,,,,,,,,,,,,,,,,,,,,,,,,,,0,,,,,,,,,,,,,,,,
2026-06-10,MC DEP 12233920,,451.63,"21,274.04",,-451.63,,,,,,,,,,,,,,,,,,,,,,,,,,,,,,,,,,,,,,,,,,,,,,0,,,,,,,,,,,,,,,,
2026-06-10,MC DEP 12374336,,-1000,"20,274.04",,1000,,,,,,,,,,,,,,,,,,,,,,,,,,,,,,,,,,,,,,,,,,,,,,0,,,,,,,,,,,,,,,,
2026-06-10,MC FEE 12233920,,-10.25,"20,263.79",,,,,,,,,,,,,,,,,,,10.25,,,,,,,,,,,,,,,,,,,,,,,,,,,,,0,,,,,,,,,,,,,,,,
2026-06-10,Online transfer sent - 6191,,-8000,"12,263.79",,,,,,,,,,,,,,,,,,,8000,,,,,,,,,,,,,,,,,,,,,,,,,,,,,0,,,,,,,,,,,,,,,,
2026-06-10,VSA DEP12233920,,110.11,"12,373.90",,-110.11,,,,,,,,,,,,,,,,,,,,,,,,,,,,,,,,,,,,,,,,,,,,,,0,,,,,,,,,,,,,,,,
2026-06-10,VSA FEE12233920,,-2.29,"12,371.61",,,,,,,,,,,,,,,,,,,2.29,,,,,,,,,,,,,,,,,,,,,,,,,,,,,0,,,,,,,,,,,,,,,,
2026-06-11,Bill Payment,FortisBC Energy,-127.29,"12,244.32",,,,,,,,,,,,,,,,,,,127.29,,,,,,,,,,,,,,,,,,,,,,,,,,,,,0,,,,,,,,,,,,,,,,
2026-06-11,e-Transfer sent,Victoria Leeson,-204.36,"12,039.96",,,,,,,,,,,,,,,,,,,204.36,,,,,,,,,,,,,,,,,,,,,,,,,,,,,0,,,,,,,,,,,,,,,,
2026-06-11,MC DEP 12233920,,163.15,"12,203.11",,-163.15,,,,,,,,,,,,,,,,,,,,,,,,,,,,,,,,,,,,,,,,,,,,,,0,,,,,,,,,,,,,,,,
2026-06-11,MC DEP 12374336,,10.07,"12,213.18",,-10.07,,,,,,,,,,,,,,,,,,,,,,,,,,,,,,,,,,,,,,,,,,,,,,0,,,,,,,,,,,,,,,,
2026-06-11,MC FEE 12233920,,-4.93,"12,208.25",,,,,,,,,,,,,,,,,,,4.93,,,,,,,,,,,,,,,,,,,,,,,,,,,,,0,,,,,,,,,,,,,,,,
2026-06-11,VSA DEP12233920,,25.23,"12,233.48",,-25.23,,,,,,,,,,,,,,,,,,,,,,,,,,,,,,,,,,,,,,,,,,,,,,0,,,,,,,,,,,,,,,,
2026-06-11,VSA FEE12233920,,-0.9,"12,232.58",,,,,,,,,,,,,,,,,,,0.9,,,,,,,,,,,,,,,,,,,,,,,,,,,,,0,,,,,,,,,,,,,,,,
2026-06-12,Payroll Deposit,PAYROLL,-24961.15,"-12,728.57",,,,,,,,,,,,,,,,,,,24961.15,,,,,,,,,,,,,,,,,,,,,,,,,,,,,0,,,,,,,,,,,,,,,,
2026-06-12,Misc Payment,STRIPE,2170.32,"-10,558.25",,-2170.32,,,,,,,,,,,,,,,,,,,,,,,,,,,,,,,,,,,,,,,,,,,,,,0,,,,,,,,,,,,,,,,
2026-06-12,EF0612 12374336,,38.42,"-10,519.83",,-38.42,,,,,,,,,,,,,,,,,,,,,,,,,,,,,,,,,,,,,,,,,,,,,,0,,,,,,,,,,,,,,,,
2026-06-12,MC DEP 12233920,,3544.64,"-6,975.19",,-3544.64,,,,,,,,,,,,,,,,,,,,,,,,,,,,,,,,,,,,,,,,,,,,,,0,,,,,,,,,,,,,,,,
2026-06-12,MC FEE 12233920,,-67.47,"-7,042.66",,,,,,,,,,,,,,,,,,,67.47,,,,,,,,,,,,,,,,,,,,,,,,,,,,,0,,,,,,,,,,,,,,,,
2026-06-12,Online transfer sent - 7182,,-8000,"-15,042.66",,,,,,,,,,,,,,,,,,,8000,,,,,,,,,,,,,,,,,,,,,,,,,,,,,0,,,,,,,,,,,,,,,,
2026-06-12,VSA DEP12374336,,44.8,"-14,997.86",,-44.8,,,,,,,,,,,,,,,,,,,,,,,,,,,,,,,,,,,,,,,,,,,,,,0,,,,,,,,,,,,,,,,
2026-06-12,VSA FEE12233920,,-0.13,"-14,997.99",,,,,,,,,,,,,,,,,,,0.13,,,,,,,,,,,,,,,,,,,,,,,,,,,,,0,,,,,,,,,,,,,,,,
2026-06-15,e-Transfer received,BOWHEAD DESIGN CORPORATION,4121.59,"-10,876.40",,-4121.59,,,,,,,,,,,,,,,,,,,,,,,,,,,,,,,,,,,,,,,,,,,,,,0,,,,,,,,,,,,,,,,
2026-06-15,Misc Payment,HSA CAD CAN,-295.07,"-11,171.47",,,,,,,,,,,,,,,,,,,295.07,,,,,,,,,,,,,,,,,,,,,,,,,,,,,0,,,,,,,,,,,,,,,,
2026-06-15,Misc Payment,PAYPAL,73.03,"-11,098.44",,-73.03,,,,,,,,,,,,,,,,,,,,,,,,,,,,,,,,,,,,,,,,,,,,,,0,,,,,,,,,,,,,,,,
2026-06-15,EF0615 12374336,,60.53,"-11,037.91",,-60.53,,,,,,,,,,,,,,,,,,,,,,,,,,,,,,,,,,,,,,,,,,,,,,0,,,,,,,,,,,,,,,,
2026-06-15,LOAN CREDIT,,15000,"3,962.09",,,,,,,,,,,,,,,,,,,,,,,,,,-15000,,,,,,,,,,,,,,,,,,,,,,0,,TRF-069,CAN 1050 CAD$,N,10905,,,,,,,,,,,123
2026-06-15,MC DEP 12233920,,249.15,"4,211.24",,-249.15,,,,,,,,,,,,,,,,,,,,,,,,,,,,,,,,,,,,,,,,,,,,,,0,,,,,,,,,,,,,,,,
2026-06-15,MC FEE 12233920,,-5.67,"4,205.57",,,,,,,,,,,,,,,,,,,5.67,,,,,,,,,,,,,,,,,,,,,,,,,,,,,0,,,,,,,,,,,,,,,,
2026-06-15,MC FEE 12233920,,-0.04,"4,205.53",,,,,,,,,,,,,,,,,,,0.04,,,,,,,,,,,,,,,,,,,,,,,,,,,,,0,,,,,,,,,,,,,,,,
2026-06-15,VSA DEP12233920,,1930.03,"6,135.56",,-1930.03,,,,,,,,,,,,,,,,,,,,,,,,,,,,,,,,,,,,,,,,,,,,,,0,,,,,,,,,,,,,,,,
2026-06-15,VSA DEP12233920,,116.16,"6,251.72",,-116.16,,,,,,,,,,,,,,,,,,,,,,,,,,,,,,,,,,,,,,,,,,,,,,0,,,,,,,,,,,,,,,,
2026-06-15,VSA DEP12374336,,218.1,"6,469.82",,-218.1,,,,,,,,,,,,,,,,,,,,,,,,,,,,,,,,,,,,,,,,,,,,,,0,,,,,,,,,,,,,,,,
2026-06-15,VSA FEE12233920,,-0.06,"6,469.76",,,,,,,,,,,,,,,,,,,0.06,,,,,,,,,,,,,,,,,,,,,,,,,,,,,0,,,,,,,,,,,,,,,,
2026-06-15,VSA FEE12233920,,-36.19,"6,433.57",,,,,,,,,,,,,,,,,,,36.19,,,,,,,,,,,,,,,,,,,,,,,,,,,,,0,,,,,,,,,,,,,,,,
2026-06-15,VSA FEE12233920,,-2.48,"6,431.09",,,,,,,,,,,,,,,,,,,2.48,,,,,,,,,,,,,,,,,,,,,,,,,,,,,0,,,,,,,,,,,,,,,,
2026-06-16,Direct Deposits (PDS) service total,GRADS8318600000,-1581.14,"4,849.95",,,,,,,,,,,,,,,,,,,1581.14,,,,,,,,,,,,,,,,,,,,,,,,,,,,,0,,,,,,,,,,,,,,,,
2026-06-16,Online Banking payment - 0466,OUTDOOR GEAR,-654.48,"4,195.47",,,,,,,,,,,,,,,,,,,654.48,,,,,,,,,,,,,,,,,,,,,,,,,,,,,0,,,,,,,,,,,,,,,,
2026-06-16,Misc Payment,RBC CREDIT CARD,-34,"4,161.47",,,,,,,,,,,,,,,,,,,,,,,,,,,,34,,,,,,,,,,,,,,,,,,,,0,,TRF-V7-008,CAN 2190 CAD,,,,,,,,,,,,,124
2026-06-16,Misc Payment,RBC CREDIT CARD,-21410.04,"-17,248.57",,,,,,,,,,,,,,,,,,,,,,,,,,,,21410.04,,,,,,,,,,,,,,,,,,,,0,,TRF-V4-011,CAN 2110 CAD,N,,,,,,,,,,,,125
2026-06-16,Misc Payment,RBC CREDIT CARD,-2530.01,"-19,778.58",,,,,,,,,,,,,,,,,,,,,,,,,,,,2530.01,,,,,,,,,,,,,,,,,,,,0,,TRF-V5-012,CAN 2130 CAD,N,,,,,,,,,,,,126
2026-06-16,LOAN PAYMENT,,-5000,"-24,778.58",,,,,,,,,,,,,,,,,,,,,,,,,,,5000,,,,,,,,,,,,,,,,,,,,,0,,TRF-070,CAN 1050 CAD$,N,-3635,,,,,,,,,,,127
2026-06-16,MC DEP 12233920,,3083.97,"-21,694.61",,-3083.97,,,,,,,,,,,,,,,,,,,,,,,,,,,,,,,,,,,,,,,,,,,,,,0,,,,,,,,,,,,,,,,
2026-06-16,MC FEE 12233920,,-70.12,"-21,764.73",,,,,,,,,,,,,,,,,,,70.12,,,,,,,,,,,,,,,,,,,,,,,,,,,,,0,,,,,,,,,,,,,,,,
2026-06-16,VSA DEP12374336,,1035.44,"-20,729.29",,-1035.44,,,,,,,,,,,,,,,,,,,,,,,,,,,,,,,,,,,,,,,,,,,,,,0,,,,,,,,,,,,,,,,
2026-06-16,VSA FEE12233920,,-0.56,"-20,729.85",,,,,,,,,,,,,,,,,,,0.56,,,,,,,,,,,,,,,,,,,,,,,,,,,,,0,,,,,,,,,,,,,,,,
2026-06-17,Misc Payment,HSA CAD CAN,-376.28,"-21,106.13",,,,,,,,,,,,,,,,,,,376.28,,,,,,,,,,,,,,,,,,,,,,,,,,,,,0,,,,,,,,,,,,,,,,
2026-06-17,Misc Payment,STRIPE,1966.49,"-19,139.64",,-1966.49,,,,,,,,,,,,,,,,,,,,,,,,,,,,,,,,,,,,,,,,,,,,,,0,,,,,,,,,,,,,,,,
2026-06-17,AMX DEP12233920,,91.73,"-19,047.91",,-91.73,,,,,,,,,,,,,,,,,,,,,,,,,,,,,,,,,,,,,,,,,,,,,,0,,,,,,,,,,,,,,,,
2026-06-17,EF0617 12374336,,81.28,"-18,966.63",,-81.28,,,,,,,,,,,,,,,,,,,,,,,,,,,,,,,,,,,,,,,,,,,,,,0,,,,,,,,,,,,,,,,
2026-06-17,LOAN CREDIT,,25000,"6,033.37",,,,,,,,,,,,,,,,,,,,,,,,,,-25000,,,,,,,,,,,,,,,,,,,,,,0,,TRF-071,CAN 1050 CAD$,N,18175,,,,,,,,,,,128
2026-06-17,MC DEP 12233920,,2279.12,"8,312.49",,-2279.12,,,,,,,,,,,,,,,,,,,,,,,,,,,,,,,,,,,,,,,,,,,,,,0,,,,,,,,,,,,,,,,
2026-06-17,MC FEE 12233920,,-43.89,"8,268.60",,,,,,,,,,,,,,,,,,,43.89,,,,,,,,,,,,,,,,,,,,,,,,,,,,,0,,,,,,,,,,,,,,,,
2026-06-17,VSA DEP12233920,,5708.01,"13,976.61",,-5708.01,,,,,,,,,,,,,,,,,,,,,,,,,,,,,,,,,,,,,,,,,,,,,,0,,,,,,,,,,,,,,,,
2026-06-17,VSA FEE12233920,,-136.5,"13,840.11",,,,,,,,,,,,,,,,,,,136.5,,,,,,,,,,,,,,,,,,,,,,,,,,,,,0,,,,,,,,,,,,,,,,
2026-06-18,Credit memo,FT917251836,56344,"70,184.11",,,,,,,,,,,,,,,,,,,,,,,,,,-56344,,,,,,,,,,,,,,,,,,,,,,0,,TRF-102,CAN 1015 USD,Y,40962.088,,,,,,,,,,,129
2026-06-18,Misc Payment,PAYPAL,2072.2,"72,256.31",,-2072.2,,,,,,,,,,,,,,,,,,,,,,,,,,,,,,,,,,,,,,,,,,,,,,0,,,,,,,,,,,,,,,,
2026-06-18,Misc Payment,STRIPE,3483.61,"75,739.92",,-3483.61,,,,,,,,,,,,,,,,,,,,,,,,,,,,,,,,,,,,,,,,,,,,,,0,,,,,,,,,,,,,,,,
2026-06-18,LOAN PAYMENT,,-10000,"65,739.92",,,,,,,,,,,,,,,,,,,,,,,,,,,10000,,,,,,,,,,,,,,,,,,,,,0,,TRF-072,CAN 1050 CAD$,N,-7270,,,,,,,,,,,130
2026-06-18,MC DEP 12233920,,147,"65,886.92",,-147,,,,,,,,,,,,,,,,,,,,,,,,,,,,,,,,,,,,,,,,,,,,,,0,,,,,,,,,,,,,,,,
2026-06-18,MC FEE 12233920,,-2.8,"65,884.12",,,,,,,,,,,,,,,,,,,2.8,,,,,,,,,,,,,,,,,,,,,,,,,,,,,0,,,,,,,,,,,,,,,,
2026-06-18,VSA DEP12233920,,593.62,"66,477.74",,-593.62,,,,,,,,,,,,,,,,,,,,,,,,,,,,,,,,,,,,,,,,,,,,,,0,,,,,,,,,,,,,,,,
2026-06-18,VSA DEP12374336,,81.44,"66,559.18",,-81.44,,,,,,,,,,,,,,,,,,,,,,,,,,,,,,,,,,,,,,,,,,,,,,0,,,,,,,,,,,,,,,,
2026-06-18,VSA FEE12233920,,-10.29,"66,548.89",,,,,,,,,,,,,,,,,,,10.29,,,,,,,,,,,,,,,,,,,,,,,,,,,,,0,,,,,,,,,,,,,,,,
2026-06-19,Direct Deposits (PDS) service total,GRADS8318600000,-1258.1,"65,290.79",,,,,,,,,,,,,,,,,,,1258.1,,,,,,,,,,,,,,,,,,,,,,,,,,,,,0,,,,,,,,,,,,,,,,
2026-06-19,Misc Payment,HSA CAD CAN,-198.04,"65,092.75",,,,,,,,,,,,,,,,,,,198.04,,,,,,,,,,,,,,,,,,,,,,,,,,,,,0,,,,,,,,,,,,,,,,
2026-06-19,LOAN PAYMENT,,-25000,"40,092.75",,,,,,,,,,,,,,,,,,,,,,,,,,,25000,,,,,,,,,,,,,,,,,,,,,0,,TRF-073,CAN 1050 CAD$,N,-18175,,,,,,,,,,,131
2026-06-19,MC DEP 12233920,,1430.01,"41,522.76",,-1430.01,,,,,,,,,,,,,,,,,,,,,,,,,,,,,,,,,,,,,,,,,,,,,,0,,,,,,,,,,,,,,,,
2026-06-19,MC FEE 12233920,,-31.39,"41,491.37",,,,,,,,,,,,,,,,,,,31.39,,,,,,,,,,,,,,,,,,,,,,,,,,,,,0,,,,,,,,,,,,,,,,
2026-06-19,VSA DEP12374336,,36.94,"41,528.31",,-36.94,,,,,,,,,,,,,,,,,,,,,,,,,,,,,,,,,,,,,,,,,,,,,,0,,,,,,,,,,,,,,,,
2026-06-19,VSA FEE12233920,,-0.29,"41,528.02",,,,,,,,,,,,,,,,,,,0.29,,,,,,,,,,,,,,,,,,,,,,,,,,,,,0,,,,,,,,,,,,,,,,
2026-06-22,Online transfer sent - 3900,1894 Holdings Ltd.,-5000,"36,528.02",,,,,,,,,,,,,,,,,,,,,,,,,,,5000,,,,,,,,,,,,,,,,,,,,,0,,,,,,,,,,,,,,,,
2026-06-22,Other loan,Loan interest,-28.11,"36,499.91",,28.11,,,,,,,,,,,,,,,,,,,,,,,,,,,,,,,,,,,,,,,,,,,,,,0,,,,,,,,,,,,,,,,
2026-06-22,Misc Payment,STRIPE,5816.57,"42,316.48",,-5816.57,,,,,,,,,,,,,,,,,,,,,,,,,,,,,,,,,,,,,,,,,,,,,,0,,,,,,,,,,,,,,,,
2026-06-22,e-Transfer sent,UROC,-1000,"41,316.48",,,,,,,,,,,,,,,,,,,1000,,,,,,,,,,,,,,,,,,,,,,,,,,,,,0,,,,,,,,,,,,,,,,
2026-06-22,MC DEP 12233920,,3532.25,"44,848.73",,-3532.25,,,,,,,,,,,,,,,,,,,,,,,,,,,,,,,,,,,,,,,,,,,,,,0,,,,,,,,,,,,,,,,
2026-06-22,MC DEP 12233920,,521.44,"45,370.17",,-521.44,,,,,,,,,,,,,,,,,,,,,,,,,,,,,,,,,,,,,,,,,,,,,,0,,,,,,,,,,,,,,,,
2026-06-22,MC DEP 12374336,,427,"45,797.17",,-427,,,,,,,,,,,,,,,,,,,,,,,,,,,,,,,,,,,,,,,,,,,,,,0,,,,,,,,,,,,,,,,
2026-06-22,MC FEE 12233920,,-75.35,"45,721.82",,,,,,,,,,,,,,,,,,,75.35,,,,,,,,,,,,,,,,,,,,,,,,,,,,,0,,,,,,,,,,,,,,,,
2026-06-22,MC FEE 12233920,,-0.01,"45,721.81",,,,,,,,,,,,,,,,,,,0.01,,,,,,,,,,,,,,,,,,,,,,,,,,,,,0,,,,,,,,,,,,,,,,
2026-06-22,MC FEE 12233920,,-11.4,"45,710.41",,,,,,,,,,,,,,,,,,,11.4,,,,,,,,,,,,,,,,,,,,,,,,,,,,,0,,,,,,,,,,,,,,,,
2026-06-22,VSA DEP12233920,,5238.87,"50,949.28",,-5238.87,,,,,,,,,,,,,,,,,,,,,,,,,,,,,,,,,,,,,,,,,,,,,,0,,,,,,,,,,,,,,,,
2026-06-22,VSA DEP12233920,,1488.68,"52,437.96",,-1488.68,,,,,,,,,,,,,,,,,,,,,,,,,,,,,,,,,,,,,,,,,,,,,,0,,,,,,,,,,,,,,,,
2026-06-22,VSA DEP12233920,,3117.9,"55,555.86",,-3117.9,,,,,,,,,,,,,,,,,,,,,,,,,,,,,,,,,,,,,,,,,,,,,,0,,,,,,,,,,,,,,,,
2026-06-22,VSA DEP12374336,,170,"55,725.86",,-170,,,,,,,,,,,,,,,,,,,,,,,,,,,,,,,,,,,,,,,,,,,,,,0,,,,,,,,,,,,,,,,
2026-06-22,VSA FEE12233920,,-28.62,"55,697.24",,,,,,,,,,,,,,,,,,,28.62,,,,,,,,,,,,,,,,,,,,,,,,,,,,,0,,,,,,,,,,,,,,,,
2026-06-22,VSA FEE12233920,,-61.32,"55,635.92",,,,,,,,,,,,,,,,,,,61.32,,,,,,,,,,,,,,,,,,,,,,,,,,,,,0,,,,,,,,,,,,,,,,
2026-06-22,VSA FEE12233920,,-99.61,"55,536.31",,,,,,,,,,,,,,,,,,,99.61,,,,,,,,,,,,,,,,,,,,,,,,,,,,,0,,,,,,,,,,,,,,,,
2026-06-23,Payroll Deposit,INTUIT 11446803,-1874.31,"53,662.00",,,,,,,,,,,,,,,,,,,1874.31,,,,,,,,,,,,,,,,,,,,,,,,,,,,,0,,,,,,,,,,,,,,,,
2026-06-23,Payroll Deposit,INTUIT 11446803,-2728.21,"50,933.79",,,,,,,,,,,,,,,,,,,2728.21,,,,,,,,,,,,,,,,,,,,,,,,,,,,,0,,,,,,,,,,,,,,,,
2026-06-23,Payroll Deposit,INTUIT 11446803,-2594.32,"48,339.47",,,,,,,,,,,,,,,,,,,2594.32,,,,,,,,,,,,,,,,,,,,,,,,,,,,,0,,,,,,,,,,,,,,,,
2026-06-23,Payroll Deposit,INTUIT 11446803,-2165.91,"46,173.56",,,,,,,,,,,,,,,,,,,2165.91,,,,,,,,,,,,,,,,,,,,,,,,,,,,,0,,,,,,,,,,,,,,,,
2026-06-23,Payroll Deposit,INTUIT 11446803,-1843.86,"44,329.70",,,,,,,,,,,,,,,,,,,1843.86,,,,,,,,,,,,,,,,,,,,,,,,,,,,,0,,,,,,,,,,,,,,,,
2026-06-23,Payroll Deposit,INTUIT 11446803,-1315.03,"43,014.67",,,,,,,,,,,,,,,,,,,1315.03,,,,,,,,,,,,,,,,,,,,,,,,,,,,,0,,,,,,,,,,,,,,,,
2026-06-23,Payroll Deposit,INTUIT 11446803,-2096.76,"40,917.91",,,,,,,,,,,,,,,,,,,2096.76,,,,,,,,,,,,,,,,,,,,,,,,,,,,,0,,,,,,,,,,,,,,,,
2026-06-23,Payroll Deposit,INTUIT 11446803,-1956.97,"38,960.94",,,,,,,,,,,,,,,,,,,1956.97,,,,,,,,,,,,,,,,,,,,,,,,,,,,,0,,,,,,,,,,,,,,,,
2026-06-23,Payroll Deposit,INTUIT 11446803,-1717.04,"37,243.90",,,,,,,,,,,,,,,,,,,1717.04,,,,,,,,,,,,,,,,,,,,,,,,,,,,,0,,,,,,,,,,,,,,,,
2026-06-23,Payroll Deposit,INTUIT 11446803,-1397.61,"35,846.29",,,,,,,,,,,,,,,,,,,1397.61,,,,,,,,,,,,,,,,,,,,,,,,,,,,,0,,,,,,,,,,,,,,,,
2026-06-23,Payroll Deposit,INTUIT 11446803,-2096.24,"33,750.05",,,,,,,,,,,,,,,,,,,2096.24,,,,,,,,,,,,,,,,,,,,,,,,,,,,,0,,,,,,,,,,,,,,,,
2026-06-23,Payroll Deposit,INTUIT 11446803,-1868.88,"31,881.17",,,,,,,,,,,,,,,,,,,1868.88,,,,,,,,,,,,,,,,,,,,,,,,,,,,,0,,,,,,,,,,,,,,,,
2026-06-23,Payroll Deposit,INTUIT 11446803,-1970.11,"29,911.06",,,,,,,,,,,,,,,,,,,1970.11,,,,,,,,,,,,,,,,,,,,,,,,,,,,,0,,,,,,,,,,,,,,,,
2026-06-23,Payroll Deposit,INTUIT 11446803,-1797.07,"28,113.99",,,,,,,,,,,,,,,,,,,1797.07,,,,,,,,,,,,,,,,,,,,,,,,,,,,,0,,,,,,,,,,,,,,,,
2026-06-23,Payroll Deposit,INTUIT 11446803,-812.49,"27,301.50",,,,,,,,,,,,,,,,,,,812.49,,,,,,,,,,,,,,,,,,,,,,,,,,,,,0,,,,,,,,,,,,,,,,
2026-06-23,Payroll Deposit,INTUIT 11446803,-2219.18,"25,082.32",,,,,,,,,,,,,,,,,,,2219.18,,,,,,,,,,,,,,,,,,,,,,,,,,,,,0,,,,,,,,,,,,,,,,
2026-06-23,Payroll Deposit,INTUIT 11446803,-1550.16,"23,532.16",,,,,,,,,,,,,,,,,,,1550.16,,,,,,,,,,,,,,,,,,,,,,,,,,,,,0,,,,,,,,,,,,,,,,
2026-06-23,Payroll Deposit,INTUIT 11446803,-1511.26,"22,020.90",,,,,,,,,,,,,,,,,,,1511.26,,,,,,,,,,,,,,,,,,,,,,,,,,,,,0,,,,,,,,,,,,,,,,
2026-06-23,Misc Payment,STRIPE,2807.02,"24,827.92",,-2807.02,,,,,,,,,,,,,,,,,,,,,,,,,,,,,,,,,,,,,,,,,,,,,,0,,,,,,,,,,,,,,,,
2026-06-23,MC DEP 12233920,,465.75,"25,293.67",,-465.75,,,,,,,,,,,,,,,,,,,,,,,,,,,,,,,,,,,,,,,,,,,,,,0,,,,,,,,,,,,,,,,
2026-06-23,MC DEP 12374336,,562.98,"25,856.65",,-562.98,,,,,,,,,,,,,,,,,,,,,,,,,,,,,,,,,,,,,,,,,,,,,,0,,,,,,,,,,,,,,,,
2026-06-23,MC FEE 12233920,,-8.74,"25,847.91",,,,,,,,,,,,,,,,,,,8.74,,,,,,,,,,,,,,,,,,,,,,,,,,,,,0,,,,,,,,,,,,,,,,
2026-06-23,VSA DEP12233920,,49.09,"25,897.00",,-49.09,,,,,,,,,,,,,,,,,,,,,,,,,,,,,,,,,,,,,,,,,,,,,,0,,,,,,,,,,,,,,,,
2026-06-23,VSA DEP12374336,,22.39,"25,919.39",,-22.39,,,,,,,,,,,,,,,,,,,,,,,,,,,,,,,,,,,,,,,,,,,,,,0,,,,,,,,,,,,,,,,
2026-06-23,VSA FEE12233920,,-1.28,"25,918.11",,,,,,,,,,,,,,,,,,,1.28,,,,,,,,,,,,,,,,,,,,,,,,,,,,,0,,,,,,,,,,,,,,,,
2026-06-24,MC DEP 12233920,,31.5,"25,949.61",,-31.5,,,,,,,,,,,,,,,,,,,,,,,,,,,,,,,,,,,,,,,,,,,,,,0,,,,,,,,,,,,,,,,
2026-06-24,MC DEP 12374336,,224,"26,173.61",,-224,,,,,,,,,,,,,,,,,,,,,,,,,,,,,,,,,,,,,,,,,,,,,,0,,,,,,,,,,,,,,,,
2026-06-24,MC FEE 12233920,,-0.7,"26,172.91",,,,,,,,,,,,,,,,,,,0.7,,,,,,,,,,,,,,,,,,,,,,,,,,,,,0,,,,,,,,,,,,,,,,
2026-06-24,VSA DEP12233920,,6379.7,"32,552.61",,-6379.7,,,,,,,,,,,,,,,,,,,,,,,,,,,,,,,,,,,,,,,,,,,,,,0,,,,,,,,,,,,,,,,
2026-06-24,VSA DEP12374336,,785.93,"33,338.54",,-785.93,,,,,,,,,,,,,,,,,,,,,,,,,,,,,,,,,,,,,,,,,,,,,,0,,,,,,,,,,,,,,,,
2026-06-24,VSA FEE12233920,,-115.62,"33,222.92",,,,,,,,,,,,,,,,,,,115.62,,,,,,,,,,,,,,,,,,,,,,,,,,,,,0,,,,,,,,,,,,,,,,
2026-06-25,MC DEP 12233920,,4548.97,"37,771.89",,-4548.97,,,,,,,,,,,,,,,,,,,,,,,,,,,,,,,,,,,,,,,,,,,,,,0,,,,,,,,,,,,,,,,
2026-06-25,MC FEE 12233920,,-93.73,"37,678.16",,,,,,,,,,,,,,,,,,,93.73,,,,,,,,,,,,,,,,,,,,,,,,,,,,,0,,,,,,,,,,,,,,,,
2026-06-25,VSA DEP12233920,,894.47,"38,572.63",,-894.47,,,,,,,,,,,,,,,,,,,,,,,,,,,,,,,,,,,,,,,,,,,,,,0,,,,,,,,,,,,,,,,
2026-06-25,VSA FEE12233920,,-15.22,"38,557.41",,,,,,,,,,,,,,,,,,,15.22,,,,,,,,,,,,,,,,,,,,,,,,,,,,,0,,,,,,,,,,,,,,,,
2026-06-26,EF0626 12374336,,84.53,"38,641.94",,-84.53,,,,,,,,,,,,,,,,,,,,,,,,,,,,,,,,,,,,,,,,,,,,,,0,,,,,,,,,,,,,,,,
2026-06-26,MC DEP 12233920,,2806.73,"41,448.67",,-2806.73,,,,,,,,,,,,,,,,,,,,,,,,,,,,,,,,,,,,,,,,,,,,,,0,,,,,,,,,,,,,,,,
2026-06-26,MC DEP 12374336,,1543.34,"42,992.01",,-1543.34,,,,,,,,,,,,,,,,,,,,,,,,,,,,,,,,,,,,,,,,,,,,,,0,,,,,,,,,,,,,,,,
2026-06-26,MC FEE 12233920,,-62.43,"42,929.58",,,,,,,,,,,,,,,,,,,62.43,,,,,,,,,,,,,,,,,,,,,,,,,,,,,0,,,,,,,,,,,,,,,,
2026-06-26,VSA DEP12233920,,4824.27,"47,753.85",,-4824.27,,,,,,,,,,,,,,,,,,,,,,,,,,,,,,,,,,,,,,,,,,,,,,0,,,,,,,,,,,,,,,,
2026-06-26,VSA DEP12374336,,336,"48,089.85",,-336,,,,,,,,,,,,,,,,,,,,,,,,,,,,,,,,,,,,,,,,,,,,,,0,,,,,,,,,,,,,,,,
2026-06-26,VSA FEE12233920,,-109.33,"47,980.52",,,,,,,,,,,,,,,,,,,109.33,,,,,,,,,,,,,,,,,,,,,,,,,,,,,0,,,,,,,,,,,,,,,,
2026-06-29,Misc Payment,HSA CAD CAN,-125.87,"47,854.65",,,,,,,,,,,,,,,,,,,125.87,,,,,,,,,,,,,,,,,,,,,,,,,,,,,0,,,,,,,,,,,,,,,,
2026-06-29,e-Transfer sent,Lief Rodgers,-2000,"45,854.65",,,,,,,,,,,,,,,,,,,2000,,,,,,,,,,,,,,,,,,,,,,,,,,,,,0,,,,,,,,,,,,,,,,
2026-06-29,Misc Payment,PAYPAL,742.27,"46,596.92",,-742.27,,,,,,,,,,,,,,,,,,,,,,,,,,,,,,,,,,,,,,,,,,,,,,0,,,,,,,,,,,,,,,,
2026-06-29,Misc Payment,STRIPE,3432.39,"50,029.31",,-3432.39,,,,,,,,,,,,,,,,,,,,,,,,,,,,,,,,,,,,,,,,,,,,,,0,,,,,,,,,,,,,,,,
2026-06-29,AMX DEP12374336,,1050,"51,079.31",,-1050,,,,,,,,,,,,,,,,,,,,,,,,,,,,,,,,,,,,,,,,,,,,,,0,,,,,,,,,,,,,,,,
2026-06-29,VSA DEP12233920,,2861.15,"53,940.46",,-2861.15,,,,,,,,,,,,,,,,,,,,,,,,,,,,,,,,,,,,,,,,,,,,,,0,,,,,,,,,,,,,,,,
2026-06-29,VSA DEP12233920,,69.57,"54,010.03",,-69.57,,,,,,,,,,,,,,,,,,,,,,,,,,,,,,,,,,,,,,,,,,,,,,0,,,,,,,,,,,,,,,,
2026-06-29,VSA DEP12233920,,270.67,"54,280.70",,-270.67,,,,,,,,,,,,,,,,,,,,,,,,,,,,,,,,,,,,,,,,,,,,,,0,,,,,,,,,,,,,,,,
2026-06-29,VSA DEP12374336,,878.07,"55,158.77",,-878.07,,,,,,,,,,,,,,,,,,,,,,,,,,,,,,,,,,,,,,,,,,,,,,0,,,,,,,,,,,,,,,,
2026-06-29,VSA FEE12233920,,-6.89,"55,151.88",,,,,,,,,,,,,,,,,,,6.89,,,,,,,,,,,,,,,,,,,,,,,,,,,,,0,,,,,,,,,,,,,,,,
2026-06-29,VSA FEE12233920,,-1.63,"55,150.25",,,,,,,,,,,,,,,,,,,1.63,,,,,,,,,,,,,,,,,,,,,,,,,,,,,0,,,,,,,,,,,,,,,,
2026-06-29,VSA FEE12233920,,-54.22,"55,096.03",,,,,,,,,,,,,,,,,,,54.22,,,,,,,,,,,,,,,,,,,,,,,,,,,,,0,,,,,,,,,,,,,,,,
2026-06-30,AMX DEP12374336,,69.37,"55,165.40",,-69.37,,,,,,,,,,,,,,,,,,,,,,,,,,,,,,,,,,,,,,,,,,,,,,0,,,,,,,,,,,,,,,,
2026-06-30,AMX FEE12233920,,-6.63,"55,158.77",,,,,,,,,,,,,,,,,,,6.63,,,,,,,,,,,,,,,,,,,,,,,,,,,,,0,,,,,,,,,,,,,,,,
2026-06-30,AMX FEE12374336,,-29.83,"55,128.94",,,,,,,,,,,,,,,,,,,29.83,,,,,,,,,,,,,,,,,,,,,,,,,,,,,0,,,,,,,,,,,,,,,,
2026-06-30,INT FEE12374336,,-0.71,"55,128.23",,,,,,,,,,,,,,,,,,,0.71,,,,,,,,,,,,,,,,,,,,,,,,,,,,,0,,,,,,,,,,,,,,,,
2026-06-30,MC DEP 12374336,,40.32,"55,168.55",,-40.32,,,,,,,,,,,,,,,,,,,,,,,,,,,,,,,,,,,,,,,,,,,,,,0,,,,,,,,,,,,,,,,
2026-06-30,MC FEE 12233920,,-10.52,"55,158.03",,,,,,,,,,,,,,,,,,,10.52,,,,,,,,,,,,,,,,,,,,,,,,,,,,,0,,,,,,,,,,,,,,,,
2026-06-30,MC FEE 12374336,,-153.23,"55,004.80",,,,,,,,,,,,,,,,,,,153.23,,,,,,,,,,,,,,,,,,,,,,,,,,,,,0,,,,,,,,,,,,,,,,
2026-06-30,MON FEE12233920,,-27.3,"54,977.50",,,,,,,,,,,,,,,,,,,27.3,,,,,,,,,,,,,,,,,,,,,,,,,,,,,0,,,,,,,,,,,,,,,,
2026-06-30,MON FEE12344503,,-27.3,"54,950.20",,,,,,,,,,,,,,,,,,,27.3,,,,,,,,,,,,,,,,,,,,,,,,,,,,,0,,,,,,,,,,,,,,,,
2026-06-30,MON FEE12374336,,-45.5,"54,904.70",,,,,,,,,,,,,,,,,,,45.5,,,,,,,,,,,,,,,,,,,,,,,,,,,,,0,,,,,,,,,,,,,,,,
2026-06-30,VSA DEP12233920,,4818.5,"59,723.20",,-4818.5,,,,,,,,,,,,,,,,,,,,,,,,,,,,,,,,,,,,,,,,,,,,,,0,,,,,,,,,,,,,,,,
2026-06-30,VSA DEP12374336,,67.2,"59,790.40",,-67.2,,,,,,,,,,,,,,,,,,,,,,,,,,,,,,,,,,,,,,,,,,,,,,0,,,,,,,,,,,,,,,,
2026-06-30,VSA FEE12233920,,-107.01,"59,683.39",,,,,,,,,,,,,,,,,,,107.01,,,,,,,,,,,,,,,,,,,,,,,,,,,,,0,,,,,,,,,,,,,,,,
2026-06-30,VSA FEE12374336,,-120.64,"59,562.75",,,,,,,,,,,,,,,,,,,120.64,,,,,,,,,,,,,,,,,,,,,,,,,,,,,0,,,,,,,,,,,,,,,,
,,,,,,,,,,,,,,,,,,,,,,,,,,,,,,,,,,,,,,,,,,,,,,,,,,,,,,,,,,,,,,,,,,,,
,,,,,,,,,,,,,,,,,,,,,,,,,,,,,,,,,,,,,,,,,,,,,,,,,,,,,,,,,,,,,,,,,,,,
TOTAL,,,826.98,,,"-1,165,137.77",0.00,0.00,0.00,0.00,0.00,0.00,0.00,0.00,0.00,0.00,0.00,0.00,0.00,0.00,0.00,0.00,"1,541,839.90",0.00,0.00,0.00,0.00,0.00,0.00,"-1,292,816.30","603,732.42","238,389.85",0.00,0.00,0.00,"14,426.38","58,738.54",0.00,0.00,0.00,0.00,0.00,0.00,0.00,0.00,0.00,0.00,0.00,0.00,0.00,0.00,0.00,,,,,,,,,,,,,,,,
,,,,,,,,,,,,,,,,,,,,,,,,,,,,,,,,,,,,,,,,,,,,,,,,,,,,,,,,,,,,,,,,,,,,
June Activity,,,32258.22,,,-149573.38,0,0,0,0,0,0,0,0,0,0,0,0,0,0,0,0,130258.73,0,0,0,0,0,0,-96344,45000,23974.05,0,0,0,14426.38,0,0,0,0,0,0,0,0,0,0,0,0,0,0,0,0,,,,,,,,,,,,,,,,
,,,,,,,,,,,,,,,,,,,,,,,,,,,,,,,,,,,,,,,,,,,,,,,,,,,,,,,,,,,,,,,,,,,,
check,0.00,,,,,,,,,,,,,,,,,,,,,,,,,,,,,,,,,,,,,,,,,,,,,,,,,,,,,,,,,,,,,,,,,,,
check,0.00,,,,,,,,,,,,,,,,,,,,,,,,,,,,,,,,,,,,,,,,,,,,,,,,,,,,,,,,,,,,,,,,,,,